id,document_id,title,slug,mission_status,mission_type,vehicle,launch_site,launch_date,launch_time,return_site,return_date_time,end_date,end_time,direct_to_cell,is_live,description,astronauts,webcast_id,webcast_platform,follow_dragon_enabled,launch_datetime,launch_year,success,has_landing
3830,jurktrmmfd04q8zjxo5u1ii5,Bluebird 8-10 Mission,bluebird8-10,upcoming,commercialSatellite,Falcon 9,"SLC-40, Florida",2026-06-17,02:39:00,Droneship,,,,False,False,"SpaceX is targeting Wednesday, June 17 for launch of AST SpaceMobile’s BlueBird 8-10 mission to orbit from Space Launch Complex 40 (SLC-40) at Cape Canaveral Space Force Station in Florida. Liftoff is targeted for 2:39 a.m. ET with additional opportunities available 4:15 a.m. ET. If needed, a backup launch opportunity is available on Thursday, June 18 during a launch window that opens at 2:19 a.m. ET.

A live webcast of this mission will begin about 15 minutes prior to liftoff, which you can watch here and on X @SpaceX.

This will be the 29th flight for the Falcon 9 first stage booster supporting this mission, which previously launched Crew-5, GPS III Space Vehicle 06, Inmarsat I6-F2, CRS-28, Intelsat G-37, NG-20, TD7, and 21 Starlink missions. After stage separation, the first stage will land on the A Shortfall of Gravitas droneship, which will be stationed in the Atlantic Ocean.",,,,False,2026-06-17 02:39:00,2026,False,True
3836,sdk965cto960bdi7bi201dt1,Starlink Mission,sl-10-54,final,starlink,Falcon 9,"SLC-40, Florida",2026-06-12,08:27:00,Droneship,,,,False,False,"On Friday, June 12 at 8:27 a.m. ET, Falcon 9 launched 29 Starlink satellites to low-Earth orbit from Space Launch Complex 40 (SLC-40) at Cape Canaveral Space Force Station in Florida.

This was the 27th flight for the first stage booster supporting this mission, which previously launched Ax-2, Euclid, Ax-3, CRS-30, SES ASTRA 1P, NG-21, and now 21 Starlink missions. Following stage separation, the first stage landed on the A Shortfall of Gravitas droneship, which was stationed in the Atlantic Ocean.",,2061885628925505740,x.com,False,2026-06-12 08:27:00,2026,True,True
3834,f2q44z85ou705o3rmwpqvfoo,Starlink Mission,sl-17-44,final,starlink,Falcon 9,"SLC-4E, California",2026-06-11,08:05:00,Droneship,,,,False,False,"On Thursday, June 11 at 8:05 a.m. PT, Falcon 9 launched 24 Starlink satellites to low-Earth orbit from Space Launch Complex 4 East (SLC-4E) at Vandenberg Space Force Base in California.

This was the 34th flight for the first stage booster supporting this mission, which previously launched NROL-87, NROL-85, SARah-1, SWOT, Transporter-8, Transporter-9, NROL-146, Bandwagon-2, NROL-153, NROL-192, Transporter-14, Transporter-15, CAS500-2, and now 21 Starlink missions. Following stage separation, the first stage landed on the Of Course I Still Love You droneship, which was stationed in the Pacific Ocean.

There was a possibility that residents of Santa Barbara, San Luis Obispo, and Ventura counties may have heard  one or more sonic booms during the launch, but what residents experienced depended on weather and other conditions.",,2057538174717477357,x.com,False,2026-06-11 08:05:00,2026,True,True
3827,m2pwmlkryxfeqifae149hefq,Starlink Mission,sl-10-35,final,starlink,Falcon 9,"SLC-40, Florida",2026-06-08,06:13:00,Droneship,,,,False,False,"On Monday, June 8 at 6:13 a.m. ET, Falcon 9 launched 29 Starlink satellites to low-Earth orbit from Space Launch Complex 40 (SLC-40) at Cape Canaveral Space Force Station in Florida.

This was the 35th flight for the first stage booster supporting this mission, which previously launched CRS-22, Crew-3, Turksat 5B, Crew-4, CRS-25, Eutelsat HOTBIRD 13G, SES O3B mPOWER-A, PSN SATRIA, Telkomsat Merah Putih 2, Galileo, Koreasat-6A, and now 24 Starlink missions. Following stage separation, the first stage landed on the A Shortfall of Gravitas droneship, which was stationed in the Atlantic Ocean.",,2059749268961779808,x.com,False,2026-06-08 06:13:00,2026,True,True
3825,pgcq22yc9k5xe1xju7pp7c8k,Starlink Mission,sl-17-43,final,starlink,Falcon 9,"SLC-4E, California",2026-06-07,00:24:00,Droneship,,,,False,False,"On Saturday, June 6 at 9:24 p.m. PT, Falcon 9 launched 21 Starlink satellites and two Starshield satellites to low-Earth orbit from Space Launch Complex 4 East (SLC-4E) at Vandenberg Space Force Base in California.

This was the 10th flight for the first stage booster supporting this mission, which previously launched Twilight, NROL-172, and now eight Starlink missions. Following stage separation, the first stage landed on the Of Course I Still Love You droneship, which was stationed in the Pacific Ocean.

There was a possibility that residents of Santa Barbara, San Luis Obispo, and Ventura counties may have heard  one or more sonic booms during the launch, but what residents experienced depended on weather and other conditions.",,2061528002408706288,x.com,False,2026-06-07 00:24:00,2026,True,True
3822,lrdmeoiief61ge70nckruqd9,Starlink Mission,sl-10-43,final,starlink,Falcon 9,"SLC-40, Florida",2026-06-04,06:26:00,Droneship,,,,False,False,"On Thursday, June 4 at 6:26 a.m. ET, Falcon 9 launched 29 Starlink satellites to low-Earth orbit from Space Launch Complex 40 (SLC-40) at Cape Canaveral Space Force Station in Florida.

This was the 12th flight for the first stage booster supporting this mission, which previously launched SES O3b mPOWER-E, Crew-10, Bandwagon-3, mPOWER-D, CRS-33, and now seven Starlink missions. Following stage separation, the first stage landed on the A Shortfall of Gravitas droneship, which was stationed in the Atlantic Ocean.",,2057535358191943918,x.com,False,2026-06-04 06:26:00,2026,True,True
3820,a7u1bbohlzap4wiq8es09abf,Starlink Mission,sl-17-47,final,starlink,Falcon 9,"SLC-4E, California",2026-06-03,08:40:00,Droneship,,,,False,False,"On Wednesday, June 3 at 8:40 a.m. PT, Falcon 9 launched 24 Starlink satellites to low-Earth orbit from Space Launch Complex 4 East (SLC-4E) at Vandenberg Space Force Base in California.

This was the 16th flight for the first stage booster supporting this mission, which previously launched NROL-126, Transporter-12, SPHEREx, NROL-57, and now 12 Starlink missions. Following stage separation, the first stage landed on the Of Course I Still Love You droneship, which was stationed in the Pacific Ocean.

There was a possibility that residents of Santa Barbara, San Luis Obispo, and Ventura counties may have heard  one or more sonic booms during the launch, but what residents experienced depended on weather and other conditions.",,2057151416754401295,x.com,False,2026-06-03 08:40:00,2026,True,True
3816,usywec8mzzp5gsr5s0joyf14,Starlink Mission,sl-17-41,final,starlink,Falcon 9,"SLC-4E, California",2026-05-30,10:25:00,Droneship,,,,False,False,"On Saturday, May 30 at 8:25 a.m. PT, Falcon 9 launched 24 Starlink satellites to low-Earth orbit from Space Launch Complex 4 East (SLC-4E) at Vandenberg Space Force Base in California.

This was the 22nd flight for the first stage booster supporting this mission, which previously launched USSF-62, OneWeb Launch 20, NROL-145, and now 19 Starlink missions. Following stage separation, the first stage landed on the Of Course I Still Love You droneship, which was stationed in the Pacific Ocean.

There was a possibility that residents of Santa Barbara, San Luis Obispo, and Ventura counties may have heard  one or more sonic booms during the launch, but what residents experienced depended on weather and other conditions.",,2055323440379232581,x.com,False,2026-05-30 10:25:00,2026,True,True
3812,mb52zb3i63o7sotxwh8fv7g5,Starlink Mission,sl-10-53,final,starlink,Falcon 9,"SLC-40, Florida",2026-05-29,08:57:00,Droneship,,,,False,False,"On Friday, May 29 at 8:57 a.m. ET, Falcon 9 launched 29 Starlink satellites to low-Earth orbit from Space Launch Complex 40 (SLC-40) at Cape Canaveral Space Force Station in Florida.

This was the 16th flight for the first stage booster supporting this mission, which previously launched Crew-9, RRT-1, Firefly Blue Ghost Mission 1, Fram2, SXM-10, MTG-S1, EchoStar XXV, and now nine Starlink missions. Following stage separation, the first stage landed on the A Shortfall of Gravitas droneship, which was stationed in the Atlantic Ocean.",,2057146860171645040,x.com,False,2026-05-29 08:57:00,2026,True,True
3809,qxn7ngwjk8zzjd7htykwhozb,Starlink Mission,sl-17-37,final,starlink,Falcon 9,"SLC-4E, California",2026-05-26,09:50:00,Droneship,,2026-05-26,,False,False,"On Tuesday, May 26 at 7:50 a.m. PT, Falcon 9 launched 24 Starlink satellites to low-Earth orbit from Space Launch Complex 4 East (SLC-4E) at Vandenberg Space Force Base in California.

This was the sixth flight for the first stage booster supporting this mission, which previously launched NROL-105 and now five Starlink missions. Following stage separation, the first stage landed on the Of Course I Still Love You droneship, which was stationed in the Pacific Ocean.

There was a possibility that residents of Santa Barbara, San Luis Obispo, and Ventura counties may have heard  one or more sonic booms during the launch, but what residents experienced depended on weather and other conditions.",,2049546677556494797,x.com,False,2026-05-26 09:50:00,2026,True,True
3808,vrmr359jqtjk6zzq0n33h5lk,Starlink Mission,sl-10-47,final,starlink,Falcon 9,"SLC-40, Florida",2026-05-25,07:48:00,Droneship,,,,False,False,"On Monday, May 25 at 7:48 a.m. ET, Falcon 9 launched 29 Starlink satellites to low-Earth orbit from Space Launch Complex 40 (SLC-40) at Cape Canaveral Space Force Station in Florida.

This was the 28th flight for the first stage booster supporting this mission, which previously launched Crew-6, SES O3b mPOWER-B, USSF-124, BlueBird 1-5, Nusantara Lima (PSN N5), and now 23 Starlink missions. Following stage separation, the first stage landed on the A Shortfall of Gravitas droneship, which was stationed in the Atlantic Ocean.",,2055306091710275636,x.com,False,2026-05-25 07:48:00,2026,True,True
3806,n5gcntla49eshqjdtqwgsisb,Starship's Twelfth Flight Test,starship-flight-12,final,starship,Starship,"Pad 2, Starbase",2026-05-22,17:30:00,Expended,,,,False,False,"On Friday, May 22, 2026, at 5:30 p.m. CT, Starship lifted off from Starbase, Texas on its twelfth flight test. This was the first flight of the Starship and Super Heavy V3 vehicles, the Raptor 3 engines, the first flight from Pad 2, and the first Starship flight to deploy modified Starlink satellites to image Starship in space.

The flight test began with Super Heavy igniting all 33 Raptor 3 engines and ascending over the Gulf of America. A single Raptor engine shut down during ascent. The successful first-stage ascent was followed by a hot-staging maneuver, with Starship’s upper stage igniting its six Raptor engines to continue its flight to space.

Following stage separation, the Super Heavy booster performed a directional flip maneuver and attempted its boostback burn. It was unable to light all planned engines and performed a partial boostback burn that ended early. Super Heavy attempted to reignite its engines for the landing burn before experiencing a hard splashdown in the Gulf of America.

During its ascent burn to space, Starship lost one of the Raptor 3 vacuum engines but demonstrated its engine-out capability and achieved its planned trajectory.

During coast, Starship successfully deployed all 20 Starlink simulators and two modified Starlink satellites that imaged Starship in space. These simulators and modified Starlink satellites were on the same suborbital trajectory as Starship.

Starship re-entered the Earth’s atmosphere and was able to gather critical data on the performance of its heatshield and structural strength. In the final minutes of flight, Starship performed a maneuver to intentionally stress the structural limits of the vehicle’s rear flaps and a dynamic banking move to mimic the trajectory that future missions returning to Starbase will fly. Starship then guided itself using its four flaps to the pre-planned splashdown zone in the Indian Ocean, and executed a landing flip, landing burn, and splashdown on two Raptor engines.",,2057843268038082848,x.com,False,2026-05-22 17:30:00,2026,True,True
3798,bx51bc8id2vmy5e0dlad0fdt,Starlink Mission,sl-10-31,final,starlink,Falcon 9,"SLC-40, Florida",2026-05-21,06:04:00,Droneship,,,,False,False,"On Thursday, May 21 at 6:04 a.m. ET, Falcon 9 launched 29 Starlink satellites to low-Earth orbit from Space Launch Complex 40 (SLC-40) at Cape Canaveral Space Force Station in Florida.

This was the 28th flight for the first stage booster supporting this mission, which previously launched Crew-5, GPS III Space Vehicle 06, Inmarsat I6-F2, CRS-28, Intelsat G-37, NG-20, TD7, and now 21 Starlink missions. Following stage separation, the first stage landed on the A Shortfall of Gravitas droneship, which was stationed in the Atlantic Ocean.",,2051657339216793699,x.com,False,2026-05-21 06:04:00,2026,True,True
3790,hpauo6qgf6eh2vcayigf4n8c,Starlink Mission,sl-17-42,final,starlink,Falcon 9,"SLC-4E, California",2026-05-19,19:42:00,Droneship,,,,False,False,"On Tuesday, May 19 at 7:46 p.m. PT, Falcon 9 launched 24 Starlink satellites to low-Earth orbit from Space Launch Complex 4 East (SLC-4E) at Vandenberg Space Force Base in California.

This was the second flight for the first stage booster supporting this mission, which has now launched two Starlink missions. Following stage separation, the first stage landed on the Of Course I Still Love You droneship, which was stationed in the Pacific Ocean.

There was a possibility that residents of Santa Barbara, San Luis Obispo, and Ventura counties may have heard  one or more sonic booms during the launch, but what residents experienced depended on weather and other conditions.",,2051316239218192819,x.com,False,2026-05-19 19:42:00,2026,True,True
3782,elnena21t2ckv89xkroume2q,CRS-34 Mission,crs-34,in-progress,resupply,Falcon 9,"SLC-40, Florida",2026-05-15,18:05:00,Landing Zone,June 2026,,,False,False,"On Friday, May 15 at 6:05 p.m. ET, Falcon 9 launched Dragon’s 34th Commercial Resupply Services (CRS-34) mission to the International Space Station from Space Launch Complex 40 (SLC-40) at Cape Canaveral Space Force Station in Florida. After an approximate 36-hour flight, Dragon will autonomously dock with the orbiting laboratory on Sunday, May 17 at approximately 7:00 a.m. ET.

CRS-34 is the sixth flight of the Dragon spacecraft supporting this mission, which previously flew CRS-22, CRS-24, CRS-27, CRS-30, and CRS-32 to and from the space station.

This was the sixth flight of the first stage booster supporting this mission, which previously launched KF-01, IMAP, NROL-77, GPS III-9, and one Starlink mission. Following stage separation, the first stage landed on Landing Zone 40 at Cape Canaveral Space Force Station in Florida.",,2054699630135259538,x.com,False,2026-05-15 18:05:00,2026,False,True
3770,ro9kc5tkw3ugsma1pivylcnz,NROL-172 Mission,nrol172,final,nssl,Falcon 9,"SLC-4E, California",2026-05-11,19:13:00,Droneship,,,,False,False,"On Monday, May 11 at 7:13 p.m. PT, Falcon 9 launched the NROL-172 mission from Space Launch Complex 4E (SLC-4E) at Vandenberg Space Force Base in California.

This was the ninth flight for the first stage booster supporting this mission, which previously launched Sentinel-6B, Twilight, and six Starlink missions. Following stage separation, the first stage landed on the Of Course I Still Love You droneship, which was stationed in the Pacific Ocean.

There was the possibility that residents of Santa Barbara, San Luis Obispo, and Ventura counties may have heard  one or more sonic booms during the launch, but what residents experienced depended on weather and other conditions.",,2051715251154866379,x.com,False,2026-05-11 19:13:00,2026,True,True
3757,c21yul0wlasydp0egtt2xicu,Starlink Mission,sl-17-29,final,starlink,Falcon 9,"SLC-4E, California",2026-05-05,20:59:00,Droneship,,,,False,False,"On Tuesday, May 5 at 8:59 p.m. PT, Falcon 9 launched 24 Starlink satellites to low-Earth orbit from Space Launch Complex 4 East (SLC-4E) at Vandenberg Space Force Base in California.

This was the 24th flight for the first stage booster supporting this mission, which previously launched Crew-7, CRS-29, PACE, Transporter-10, EarthCARE, NROL-186, Transporter-13, TRACERS, NROL-48, COSMO-SkyMed Second Generation FM3, and now 14 Starlink missions. Following stage separation, the first stage landed on the Of Course I Still Love You droneship, which was stationed in the Pacific Ocean.

There was a possibility that residents of Santa Barbara, San Luis Obispo, and Ventura counties may have heard  one or more sonic booms during the launch, but what residents experienced depended on weather and other conditions.",,2047390315544244457,x.com,False,2026-05-05 20:59:00,2026,True,True
3753,xxjpj969p7rkaxdgvls5fhc2,CAS500-2 Mission,cas500-2,final,rideshare,Falcon 9,"SLC-4E, California",2026-05-03,00:00:00,Landing Zone,,,,False,False,"On Sunday, May 3 at 12:00 a.m. PT, Falcon 9 launched the CAS500-2 mission to low-Earth orbit from Space Launch Complex 4E (SLC-4E) at Vandenberg Space Force Base in California.

This was the 33rd flight for the first stage booster supporting this mission, which previously launched NROL-87, NROL-85, SARah-1, SWOT, Transporter-8, Transporter-9, NROL-146, Bandwagon-2, NROL-153, NROL-192, Transporter-14, Transporter-15, and 20 Starlink missions. Following stage separation, the first stage landed on Landing Zone 4 (LZ-4) at Vandenberg Space Force Base.

There were 45 payloads on board this mission for KAI, Argotec S.r.l, Exolaunch, Impulso.Space, Loft-EarthDaily, Lynk, True Anomaly, and Planet Labs.

There was a possibility that residents of Santa Barbara, San Luis Obispo, and Ventura counties may have heard  one or more sonic booms during the launch, but what residents experienced depended on weather and other conditions.",,2047675023356256730,x.com,False,2026-05-03 00:00:00,2026,True,True
3745,t8e09sw6ead304d5iji72qeq,Starlink Mission,sl-10-38,final,starlink,Falcon 9,"SLC-40, Florida",2026-05-01,14:06:00,Droneship,,,,False,False,"On Friday, May 1 at 2:06 p.m. ET, Falcon 9 launched 29 Starlink satellites to low-Earth orbit from Space Launch Complex 40 (SLC-40) at Cape Canaveral Space Force Station in Florida.

This was the 31st flight for the first stage booster supporting this mission, which previously launched CRS-24, Eutelsat HOTBIRD 13F, OneWeb 1, SES-18 and SES-19, and now 27 Starlink missions. Following stage separation, the first stage landed on the A Shortfall of Gravitas droneship, which was stationed in the Atlantic Ocean.",,2045988089319850470,x.com,False,2026-05-01 14:06:00,2026,True,True
3733,nqvqcsi5jctm1o3kzxc0qaf8,Starlink Mission,sl-17-36,final,starlink,Falcon 9,"SLC-4E, California",2026-04-29,19:24:00,Droneship,,,,False,False,"On Wednesday, April 29 at 7:42 p.m. PT, Falcon 9 launched 24 Starlink satellites to low-Earth orbit from Space Launch Complex 4 East (SLC-4E) at Vandenberg Space Force Base in California.

This was the 13th flight for the first stage booster supporting this mission, which previously launched SDA T1TL-B, SDA T1TL-C, Transporter-16, and now 11 Starlink missions. Following stage separation, the first stage landed on the Of Course I Still Love You droneship, which was stationed in the Pacific Ocean.

There was a possibility that residents of Santa Barbara, San Luis Obispo, and Ventura counties may have heard  one or more sonic booms during the launch, but what residents experienced depended on weather and other conditions.",,2044111826875547841,x.com,False,2026-04-29 19:24:00,2026,True,True
3730,burf7awsy3kyx26e69y8dsy1,Viasat-3 F3 Mission,viasat3f3,final,commercialSatellite,Falcon Heavy,"LC-39A, Florida",2026-04-29,10:13:00,Landing Zone / Expended,,,,False,False,"On Wednesday, April 29 at 10:13 a.m. ET Falcon Heavy launched the ViaSat-3 F3 mission to geosynchronous transfer orbit from Launch Complex 39A (LC-39A) at Kennedy Space Center in Florida.

One of the side boosters on this mission previously supported SDA-0A, SARah-2, Transporter-11, and 18 Starlink missions, and the second previously supported launch of the GOES-U mission. Following stage separation, Falcon Heavy’s two side boosters landed on SpaceX’s Landing Zones 2 and 40 (LZ-2 and LZ-40) at Cape Canaveral Space Force Station in Florida.",,2048823719355613419,x.com,False,2026-04-29 10:13:00,2026,True,True
3723,fo0j1mgu7ujtbed5xl4j4h3u,Starlink Mission,sl-17-16,final,starlink,Falcon 9,"SLC-4E, California",2026-04-26,07:37:00,Droneship,,,,False,False,"On Sunday, April 26 at 7:37 a.m. PT, Falcon 9 launched 25 Starlink satellites to low-Earth orbit from Space Launch Complex 4 East (SLC-4E) at Vandenberg Space Force Base in California.

This was the 15th flight for the first stage booster supporting this mission, which previously launched NROL-126, Transporter-12, SPHEREx, NROL-57, and now 11 Starlink missions. Following stage separation, the first stage landed on the Of Course I Still Love You droneship, which was stationed in the Pacific Ocean.

There was a possibility that residents of Santa Barbara, San Luis Obispo, and Ventura counties may have heard  one or more sonic booms during the launch, but what residents experienced depended on weather and other conditions.",,2044094744981016681,x.com,False,2026-04-26 07:37:00,2026,True,True
3720,nwade9lk55be4gs1otl8b9mb,Starlink Mission,sl-17-14,final,starlink,Falcon 9,"SLC-4E, California",2026-04-22,20:23:00,Droneship,,,,False,False,"On Wednesday, April 23 at 8:23 p.m. PT, Falcon 9 launched 24 Starlink satellites to low-Earth orbit from Space Launch Complex 4 East (SLC-4E) at Vandenberg Space Force Base in California.

This was the fifth flight for the first stage booster supporting this mission, which previously launched NROL-105 and now four Starlink missions. Following stage separation, the first stage landed on the Of Course I Still Love You droneship, which was stationed in the Pacific Ocean.

There was a possibility that residents of Santa Barbara, San Luis Obispo, and Ventura counties may have heard  one or more sonic booms during the launch, but what residents experienced depended on weather and other conditions.",,2042264739225780590,x.com,False,2026-04-22 20:23:00,2026,True,True
3707,vw9kr2ad1ya7sek3pbdlcob5,GPS III-8 Mission,gpsiii8,final,nssl,Falcon 9,"SLC-40, Florida",2026-04-21,02:53:00,Droneship,,,,False,False,"On Tuesday, April 21 at 2:53 a.m. ET, Falcon 9 launched the GPS III-8 mission to medium-Earth orbit from Space Launch Complex 40 (SLC-40) at Cape Canaveral Space Force Station in Florida.

This was the seventh flight for the first stage booster supporting this mission, which previously launched six Starlink missions. Following stage separation, the first stage landed on the Just Read the Instructions droneship, which was stationed in the Atlantic Ocean.",,2044851554415530111,x.com,False,2026-04-21 02:53:00,2026,True,True
3703,m5p097wner6sriunrwhw7diy,Starlink Mission,sl-17-22,final,starlink,Falcon 9,"SLC-4E, California",2026-04-19,09:03:00,Droneship,,,,False,False,"On Sunday, April 19 at 9:03 a.m. PT, Falcon 9 launched 25 Starlink satellites to low-Earth orbit from Space Launch Complex 4 East (SLC-4E) at Vandenberg Space Force Base in California.

This was the eighth flight for the first stage booster supporting this mission, which previously launched Sentinel-6B, Twilight, and now six Starlink missions. Following stage separation, the first stage landed on the Of Course I Still Love You droneship, which was stationed in the Pacific Ocean.

There was a possibility that residents of Santa Barbara, San Luis Obispo, and Ventura counties may have heard  one or more sonic booms during the launch, but what residents experienced depended on weather and other conditions.",,2041591599314903203,x.com,False,2026-04-19 09:03:00,2026,True,True
3698,sxqbl85uj9lzvnrlsoly6zyk,Starlink Mission,sl-17-27,final,starlink,Falcon 9,"SLC-4E, California",2026-04-14,21:29:00,Droneship,,,,False,False,"On Tuesday, April 14 at 9:29 p.m. PT, Falcon 9 launched 25 Starlink satellites to low-Earth orbit from Space Launch Complex 4 East (SLC-4E) at Vandenberg Space Force Base in California.

This was the 21st flight for the first stage booster supporting this mission, which previously launched USSF-62, OneWeb Launch 20, NROL-145, and now 18 Starlink missions. Following stage separation, the first stage landed on the Of Course I Still Love You droneship, which was stationed in the Pacific Ocean.

There was a possibility that residents of Santa Barbara, San Luis Obispo, and Ventura counties may have heard  one or more sonic booms during the launch, but what residents experienced depended on weather and other conditions.",,2038613594133143561,x.com,False,2026-04-14 21:29:00,2026,True,True
3695,v3sfjqme150jnv1ikme5olli,Starlink Mission,sl-10-24,final,starlink,Falcon 9,"SLC-40, Florida",2026-04-14,05:33:00,Droneship,,,,False,False,"On Tuesday, April 14 at 5:23 a.m. ET, Falcon 9 launched 29 Starlink satellites to low-Earth orbit from Space Launch Complex 40 (SLC-40) at Cape Canaveral Space Force Station in Florida.

This was the 26th flight for the first stage booster supporting this mission, which previously launched Ax-2, Euclid, Ax-3, CRS-30, SES ASTRA 1P, NG-21, and now 20 Starlink missions. Following stage separation, the first stage landed on the Just Read the Instructions droneship, which was stationed in the Atlantic Ocean.",,2043689492675006789,x.com,False,2026-04-14 05:33:00,2026,True,True
3692,p7x5sjefys4b5dxupwp7bv06,NG-24 Mission,ng24,final,resupply,Falcon 9,"SLC-40, Florida",2026-04-11,07:41:00,Landing Zone,,,,False,False,"On Saturday, April 11 at 7:41 a.m. ET, Falcon 9 launched Northrop Grumman’s commercial resupply mission NG-24 to the International Space Station from Space Complex 40 (SLC-40) at Cape Canaveral Space Force Station in Florida.

This was the seventh flight of the first stage booster supporting this mission, which previously launched Ax-4, Crew-11, NG-23, and three Starlink missions. Following stage separation, Falcon 9 landed on Landing Zone 40 (LZ-40) at Cape Canaveral Space Force Station.",,2039405523880034607,x.com,False,2026-04-11 07:41:00,2026,True,True
3689,xiaqtdih2wf4x0xecxh94ofu,Starlink Mission,sl-17-21,final,starlink,Falcon 9,"SLC-4E, California",2026-04-10,22:04:00,Droneship,,,,False,False,"On Friday, April 10 at 10:04 p.m. PT, Falcon 9 launched 25 Starlink satellites to low-Earth orbit from Space Launch Complex 4 East (SLC-4E) at Vandenberg Space Force Base in California.

This was the 32nd flight for the first stage booster supporting this mission, which previously launched Sentinel-6 Michael Freilich, DART, Transporter-7, Iridium OneWeb, SDA-0B, NROL-113, NROL-167, NROL-149, NAOS, and now 23 Starlink missions. Following stage separation, the first stage landed on the Of Course I Still Love You droneship, which was stationed in the Pacific Ocean.

There was a possibility that residents of Santa Barbara, San Luis Obispo, and Ventura counties may have heard  one or more sonic booms during the launch, but what residents experienced depended on weather and other conditions.",,2036485280199483611,x.com,False,2026-04-10 22:04:00,2026,True,True
3680,fmphwfjv89h7i44g7or2501f,Starlink Mission,sl-17-35,final,starlink,Falcon 9,"SLC-4E, California",2026-04-06,22:50:00,Droneship,,,,False,False,"On Monday, April 6 at 7:50 p.m. PT, Falcon 9 launched 25 Starlink satellites to low-Earth orbit from Space Launch Complex 4 East (SLC-4E) at Vandenberg Space Force Base in California.

This was the first flight for the first stage booster supporting this mission, which launched one Starlink mission. Following stage separation, the first stage landed on the Of Course I Still Love You droneship, which was stationed in the Pacific Ocean.

There was a possibility that residents of Santa Barbara, San Luis Obispo, and Ventura counties may have heard  one or more sonic booms during the launch, but what residents experienced depended on weather and other conditions.",,2040992191921729685,x.com,False,2026-04-06 22:50:00,2026,True,True
3678,v6syfjxszw0bg1kcospzo7kk,Starlink Mission,sl-10-58,final,starlink,Falcon 9,"SLC-40, Florida",2026-04-02,07:55:00,Droneship,,,,False,False,"On Thursday, April 2 at 7:55 a.m. ET, Falcon 9 launched 29 Starlink satellites to low-Earth orbit from Space Launch Complex 40 (SLC-40) at Cape Canaveral Space Force Station in Florida.

This was the 15th flight for the first stage booster supporting this mission, which previously launched Crew-9, RRT-1, Firefly Blue Ghost Mission 1, Fram2, SXM-10, MTG-S1, EchoStar XXV, and now eight Starlink missions. Following stage separation, the first stage landed on the Just Read the Instructions droneship, which was stationed in the Atlantic Ocean.",,2035834377242804291,x.com,False,2026-04-02 07:55:00,2026,True,True
3672,f4oujboytpnzes4pvo3zks4b,Starlink Mission,sl-10-44,final,starlink,Falcon 9,"SLC-40, Florida",2026-03-30,19:15:00,Droneship,,,,False,False,"On Monday, March 30 at 7:15 p.m. ET, Falcon 9 launched 29 Starlink satellites to low-Earth orbit from Space Launch Complex 40 (SLC-40) at Cape Canaveral Space Force Station in Florida.

This was the 34th flight for the first stage booster supporting this mission, which previously launched CRS-22, Crew-3, Turksat 5B, Crew-4, CRS-25, Eutelsat HOTBIRD 13G, SES O3B mPOWER-A, PSN SATRIA, Telkomsat Merah Putih 2, Galileo L13, Koreasat-6A, and now 23 Starlink missions. Following stage separation, the first stage landed on the Just Read the Instructions droneship, which was stationed in the Atlantic Ocean.",,2033926568209240348,x.com,False,2026-03-30 19:15:00,2026,True,True
3671,gg623a2xpfwjmvyjidgrrnu2,Transporter-16 Mission,transporter16,final,rideshare,Falcon 9,"SLC-4E, California",2026-03-30,04:02:00,Droneship,,,,False,False,"On Monday, March 30 at 4:02 a.m. PT, Falcon 9 launched the Transporter-16 mission to low-Earth orbit from Space Launch Complex 4E (SLC-4E) at Vandenberg Space Force Base in California.

This was the 12th flight for the first stage booster supporting this mission, which previously launched SDA T1TL-B, SDA T1TL-C, and nine Starlink missions. Following stage separation, the first stage landed on the Of Course I Still Love You droneship, which was stationed in the Pacific Ocean.

Transporter-16 was a dedicated smallsat rideshare mission. There were 119 payloads on this flight, including cubesats, microsats, hosted payloads, a reentry vehicle, and orbital transfer vehicles carrying eight of those payloads to be deployed at a later time. To date, SpaceX has launched more than 1,600 payloads to orbit across our entire Rideshare program.

There was a possibility that residents of Santa Barbara, San Luis Obispo, and Ventura counties heard  one or more sonic booms during the launch, but what residents experienced depended on weather and other conditions.",,2036873961821397419,x.com,False,2026-03-30 04:02:00,2026,True,True
3667,pt8zvz5rud5od54gzd3jpsx4,Starlink Mission,sl-17-17,final,starlink,Falcon 9,"SLC-4E, California",2026-03-26,16:03:00,Droneship,,,,False,False,"On Thursday, March 26 at 4:03 p.m. PT, Falcon 9 launched 25 Starlink satellites to low-Earth orbit from Space Launch Complex 4 East (SLC-4E) at Vandenberg Space Force Base in California.

This was the 23rd flight for the first stage booster supporting this mission, which previously launched Crew-7, CRS-29, PACE, Transporter-10, EarthCARE, NROL-186, Transporter-13, TRACERS, NROL-48, COSMO-SkyMed Second Generation FM3, and now 13 Starlink missions. Following stage separation, the first stage landed on the Of Course I Still Love You droneship, which was stationed in the Pacific Ocean.

There was a possibility that residents of Santa Barbara, San Luis Obispo, and Ventura counties may have heard  one or more sonic booms during the launch, but what residents experienced depended on weather and other conditions.",,2031452636998680580,x.com,False,2026-03-26 16:03:00,2026,True,True
3662,qa1f72pf09l4zdnmsee7os4g,Starlink Mission,sl-10-62,final,starlink,Falcon 9,"SLC-40, Florida",2026-03-22,09:47:00,Droneship,,,,False,False,"On Sunday, March 22 at 10:47 a.m. ET, Falcon 9 launched 29 Starlink satellites to low-Earth orbit from Space Launch Complex 40 (SLC-40) at Cape Canaveral Space Force Station in Florida.

This was the 27th flight for the first stage booster supporting this mission, which previously launched Crew-6, SES O3b mPOWER-B, USSF-124, BlueBird 1-5, Nusantara Lima (PSN N5), and now 22 Starlink missions. Following stage separation, the first stage landed on the A Shortfall of Gravitas droneship, which was stationed in the Atlantic Ocean.",,2031446078575333708,x.com,False,2026-03-22 09:47:00,2026,True,True
3660,i1aqil6ctbapr35jrn3g9euy,Starlink Mission,sl-17-15,final,starlink,Falcon 9,"SLC-4E, California",2026-03-20,14:51:00,Droneship,,,,False,False,"On Friday, March 20 at 2:51 p.m. PT, Falcon 9 launched 25 Starlink satellites to low-Earth orbit from Space Launch Complex 4 East (SLC-4E) at Vandenberg Space Force Base in California.

This was the fourth flight for the first stage booster supporting this mission, which previously launched NROL-105 and now three Starlink missions. Following stage separation, the first stage landed on the Of Course I Still Love You droneship, which was stationed in the Pacific Ocean.

There was a possibility that residents of Santa Barbara, San Luis Obispo, and Ventura counties may have heard  one or more sonic booms during the launch, but what residents experienced depended on weather and other conditions.",,2029976945237053562,x.com,False,2026-03-20 14:51:00,2026,True,True
3657,gqq16fh557cae7a2g1crszs6,Starlink Mission,sl-10-33,final,starlink,Falcon 9,"SLC-40, Florida",2026-03-19,10:20:00,Droneship,,,,False,False,"On Thursday, March 19 at 10:20 a.m. ET, Falcon 9 launched 29 Starlink satellites to low-Earth orbit from Space Launch Complex 40 (SLC-40) at Cape Canaveral Space Force Station in Florida.

This was the 27th flight for the first stage booster supporting this mission, which previously launched Crew-5, GPS III Space Vehicle 06, Inmarsat I6-F2, CRS-28, Intelsat G-37, NG-20, TD7, and now 20 Starlink missions. Following stage separation, the first stage landed on the Just Read the Instructions droneship, which was stationed in the Atlantic Ocean.",,2030013203623625005,x.com,False,2026-03-19 10:20:00,2026,True,True
3653,lsy8tyly8cnddkye1dl3n1xj,Starlink Mission,sl-10-46,final,starlink,Falcon 9,"SLC-40, Florida",2026-03-17,09:27:00,Droneship,,,,False,False,"On Tuesday, March 17 at 9:27 a.m. ET, Falcon 9 launched 29 Starlink satellites to low-Earth orbit from Space Launch Complex 40 (SLC-40) at Cape Canaveral Space Force Station in Florida.

This was the 11th flight for the first stage booster supporting this mission, which previously launched SES O3b mPOWER-E, Crew-10, Bandwagon-3, mPOWER-D, CRS-33, and now six Starlink missions. Following stage separation, the first stage landed on the A Shortfall of Gravitas droneship, which was stationed in the Atlantic Ocean.",,2029222290995433941,x.com,False,2026-03-17 09:27:00,2026,True,True
3652,xf99g4zxs07lfjgqw3o2pj1n,Starlink Mission,sl-17-24,final,starlink,Falcon 9,"SLC-4E, California",2026-03-16,22:19:00,Droneship,,,,False,False,"On Monday, March 16 at 10:19 p.m. PT, Falcon 9 launched 25 Starlink satellites to low-Earth orbit from Space Launch Complex 4 East (SLC-4E) at Vandenberg Space Force Base in California.

This was the 14th flight for the first stage booster supporting this mission, which previously launched NROL-126, Transporter-12, SPHEREx, NROL-57, and now 10 Starlink missions. Following stage separation, the first stage landed on the Of Course I Still Love You droneship, which was stationed in the Pacific Ocean.

There was a possibility that residents of Santa Barbara, San Luis Obispo, and Ventura counties may have heard  one or more sonic booms during the launch, but what residents experienced depended on weather and other conditions.",,2027409389628305608,x.com,False,2026-03-16 22:19:00,2026,True,True
3650,kop84ha319ngyhtspekg7m10,Starlink Mission,sl-10-48,final,starlink,Falcon 9,"SLC-40, Florida",2026-03-14,07:37:00,Droneship,,,,False,False,"On Saturday, March 14 at 8:37 a.m. ET, Falcon 9 launched 29 Starlink satellites to low-Earth orbit from Space Launch Complex 40 (SLC-40) at Cape Canaveral Space Force Station in Florida.

This was the sixth flight for the first stage booster supporting this mission, which has now launched six Starlink missions. Following stage separation, the first stage landed on the Just Read the Instructions droneship, which was stationed in the Atlantic Ocean.",,2027412323028079063,x.com,False,2026-03-14 07:37:00,2026,True,True
3649,gwebu5sfpfntjnyeuhlfpszp,Starlink Mission,sl-17-31,final,starlink,Falcon 9,"SLC-4E, California",2026-03-13,10:57:00,Droneship,,,,False,False,"On Friday, March 13 at 7:57 a.m. PT, Falcon 9 launched 25 Starlink satellites to low-Earth orbit from Space Launch Complex 4 East (SLC-4E) at Vandenberg Space Force Base in California.

This was the 32nd flight for the first stage booster supporting this mission, which previously launched NROL-87, NROL-85, SARah-1, SWOT, Transporter-8, Transporter-9, NROL-146, Bandwagon-2, NROL-153, NROL-192, Transporter-14, Transporter-15, and now 20 Starlink missions. Following stage separation, the first stage landed on the Of Course I Still Love You droneship, which was stationed in the Pacific Ocean.

There was a possibility that residents of Santa Barbara, San Luis Obispo, and Ventura counties may have heard  one or more sonic booms during the launch, but what residents experienced depended on weather and other conditions.",,2026667080926257363,x.com,False,2026-03-13 10:57:00,2026,True,True
3645,j59xut83l1ulghh099i400fd,EchoStar XXV Mission,echostarxxv,final,commercialSatellite,Falcon 9,"SLC-40, Florida",2026-03-10,00:19:00,Droneship,,,,False,False,"On Tuesday, March 10 at 12:19 a.m. ET, SpaceX launched the  EchoStar XXV mission to geosynchronous transfer orbit from Space Launch Complex 40 (SLC-40) at Cape Canaveral Space Force Station in Florida.

This was the 14th flight for the first stage booster supporting this mission, which previously supported Crew-9, RRT-1, Firefly Blue Ghost Mission 1, Fram2, SXM-10, MTG-21, and seven Starlink missions. Following stage separation, the first stage landed on the A Shortfall of Gravitas droneship, which was stationed in the Atlantic Ocean.",,2027446074286149670,x.com,False,2026-03-10 00:19:00,2026,True,True
3643,qdz8dmnq413mxclbbparrtv0,Starlink Mission,sl-17-18,final,starlink,Falcon 9,"SLC-4E, California",2026-03-08,07:00:00,Droneship,,,,False,False,"On Sunday, March 8 at 7:00 a.m. PT, Falcon 9 launched 25 Starlink satellites to low-Earth orbit from Space Launch Complex 4 East (SLC-4E) at Vandenberg Space Force Base in California.

This was the seventh flight for the first stage booster supporting this mission, which previously launched Sentinel-6B, Twilight, and now five Starlink missions. Following stage separation, the first stage landed on the Of Course I Still Love You droneship, which was stationed in the Pacific Ocean.

There was a possibility that residents of Santa Barbara, San Luis Obispo, and Ventura counties may have heard  one or more sonic booms during the launch, but what residents experienced depended on weather and other conditions.",,2024521850794000865,x.com,False,2026-03-08 07:00:00,2026,True,True
3638,d24hcbfdlc5hz3yl2e6nqzj4,Starlink Mission,sl-10-40,final,starlink,Falcon 9,"SLC-40, Florida",2026-03-04,05:52:00,Droneship,,,,False,False,"On Wednesday, March 4 at 5:52 a.m. ET, Falcon 9 launched 29 Starlink satellites to low-Earth orbit from Space Launch Complex 40 (SLC-40) at Cape Canaveral Space Force Station in Florida.

This was the 25th flight for the first stage booster supporting this mission, which previously launched Ax-2, Euclid, Ax-3, CRS-30, SES ASTRA 1P, NG-21, and now 19 Starlink missions. Following stage separation, the first stage landed on the A Shortfall of Gravitas droneship, which was stationed in the Atlantic Ocean.",,2025955046828195993,x.com,False,2026-03-04 05:52:00,2026,True,True
3635,gcp7h8nargd8vj680g4ssgye,Starlink Mission,sl-10-41,final,starlink,Falcon 9,"SLC-40, Florida",2026-03-01,21:56:00,Droneship,,,,False,False,"On Sunday, March 1 at 9:56 p.m. ET, Falcon 9 launched 29 Starlink satellites to low-Earth orbit from Space Launch Complex 40 (SLC-40) at Cape Canaveral Space Force Station in Florida.

This was the 26th flight for the first stage booster supporting this mission, which previously launched Crew-6, SES O3b mPOWER-B, USSF-124, Bluebird 1-5, Nusantara Lima (PSN N5), and now 21 Starlink missions. Following stage separation, the first stage landed on the Just Read the Instructions droneship, which was stationed in the Atlantic Ocean.",,2023810771910893649,x.com,False,2026-03-01 21:56:00,2026,True,True
3632,yj47tvtgpv3iiiqf7r4x670s,Starlink Mission,sl-17-23,final,starlink,Falcon 9,"SLC-4E, California",2026-03-01,02:10:00,Droneship,,,,False,False,"On Sunday, March 1 at 2:10 a.m. PT, Falcon 9 launched 25 Starlink satellites to low-Earth orbit from Space Launch Complex 4 East (SLC-4E) at Vandenberg Space Force Base in California.

This was the 20th flight for the first stage booster supporting this mission, which previously launched USSF-62, OneWeb Launch 20, NROL-145, and now 17 Starlink missions. Following stage separation, the first stage landed on the Of Course I Still Love You droneship, which was stationed in the Pacific Ocean.

There was a possibility that residents of Santa Barbara, San Luis Obispo, and Ventura counties may have heard  one or more sonic booms during the launch, but what residents experienced depended on weather and other conditions.",,2028045850635849802,x.com,False,2026-03-01 02:10:00,2026,True,True
3628,hkv3lxp17cuivbtw15rrywsa,Starlink Mission,sl-6-108,final,starlink,Falcon 9,"SLC-40, Florida",2026-02-27,07:16:00,Droneship,,,,False,False,"On Friday, February 27 at 7:16 a.m. ET, Falcon 9 launched 29 Starlink satellites to low-Earth orbit from Space Launch Complex 40 (SLC-40) at Cape Canaveral Space Force Station in Florida.

This was the 30th flight for the first stage booster supporting this mission, which previously launched CRS-24, Eutelsat HOTBIRD 13-F, OneWeb 1, SES-18 and SES-19, and now 26 Starlink missions. Following stage separation, the first stage landed on the A Shortfall of Gravitas droneship, which was stationed in the Atlantic Ocean.",,2023439019204288801,x.com,False,2026-02-27 07:16:00,2026,True,True
3624,ubo11p3mxvwvxwxq6mbrdvdi,Starlink Mission,sl-17-26,final,starlink,Falcon 9,"SLC-4E, California",2026-02-25,06:17:00,Droneship,,,,False,False,"On Wednesday, February 25 at 6:17 a.m. PT, Falcon 9 launched 25 Starlink satellites to low-Earth orbit from Space Launch Complex 4 East (SLC-4E) at Vandenberg Space Force Base in California.

This was the 11th flight for the first stage booster supporting this mission, which previously launched SDA T1TL-B, SDA T1TL-C, and now nine Starlink missions. Following stage separation, the first stage landed on the Of Course I Still Love You droneship, which was stationed in the Pacific Ocean.

There was a possibility that residents of Santa Barbara, San Luis Obispo, and Ventura counties may have heard  one or more sonic booms during the launch, but what residents experienced depended on weather and other conditions.",,2023438000361746733,x.com,False,2026-02-25 06:17:00,2026,True,True
3622,ipe3n15z7h3xr1ral88m8ngo,Starlink Mission,sl-6-110,final,starlink,Falcon 9,"SLC-40, Florida",2026-02-24,18:04:00,Droneship,,,,False,False,"On Tuesday, February 24 at 6:04 p.m. ET, Falcon 9 launched 29 Starlink satellites to low-Earth orbit from Space Launch Complex 40 (SLC-40) at Cape Canaveral Space Force Station in Florida.

This was the 10th flight for the first stage booster supporting this mission, which previously launched NROL-69, CRS-32, GPS III-7, USSF-36, and now six Starlink missions. Following stage separation, the first stage landed on the Just Read the Instructions droneship, which was stationed in the Atlantic Ocean.",,2021600138972516638,x.com,False,2026-02-24 18:04:00,2026,True,True
3619,fkkzszpdg5ofn3i29c3ccfxr,Starlink Mission,sl-6-104,final,starlink,Falcon 9,"SLC-40, Florida",2026-02-21,21:47:00,Droneship,,,,False,False,"On Saturday, February 21 at 10:47 p.m. ET, Falcon 9 launched 28 Starlink satellites to low-Earth orbit from Space Launch Complex 40 (SLC-40) at Cape Canaveral Space Force Station in Florida.

This was the 33rd flight for the first stage booster supporting this mission, which previously launched CRS-22, Crew-3, Turksat 5B, Crew-4, CRS-25, Eutelsat HOTBIRD 13G, SES O3B mPOWER-A, PSN SATRIA, Telkomsat Merah Putih 2, Galileo L13, Koreasat-6A, and now 21 Starlink missions. Following stage separation, the first stage landed on the A Shortfall of Gravitas droneship, which was stationed in the Atlantic Ocean.",,2014366744622588360,x.com,False,2026-02-21 21:47:00,2026,True,True
3618,ndfeyqf7cpi6tcwjd1d10uze,Starlink Mission,sl-17-25,final,starlink,Falcon 9,"SLC-4E, California",2026-02-21,01:04:00,Droneship,,,,False,False,"On Saturday, February 21 at 1:04 a.m. PT, Falcon 9 launched 25 Starlink satellites to low-Earth orbit from Space Launch Complex 4 East (SLC-4E) at Vandenberg Space Force Base in California.

This was the 31st flight for the first stage booster supporting this mission, which previously launched Sentinel-6 Michael Freilich, DART, Transporter-7, Iridium OneWeb, SDA-0B, NROL-113, NROL-167, NROL-149, NAOS, and now 21 Starlink missions. Following stage separation, the first stage landed on the Of Course I Still Love You droneship, which was stationed in the Pacific Ocean.

There was a possibility that residents of Santa Barbara, San Luis Obispo, and Ventura counties may have heard  one or more sonic booms during the launch, but what residents experienced depended on weather and other conditions.",,2023771499237343291,x.com,False,2026-02-21 01:04:00,2026,True,True
3617,n9eth9ewz6ewm1pns3ogcjr4,Starlink Mission,sl-10-36,final,starlink,Falcon 9,"SLC-40, Florida",2026-02-19,20:41:00,Droneship,,,,False,False,"On Thursday, February 19 at 8:41 p.m. ET, Falcon 9 launched 29 Starlink satellites to low-Earth orbit from Space Launch Complex 40 (SLC-40) at Cape Canaveral Space Force Station in Florida.

This was the 26th flight for the first stage booster supporting this mission, which previously launched Crew-5, GPS III Space Vehicle 06, Inmarsat I6-F2, CRS-28, Intelsat G-37, NG-20, TD7, and now 19 Starlink missions. Following stage separation, the first stage landed on the Just Read the Instructions droneship, which was stationed in the Atlantic Ocean off the coast of The Bahamas

There was the possibility that residents of and visitors to The Bahamas may have heard one or more sonic booms during the landing, but what may have been experienced depended on weather and other conditions.",,2023437628545053125,x.com,False,2026-02-19 20:41:00,2026,True,True
3612,zoayktn7wmkunq63grdbkz69,Starlink Mission,sl-6-103,final,starlink,Falcon 9,"SLC-40, Florida",2026-02-16,02:59:00,Droneship,,,,False,False,"On Monday, February 16 at 2:59 a.m. ET, Falcon 9 launched 29 Starlink satellites to low-Earth orbit from Space Launch Complex 40 (SLC-40) at Cape Canaveral Space Force Station in Florida.

This was the 10th flight for the first stage booster supporting this mission, which previously launched SES O3b mPOWER-E, Crew-10, Bandwagon-3, mPOWER-D, CRS-33, and now five Starlink missions. Following stage separation, the first stage landed on the A Shortfall of Gravitas droneship, which was stationed in the Atlantic Ocean.",,2022322862015512775,x.com,False,2026-02-16 02:59:00,2026,True,True
3608,czfck1ky8hcjgd9i1qsud3vi,Starlink Mission,sl-17-13,final,starlink,Falcon 9,"SLC-4E, California",2026-02-14,17:59:00,Droneship,,,,False,False,"On Saturday, February 14 at 5:59 p.m. PT, Falcon 9 launched 24 Starlink satellites to low-Earth orbit from Space Launch Complex 4 East (SLC-4E) at Vandenberg Space Force Base in California.

This was the 22nd flight for the first stage booster supporting this mission, which previously launched Crew-7, CRS-29, PACE, Transporter-10, EarthCARE, NROL-186, Transporter-13, TRACERS, NROL-48, COSMO-SkyMed Second Generation FM3, and now 12 Starlink missions. Following stage separation, the first stage landed on the Of Course I Still Love You droneship, which was stationed in the Pacific Ocean.

There was a possibility that residents of Santa Barbara, San Luis Obispo, and Ventura counties may have heard  one or more sonic booms during the launch, but what residents experienced depended on weather and other conditions.",,2016956828018503878,x.com,False,2026-02-14 17:59:00,2026,True,True
3607,nweuycjo1v4nxxlmby2a7ezo,Crew-12 Mission,crew12,in-progress,hsf,Falcon 9,"SLC-40, Florida",2026-02-13,05:15:00,Landing Zone,October 2026,,,False,False,"On Friday, February 13 at 5:15 a.m. ET, Falcon 9 launched Dragon’s 12th operational human spaceflight mission (Crew-12) to the International Space Station from Space Launch Complex 40 (SLC-40) at Cape Canaveral Space Force Station. Dragon autonomously docked with the space station on Saturday, February 14 at 3:15 p.m. ET.

The Dragon spacecraft supporting this mission previously flew the Crew-4,
Ax-2,
Ax-3, and
Crew-9 missions to and from the space station. This was the second flight for the first stage supporting this mission, which prevoulsy launched a Starlink mission. Following stage separation, Falcon 9’s first stage landed on Landing Zone 40 (LZ-40) at Cape Canaveral Space Force Station.

During their time on the orbiting laboratory, the crew will conduct new research to prepare for human exploration beyond low-Earth orbit and to benefit humanity on Earth.","[{""id"": 1249, ""name"": ""Jessica Meir "", ""bioLink"": ""https://www.nasa.gov/humans-in-space/astronauts/jessica-u-meir/"", ""description"": null, ""portrait"": {""id"": 6749, ""name"": ""Crew-12_Portrait_Jessica.jpg"", ""alternativeText"": null, ""caption"": null, ""width"": 2800, ""height"": 3500, ""formats"": {""large"": {""ext"": "".jpg"", ""url"": ""https://sxcontent9668.azureedge.us/cms-assets/assets/large_Crew_12_Portrait_Jessica_f966a71532.jpg"", ""hash"": ""large_Crew_12_Portrait_Jessica_f966a71532"", ""mime"": ""image/jpeg"", ""name"": ""large_Crew-12_Portrait_Jessica.jpg"", ""path"": null, ""size"": 92.18, ""width"": 800, ""height"": 1000, ""sizeInBytes"": 92175}, ""small"": {""ext"": "".jpg"", ""url"": ""https://sxcontent9668.azureedge.us/cms-assets/assets/small_Crew_12_Portrait_Jessica_f966a71532.jpg"", ""hash"": ""small_Crew_12_Portrait_Jessica_f966a71532"", ""mime"": ""image/jpeg"", ""name"": ""small_Crew-12_Portrait_Jessica.jpg"", ""path"": null, ""size"": 28.54, ""width"": 400, ""height"": 500, ""sizeInBytes"": 28535}, ""medium"": {""ext"": "".jpg"", ""url"": ""https://sxcontent9668.azureedge.us/cms-assets/assets/medium_Crew_12_Portrait_Jessica_f966a71532.jpg"", ""hash"": ""medium_Crew_12_Portrait_Jessica_f966a71532"", ""mime"": ""image/jpeg"", ""name"": ""medium_Crew-12_Portrait_Jessica.jpg"", ""path"": null, ""size"": 55.53, ""width"": 600, ""height"": 750, ""sizeInBytes"": 55531}, ""thumbnail"": {""ext"": "".jpg"", ""url"": ""https://sxcontent9668.azureedge.us/cms-assets/assets/thumbnail_Crew_12_Portrait_Jessica_f966a71532.jpg"", ""hash"": ""thumbnail_Crew_12_Portrait_Jessica_f966a71532"", ""mime"": ""image/jpeg"", ""name"": ""thumbnail_Crew-12_Portrait_Jessica.jpg"", ""path"": null, ""size"": 5.3, ""width"": 125, ""height"": 156, ""sizeInBytes"": 5296}}, ""hash"": ""Crew_12_Portrait_Jessica_f966a71532"", ""ext"": "".jpg"", ""mime"": ""image/jpeg"", ""size"": 987.3, ""url"": ""https://sxcontent9668.azureedge.us/cms-assets/assets/Crew_12_Portrait_Jessica_f966a71532.jpg"", ""previewUrl"": null, ""provider"": ""strapi-provider-upload-azure-storage"", ""provider_metadata"": null, ""folderPath"": ""/102/751"", ""createdAt"": ""2026-02-06T22:59:52.836Z"", ""updatedAt"": ""2026-02-06T22:59:52.836Z"", ""documentId"": ""vzh46da1qok5mjr6zmj5gnoc"", ""locale"": null, ""publishedAt"": ""2026-02-06T22:59:52.838Z""}}, {""id"": 1250, ""name"": ""Jack Hathaway"", ""bioLink"": ""https://www.nasa.gov/humans-in-space/astronauts/nasa-astronaut-jack-hathaway/"", ""description"": null, ""portrait"": {""id"": 6751, ""name"": ""Crew-12_Portrait_Jack.jpg"", ""alternativeText"": null, ""caption"": null, ""width"": 2800, ""height"": 3500, ""formats"": {""large"": {""ext"": "".jpg"", ""url"": ""https://sxcontent9668.azureedge.us/cms-assets/assets/large_Crew_12_Portrait_Jack_b3c1231cea.jpg"", ""hash"": ""large_Crew_12_Portrait_Jack_b3c1231cea"", ""mime"": ""image/jpeg"", ""name"": ""large_Crew-12_Portrait_Jack.jpg"", ""path"": null, ""size"": 87.35, ""width"": 800, ""height"": 1000, ""sizeInBytes"": 87348}, ""small"": {""ext"": "".jpg"", ""url"": ""https://sxcontent9668.azureedge.us/cms-assets/assets/small_Crew_12_Portrait_Jack_b3c1231cea.jpg"", ""hash"": ""small_Crew_12_Portrait_Jack_b3c1231cea"", ""mime"": ""image/jpeg"", ""name"": ""small_Crew-12_Portrait_Jack.jpg"", ""path"": null, ""size"": 27.58, ""width"": 400, ""height"": 500, ""sizeInBytes"": 27580}, ""medium"": {""ext"": "".jpg"", ""url"": ""https://sxcontent9668.azureedge.us/cms-assets/assets/medium_Crew_12_Portrait_Jack_b3c1231cea.jpg"", ""hash"": ""medium_Crew_12_Portrait_Jack_b3c1231cea"", ""mime"": ""image/jpeg"", ""name"": ""medium_Crew-12_Portrait_Jack.jpg"", ""path"": null, ""size"": 53.41, ""width"": 600, ""height"": 750, ""sizeInBytes"": 53411}, ""thumbnail"": {""ext"": "".jpg"", ""url"": ""https://sxcontent9668.azureedge.us/cms-assets/assets/thumbnail_Crew_12_Portrait_Jack_b3c1231cea.jpg"", ""hash"": ""thumbnail_Crew_12_Portrait_Jack_b3c1231cea"", ""mime"": ""image/jpeg"", ""name"": ""thumbnail_Crew-12_Portrait_Jack.jpg"", ""path"": null, ""size"": 4.95, ""width"": 125, ""height"": 156, ""sizeInBytes"": 4947}}, ""hash"": ""Crew_12_Portrait_Jack_b3c1231cea"", ""ext"": "".jpg"", ""mime"": ""image/jpeg"", ""size"": 915.94, ""url"": ""https://sxcontent9668.azureedge.us/cms-assets/assets/Crew_12_Portrait_Jack_b3c1231cea.jpg"", ""previewUrl"": null, ""provider"": ""strapi-provider-upload-azure-storage"", ""provider_metadata"": null, ""folderPath"": ""/102/751"", ""createdAt"": ""2026-02-06T22:59:56.341Z"", ""updatedAt"": ""2026-02-06T22:59:56.341Z"", ""documentId"": ""f9tps4tcn53xgjupzhrpc6ww"", ""locale"": null, ""publishedAt"": ""2026-02-06T22:59:56.341Z""}}, {""id"": 1251, ""name"": ""Sophie Adenot "", ""bioLink"": ""https://www.esa.int/Science_Exploration/Human_and_Robotic_Exploration/Astronauts/Sophie_Adenot"", ""description"": null, ""portrait"": {""id"": 6750, ""name"": ""Crew-12_Portrait_Sophie.jpg"", ""alternativeText"": null, ""caption"": null, ""width"": 2800, ""height"": 3500, ""formats"": {""large"": {""ext"": "".jpg"", ""url"": ""https://sxcontent9668.azureedge.us/cms-assets/assets/large_Crew_12_Portrait_Sophie_6ff7e825ba.jpg"", ""hash"": ""large_Crew_12_Portrait_Sophie_6ff7e825ba"", ""mime"": ""image/jpeg"", ""name"": ""large_Crew-12_Portrait_Sophie.jpg"", ""path"": null, ""size"": 96.12, ""width"": 800, ""height"": 1000, ""sizeInBytes"": 96117}, ""small"": {""ext"": "".jpg"", ""url"": ""https://sxcontent9668.azureedge.us/cms-assets/assets/small_Crew_12_Portrait_Sophie_6ff7e825ba.jpg"", ""hash"": ""small_Crew_12_Portrait_Sophie_6ff7e825ba"", ""mime"": ""image/jpeg"", ""name"": ""small_Crew-12_Portrait_Sophie.jpg"", ""path"": null, ""size"": 29.44, ""width"": 400, ""height"": 500, ""sizeInBytes"": 29441}, ""medium"": {""ext"": "".jpg"", ""url"": ""https://sxcontent9668.azureedge.us/cms-assets/assets/medium_Crew_12_Portrait_Sophie_6ff7e825ba.jpg"", ""hash"": ""medium_Crew_12_Portrait_Sophie_6ff7e825ba"", ""mime"": ""image/jpeg"", ""name"": ""medium_Crew-12_Portrait_Sophie.jpg"", ""path"": null, ""size"": 58, ""width"": 600, ""height"": 750, ""sizeInBytes"": 57999}, ""thumbnail"": {""ext"": "".jpg"", ""url"": ""https://sxcontent9668.azureedge.us/cms-assets/assets/thumbnail_Crew_12_Portrait_Sophie_6ff7e825ba.jpg"", ""hash"": ""thumbnail_Crew_12_Portrait_Sophie_6ff7e825ba"", ""mime"": ""image/jpeg"", ""name"": ""thumbnail_Crew-12_Portrait_Sophie.jpg"", ""path"": null, ""size"": 5.23, ""width"": 125, ""height"": 156, ""sizeInBytes"": 5230}}, ""hash"": ""Crew_12_Portrait_Sophie_6ff7e825ba"", ""ext"": "".jpg"", ""mime"": ""image/jpeg"", ""size"": 916.18, ""url"": ""https://sxcontent9668.azureedge.us/cms-assets/assets/Crew_12_Portrait_Sophie_6ff7e825ba.jpg"", ""previewUrl"": null, ""provider"": ""strapi-provider-upload-azure-storage"", ""provider_metadata"": null, ""folderPath"": ""/102/751"", ""createdAt"": ""2026-02-06T22:59:55.945Z"", ""updatedAt"": ""2026-02-06T22:59:55.945Z"", ""documentId"": ""l927pf76iaee24cw3kqy014x"", ""locale"": null, ""publishedAt"": ""2026-02-06T22:59:55.946Z""}}, {""id"": 1252, ""name"": ""Andrey Fedyaev"", ""bioLink"": null, ""description"": null, ""portrait"": {""id"": 6752, ""name"": ""Crew-12_Portrait_Andrey.jpg"", ""alternativeText"": null, ""caption"": null, ""width"": 2800, ""height"": 3500, ""formats"": {""large"": {""ext"": "".jpg"", ""url"": ""https://sxcontent9668.azureedge.us/cms-assets/assets/large_Crew_12_Portrait_Andrey_753b36eda8.jpg"", ""hash"": ""large_Crew_12_Portrait_Andrey_753b36eda8"", ""mime"": ""image/jpeg"", ""name"": ""large_Crew-12_Portrait_Andrey.jpg"", ""path"": null, ""size"": 96.71, ""width"": 800, ""height"": 1000, ""sizeInBytes"": 96711}, ""small"": {""ext"": "".jpg"", ""url"": ""https://sxcontent9668.azureedge.us/cms-assets/assets/small_Crew_12_Portrait_Andrey_753b36eda8.jpg"", ""hash"": ""small_Crew_12_Portrait_Andrey_753b36eda8"", ""mime"": ""image/jpeg"", ""name"": ""small_Crew-12_Portrait_Andrey.jpg"", ""path"": null, ""size"": 29.19, ""width"": 400, ""height"": 500, ""sizeInBytes"": 29188}, ""medium"": {""ext"": "".jpg"", ""url"": ""https://sxcontent9668.azureedge.us/cms-assets/assets/medium_Crew_12_Portrait_Andrey_753b36eda8.jpg"", ""hash"": ""medium_Crew_12_Portrait_Andrey_753b36eda8"", ""mime"": ""image/jpeg"", ""name"": ""medium_Crew-12_Portrait_Andrey.jpg"", ""path"": null, ""size"": 57.91, ""width"": 600, ""height"": 750, ""sizeInBytes"": 57910}, ""thumbnail"": {""ext"": "".jpg"", ""url"": ""https://sxcontent9668.azureedge.us/cms-assets/assets/thumbnail_Crew_12_Portrait_Andrey_753b36eda8.jpg"", ""hash"": ""thumbnail_Crew_12_Portrait_Andrey_753b36eda8"", ""mime"": ""image/jpeg"", ""name"": ""thumbnail_Crew-12_Portrait_Andrey.jpg"", ""path"": null, ""size"": 5.09, ""width"": 125, ""height"": 156, ""sizeInBytes"": 5089}}, ""hash"": ""Crew_12_Portrait_Andrey_753b36eda8"", ""ext"": "".jpg"", ""mime"": ""image/jpeg"", ""size"": 1107.15, ""url"": ""https://sxcontent9668.azureedge.us/cms-assets/assets/Crew_12_Portrait_Andrey_753b36eda8.jpg"", ""previewUrl"": null, ""provider"": ""strapi-provider-upload-azure-storage"", ""provider_metadata"": null, ""folderPath"": ""/102/751"", ""createdAt"": ""2026-02-06T22:59:57.156Z"", ""updatedAt"": ""2026-02-06T22:59:57.156Z"", ""documentId"": ""zrjbtlrgbl4gn7c24grzpzx7"", ""locale"": null, ""publishedAt"": ""2026-02-06T22:59:57.157Z""}}]",2019911782102335993,x.com,False,2026-02-13 05:15:00,2026,False,True
3592,bm8un410c8ejimc1q24s1k29,Starlink Mission,sl-17-34,final,starlink,Falcon 9,"SLC-4E, California",2026-02-11,09:11:00,Droneship,,,,False,False,"On Wednesday, February 11 at 9:11 a.m. PT, Falcon 9 launched 24 Starlink satellites to low-Earth orbit from Space Launch Complex 4 East (SLC-4E) at Vandenberg Space Force Base in California.

This was the third flight for the first stage booster supporting this mission, which previously launched NROL-105 and now two Starlink missions. Following stage separation, the first stage landed on the Of Course I Still Love You droneship, which was stationed in the Pacific Ocean.

There was a possibility that residents of Santa Barbara, San Luis Obispo, and Ventura counties may have heard  one or more sonic booms during the launch, but what residents experienced depended on weather and other conditions.",,2016889346008264940,x.com,False,2026-02-11 09:11:00,2026,True,True
3588,ol9ow0kuk6555yjiwsiz4acd,Starlink Mission,sl-17-33,final,starlink,Falcon 9,"SLC-4E, California",2026-02-07,15:58:00,Droneship,,,,False,False,"On Saturday, February 7 at 12:58 p.m. PT, Falcon 9 launched 25 Starlink satellites to low-Earth orbit from Space Launch Complex 4 East (SLC-4E) at Vandenberg Space Force Base in California.

This was the 13th flight for the first stage booster supporting this mission, which previously launched NROL-126, Transporter-12, SPHEREx, NROL-57, and now nine Starlink missions. Following stage separation, the first stage landed on the Of Course I Still Love You droneship, which was stationed in the Pacific Ocean.

There was a possibility that residents of Santa Barbara, San Luis Obispo, and Ventura counties may have heard  one or more sonic booms during the launch, but what residents experienced depended on weather and other conditions.",,2015807400326951344,x.com,False,2026-02-07 15:58:00,2026,True,True
3565,odca7nl9nvfzj68j90a33eg0,Starlink Mission,sl-17-32,final,starlink,Falcon 9,"SLC-4E, California",2026-02-02,07:47:00,Droneship,,,,False,False,"On Monday, February 2 at 7:47 a.m. PT, Falcon 9 launched 25 Starlink satellites to low-Earth orbit from Space Launch Complex 4 East (SLC-4E) at Vandenberg Space Force Base in California.

This was the 31st flight for the first stage booster supporting this mission, which previously launched NROL-87, NROL-85, SARah-1, SWOT, Transporter-8, Transporter-9, NROL-146, Bandwagon-2, NROL-153, NROL-192, Transporter-14, Transporter-15, and now 19 Starlink missions. Following stage separation, the first stage landed on the Of Course I Still Love You droneship, which was stationed in the Pacific Ocean.

There was a possibility that residents of Santa Barbara, San Luis Obispo, and Ventura counties may have heard  one or more sonic booms during the launch, but what residents experienced depended on weather and other conditions.

During launch, the second stage experienced an off-nominal condition caused by a failed ignition due to a gas bubble in the transfer tube ahead of the planned deorbit burn. The vehicle then performed as designed to successfully passivate the stage, which reentered Earth’s atmosphere approximately 10.5 hours later over the Southern Indian Ocean. No reports have been received of debris sightings or third-party damage.

SpaceX teams have actively and safely been testing opportunities to refine the pre-burn engine chill profiles, specifically targeting the deorbit burn after the safe deploy of Starlink satellites. The goal of this testing is to ultimately ensure space safety, effectively ensuring that all Falcon second stages completely deorbit, leaving behind no space debris. In 2024, 13 out of 134 upper Falcon 9 stages remained on-orbit after successful payload deploys. In 2025, we reduced this number to three out of a total of 165 launches. All 16 of the stages successfully passivated on-orbit and of those, six have since reentered. The remaining 10 second stages on-orbit had no deorbit planned per the approved mission profiles and are continuously tracked, allowing satellites with maneuvering capabilities to adjust accordingly. This deorbit reduction effort requires novel methods in order to perform deorbit burns on missions that would not otherwise have the performance to, such as missions to Geostationary Transfer Orbit. These tests provide critical data and insights, continuously improving the reliability of Falcon and protecting public safety across all missions.",,2013666087506686126,x.com,False,2026-02-02 07:47:00,2026,True,True
3564,lyx48kec1hafftgql79zjcsb,Starlink Mission,sl-6-101,final,starlink,Falcon 9,"SLC-40, Florida",2026-01-30,01:22:00,Droneship,,,,False,False,"On Friday, January 30 at 2:22 a.m. ET, Falcon 9 launched 29 Starlink satellites to low-Earth orbit from Space Launch Complex 40 (SLC-40) at Cape Canaveral Space Force Station in Florida.

This was the fifth flight for the first stage booster supporting this mission, which has now previously launched five Starlink missions. Following stage separation, the first stage landed on the Just Read the Instructions droneship, which was stationed in the Atlantic Ocean.",,2013635400200253902,x.com,False,2026-01-30 01:22:00,2026,True,True
3561,ku6wtfi223zo5792pxc9kzcn,Starlink Mission,sl-17-19,final,starlink,Falcon 9,"SLC-4E, California",2026-01-29,09:53:00,Droneship,,,,False,False,"On Thursday, January 29 at 9:53 a.m. PT, Falcon 9 launched 25 Starlink satellites to low-Earth orbit from Space Launch Complex 4 East (SLC-4E) at Vandenberg Space Force Base in California.

This was the 19th flight for the first stage booster supporting this mission, which previously launched USSF-62, OneWeb Launch 20, NROL-145, and now 16 Starlink missions. Following stage separation, the first stage landed on the Of Course I Still Love You droneship, which was stationed in the Pacific Ocean.

There was a possibility that residents of Santa Barbara, San Luis Obispo, and Ventura counties may have heard  one or more sonic booms during the launch, but what residents experienced depended on weather and other conditions.",,2013636122799136917,x.com,False,2026-01-29 09:53:00,2026,True,True
3556,ytirr80ra49q6x31as8tef64,GPS III-9 Mission,gpsiii9,final,nssl,Falcon 9,"SLC-40, Florida",2026-01-27,23:53:00,Droneship,,,,False,False,"On Tuesday, January 27 at 11:53 p.m. ET, Falcon 9 launched the GPS III-9 mission to medium-Earth orbit from Space Launch Complex 40 (SLC-40) at Cape Canaveral Space Force Station in Florida.

This was the fifth flight for the first stage booster supporting this mission, which previously launched KF-01, IMAP, NROL-77, and one Starlink mission. Following stage separation, the first stage landed on the A Shortfall of Gravitas droneship, which was stationed in the Atlantic Ocean.",,2013985289023132110,x.com,False,2026-01-27 23:53:00,2026,True,True
3540,d6y3uahl50mnke69roql64tr,Starlink Mission,sl-17-20,final,starlink,Falcon 9,"SLC-4E, California",2026-01-25,09:30:00,Droneship,,,,False,False,"On Sunday, January 25 at 9:30 a.m. PT, Falcon 9 launched 25 Starlink satellites to low-Earth orbit from Space Launch Complex 4 East (SLC-4E) at Vandenberg Space Force Base in California.

This was the sixth flight for the first stage booster supporting this mission, which previously launched Sentinel-6B, Twilight, and now four Starlink missions. Following stage separation, the first stage landed on the Of Course I Still Love You droneship, which was stationed in the Pacific Ocean.

There was a possibility that residents of Santa Barbara, San Luis Obispo, and Ventura counties may have heard  one or more sonic booms during the launch, but what residents experienced depended on weather and other conditions.",,2011478078736814368,x.com,False,2026-01-25 09:30:00,2026,True,True
3534,dcecpop0n5ombalnexcu7nbr,Starlink Mission,sl-17-30,final,starlink,Falcon 9,"SLC-4E, California",2026-01-21,21:47:00,Droneship,,,,False,False,"On Wednesday, January 21 at 9:47 p.m. PT, Falcon 9 launched 25 Starlink satellites to low-Earth orbit from Space Launch Complex 4 East (SLC-4E) at Vandenberg Space Force Base in California.

This was the 10th flight for the first stage booster supporting this mission, which previously launched SDA T1TL-B, SDA T1TL-C, and now eight Starlink missions. Following stage separation, the first stage landed on the Of Course I Still Love You droneship, which was stationed in the Pacific Ocean.

There was a possibility that residents of Santa Barbara, San Luis Obispo, and Ventura counties may have heard  one or more sonic booms during the launch, but what residents experienced depended on weather and other conditions.",,2009380035153514716,x.com,False,2026-01-21 21:47:00,2026,True,True
3526,inu2s6xgetyqqqa84fn5xzl3,Starlink Mission,sl-6-100,final,starlink,Falcon 9,"SLC-40, Florida",2026-01-18,18:31:00,Droneship,,,,False,False,"On Sunday, January 18 at 6:31 p.m. ET, Falcon 9 launched 29 Starlink satellites to low-Earth orbit from Space Launch Complex 40 (SLC-40) at Cape Canaveral Space Force Station in Florida.

This was the 24th flight for the first stage booster supporting this mission, which previously launched Ax-2, Euclid, Ax-3, CRS-30, SES ASTRA 1P, NG-21, and now 18 Starlink missions. Following stage separation, the first stage landed on the A Shortfall of Gravitas droneship, which was stationed in the Atlantic Ocean.",,2009337709924343858,x.com,False,2026-01-18 18:31:00,2026,True,True
3523,qfjpvoi4citp5ium04hmzfxk,NROL-105 Mission,nrol105,final,nssl,Falcon 9,"SLC-4E, California",2026-01-16,20:39:00,Landing Zone,,,,False,False,"On Friday, January 16 at 8:39 p.m. PT, Falcon 9 launched the NROL-105 mission from Space Launch Complex 4E (SLC-4E) at Vandenberg Space Force Base in California.

This was the second flight for the first stage booster supporting this mission, which previously launched one Starlink mission. Following stage separation, the first stage landed on Landing Zone 4 (LZ-4) at Vandenberg Space Force Base.

There was the possibility that residents of Santa Barbara, San Luis Obispo, and Ventura counties may have heard  one or more sonic booms during the launch, but what residents experienced depended on weather and other conditions.",,2008944779099304054,x.com,False,2026-01-16 20:39:00,2026,True,True
3516,csfdr0tjacgzhnnh48oy41f2,Starlink Mission,sl-6-98,final,starlink,Falcon 9,"SLC-40, Florida",2026-01-14,12:08:00,Droneship,,,,False,False,"On Wednesday, January 14 at 1:08 p.m. ET, Falcon 9 launched 29 Starlink satellites to low-Earth orbit from Space Launch Complex 40 (SLC-40) at Cape Canaveral Space Force Station in Florida.

This was the 13th flight for the first stage booster supporting this mission, which previously launched Crew-9, RRT-1, Firefly Blue Ghost Mission 1, Fram2, SXM-10, MTG-S1, and now seven Starlink missions. Following stage separation, the first stage landed on the A Shortfall of Gravitas droneship, which was stationed in the Atlantic Ocean.",,2007118528030064804,x.com,False,2026-01-14 12:08:00,2026,True,True
3513,h8b80fthkvhx56o60h6jg459,Starlink Mission,sl-6-97,final,starlink,Falcon 9,"SLC-40, Florida",2026-01-12,16:08:00,Droneship,,,,False,False,"On Monday, January 12 at 4:08 p.m. ET, Falcon 9 launched 29 Starlink satellites to low-Earth orbit from Space Launch Complex 40 (SLC-40) at Cape Canaveral Space Force Station in Florida.

This was the 25th flight for the first stage booster supporting this mission, which previously launched Crew-6, SES O3b mPOWER-B, USSF-124, BlueBird 1-5, Nusantara Lima (PSN N5), and now 20 Starlink missions. Following stage separation, the first stage landed on the Just Read the Instructions droneship, which was stationed in the Atlantic Ocean.",,2006029364870238709,x.com,False,2026-01-12 16:08:00,2026,True,True
3512,svmuab9g9jq5vf8jufj9p7cj,Twilight Mission,twilight,final,rideshare,Falcon 9,"SLC-4E, California",2026-01-11,05:44:00,Landing Zone,,,,False,False,"On Sunday, January 11 at 5:44 a.m. PT, Falcon 9 launched the Twilight mission to dusk-dawn Sun-synchronous orbit from Space Launch Complex 4E (SLC-4E) at Vandenberg Space Force Base in California.

This was the fifth flight for the first stage booster supporting this mission which previously launched Sentinel-6B and three Starlink missions. Following stage separation, the first stage landed on Landing Zone 4 (LZ-4) at Vandenberg Space Force Base.

Twilight was a dedicated smallsat rideshare mission. There were 40 payloads on this flight.",,2009019170562658552,x.com,False,2026-01-11 05:44:00,2026,True,True
3507,zia2l81muyaqcad9e0prl567,Starlink Mission,sl-6-96,final,starlink,Falcon 9,"SLC-40, Florida",2026-01-09,16:41:00,Droneship,,,,False,False,"On Friday, January 9 at 4:41 p.m. ET, Falcon 9 launched 29 Starlink satellites to low-Earth orbit from Space Launch Complex 40 (SLC-40) at Cape Canaveral Space Force Station in Florida.

This was the 29th flight for the first stage booster supporting this mission, which previously launched CRS-24, Eutelsat HOTBIRD 13F, OneWeb 1, SES-18 and SES-19, and now 25 Starlink missions. Following stage separation, the first stage landed on the A Shortfall of Gravitas droneship, which was stationed in the Atlantic Ocean.",,2005703348570230919,x.com,False,2026-01-09 16:41:00,2026,True,True
3495,r3rzcmbi2gy6g401z6n6rzdx,Starlink Mission,sl-6-88,final,starlink,Falcon 9,"SLC-40, Florida",2026-01-04,01:48:00,Droneship,,,,False,False,"On Sunday, January 4 at 1:48 a.m. ET, Falcon 9 launched 29 Starlink satellites to low-Earth orbit from Space Launch Complex 40 (SLC-40) at Cape Canaveral Space Force Station in Florida.

This was the first flight for the first stage booster supporting this mission. Following stage separation, the first stage landed on the Just Read the Instructions droneship, which was stationed in the Atlantic Ocean.",,2003204691283308728,x.com,False,2026-01-04 01:48:00,2026,True,True
3492,hxv23fgbdjqnvz9h71jvbr5i,COSMO-SkyMed Second Generation Mission,cosmo-skymedfm3,final,commercialSatellite,Falcon 9,"SLC-4E, California",2026-01-02,18:08:00,Landing Zone,,,,False,False,"On Friday, January 2 at 6:09 p.m. PT, Falcon 9 launched the COSMO-SkyMed Second Generation mission for the Italian Space Agency and the Italian Ministry of Defence to low-Earth orbit from Space Launch Complex 4E (SLC-4E) at Vandenberg Space Force Base in California.

This was the 21st flight for the first stage booster supporting this mission which previously launched Crew-7, CRS-29, PACE, Transporter-10, EarthCARE, NROL-186, Transporter-13, TRACERS, NROL-48, and 11 Starlink missions. Following stage separation, the first stage landed on Landing Zone 4 (LZ-4) at Vandenberg Space Force Base.

There was the possibility that residents of Santa Barbara, San Luis Obispo, and Ventura counties may hear  one or more sonic booms during the launch, but what residents experienced depended on weather and other conditions.",,2006410107391758689,x.com,False,2026-01-02 18:08:00,2026,True,True
3470,fii0c4daotn93bkddbff06ij,Starlink Mission,sl-6-99,final,starlink,Falcon 9,"LC-39A, Florida",2025-12-17,07:42:00,Droneship,,,,False,False,"On Wednesday, December 17 at 8:42 a.m. ET, Falcon 9 launched 29 Starlink satellites to low-Earth orbit from Launch Complex 39A (LC-39A) at NASA's Kennedy Space Center in Florida.

This was the sixth flight for the first stage booster supporting this mission, which previously launched Ax-4, Crew-11, Cygnus NG-23, and now three Starlink missions. Following stage separation, the first stage landed on the Just Read the Instructions droneship, which was stationed in the Atlantic Ocean.",,1999546705801310426,x.com,False,2025-12-17 07:42:00,2025,True,True
3472,tpev9t4lwezo9423zxevas5f,Starlink Mission,sl-15-13,final,starlink,Falcon 9,"SLC-4E, California",2025-12-17,07:27:00,Droneship,,,,False,False,"On Wednesday, December 17 at 7:27 a.m. PT, Falcon 9 launched 27 Starlink satellites to low-Earth orbit from Space Launch Complex 4 East (SLC-4E) at Vandenberg Space Force Base in California.

This was the 30th flight for the first stage booster supporting this mission, which previously launched Sentinel-6 Michael Freilich, DART, Transporter-7, Iridium OneWeb, SDA-0B, NROL-113, NROL-167, NROL-149, NAOS, and now 21 Starlink missions. Following stage separation, the first stage landed on the Of Course I Still Love You droneship, which was stationed in the Pacific Ocean.

There was a possibility that residents of Santa Barbara, San Luis Obispo, and Ventura counties may have heard  one or more sonic booms during the launch, but what residents experienced depended on weather and other conditions.",,1998806293021184042,x.com,False,2025-12-17 07:27:00,2025,True,True
3459,ry0bi9zu8cgwl5ou2pmg0t60,Starlink Mission,sl-6-82,final,starlink,Falcon 9,"SLC-40, Florida",2025-12-15,00:25:00,Droneship,,,,False,False,"On Monday, December 15 at 12:25 a.m. ET, Falcon 9 launched 29 Starlink satellites to low-Earth orbit from Space Launch Complex 40 (SLC-40) at Cape Canaveral Space Force Station in Florida.

This was the ninth flight for the first stage booster supporting this mission, which previously launched NROL-69, CRS-32, GPS III-7, USSF-36, and now five Starlink missions. Following stage separation, the first stage landed on the A Shortfall of Gravitas droneship, which was stationed in the Atlantic Ocean.",,1997013751959032124	,x.com,False,2025-12-15 00:25:00,2025,True,True
3455,bp9gup6tjc3bubkzxwdpds4s,Starlink Mission,sl-15-12,final,starlink,Falcon 9,"SLC-4E, California",2025-12-13,21:49:00,Droneship,,,,False,False,"On Saturday, December 13 at 9:49 p.m. PT, Falcon 9 launched 27 Starlink satellites to low-Earth orbit from Space Launch Complex 4 East (SLC-4E) at Vandenberg Space Force Base in California.

This was the ninth flight for the first stage booster supporting this mission, which previously launched SDA T1TL-B, SDA T1TL-C, and now seven Starlink missions. Following stage separation, the first stage landed on the Of Course I Still Love You droneship, which was stationed in the Pacific Ocean.

There was a possibility that residents of Santa Barbara, San Luis Obispo, and Ventura counties may have heard  one or more sonic booms during the launch, but what residents experienced depended on weather and other conditions.",,1999545070240792849,x.com,False,2025-12-13 21:49:00,2025,True,True
3452,qf5lpx971h3u3rxslxkh4dlc,Starlink Mission,sl-6-90,final,starlink,Falcon 9,"SLC-40, Florida",2025-12-11,17:01:00,Droneship,,,,False,False,"On Thursday, December 11 at 5:01 p.m. ET, Falcon 9 launched 29 Starlink satellites to low-Earth orbit from Space Launch Complex 40 (SLC-40) at Cape Canaveral Space Force Station in Florida.

This was the 16th flight for the first stage booster supporting this mission, which previously launched Crew-8, Polaris Dawn, CRS-31, Astranis: From One to Many, IM-2, Commercial GTO-1, and now 10 Starlink missions. Following stage separation, the first stage landed on the Just Read the Instructions droneship, which was stationed in the Atlantic Ocean.",,1996996760976203826,x.com,False,2025-12-11 17:01:00,2025,True,True
3449,pdjl7rh6eenv8thuob60vw5d,Starlink Mission,sl-15-11,final,starlink,Falcon 9,"SLC-4E, California",2025-12-10,03:40:00,Droneship,,,,False,False,"On Wednesday, December 10 at 3:40 a.m. PT, Falcon 9 launched 27 Starlink satellites to low-Earth orbit from Space Launch Complex 4 East (SLC-4E) at Vandenberg Space Force Base in California.

This was the 18th flight for the first stage booster supporting this mission, which previously launched USSF-62, OneWeb Launch 20, NROL-145, and now 15 Starlink missions. Following stage separation, the first stage landed on the Of Course I Still Love You droneship, which was stationed in the Pacific Ocean.

There was a possibility that residents of Santa Barbara, San Luis Obispo, and Ventura counties may have heard  one or more sonic booms during the launch, but what residents experienced depended on weather and other conditions.",,1993031018895298591,x.com,False,2025-12-10 03:40:00,2025,True,True
3446,wz746o3mmwz1fgsymyhdndjb,NROL-77 Mission,nrol77,final,nssl,Falcon 9,"SLC-40, Florida",2025-12-09,14:16:00,Landing Zone,,,,False,False,"On Tuesday, December 9 at 2:16 p.m. ET, Falcon 9 launched the NROL-77 mission from Space Launch Complex 40 (SLC-40) at Cape Canaveral Space Force Station in Florida.

This was the fourth flight for the first stage booster supporting this mission, which previously launched KF-01, IMAP, and one Starlink mission. Following stage separation, the first stage landed on Landing Zone 2 (LZ-2) at Cape Canaveral Space Force Station.

NROL-77 was the third mission Falcon 9 launched in 2025 on behalf of the Space Systems Command and National Reconnaissance Office, continuing to deliver assured access to space.",,1993101639364890796,x.com,False,2025-12-09 14:16:00,2025,True,True
3445,q1lndeppeyjtb060xf57rnfj,Starlink Mission,sl-6-92,final,starlink,Falcon 9,"LC-39A, Florida",2025-12-08,17:26:00,Droneship,,,,False,False,"On Monday, December 8 at 5:26 p.m. ET, Falcon 9 launched 29 Starlink satellites to low-Earth orbit from Launch Complex 39A (LC-39A) at NASA's Kennedy Space Center in Florida.

This was the 32nd flight for the first stage booster supporting this mission, which previously launched CRS-22, Crew-3, Turksat 5B, Crew-4, CRS-25, Eutelsat HOTBIRD 13G, SES O3B mPOWER-A, PSN SATRIA, Telkomsat Merah Putih 2, Galileo L13, Koreasat-6A, and now 21 Starlink missions. Following stage separation, the first stage landed on the Just Read the Instructions droneship, which was stationed in the Atlantic Ocean.",,1997819825838760339,x.com,False,2025-12-08 17:26:00,2025,True,True
3442,mnwv728pwmvq02v7eg2l77ke,Starlink Mission,sl-11-15,final,starlink,Falcon 9,"SLC-4E, California",2025-12-07,09:58:00,Droneship,,,,False,False,"On Sunday, December 7 at 9:58 a.m. PT, Falcon 9 launched 28 Starlink satellites to low-Earth orbit from Space Launch Complex 4 East (SLC-4E) at Vandenberg Space Force Base in California.

This was the 12th flight for the first stage booster supporting this mission, which previously launched NROL-126, Transporter-12, SPHEREx, NROL-57, and now eight Starlink missions. Following stage separation, the first stage landed on the Of Course I Still Love You droneship, which was stationed in the Pacific Ocean.

There was a possibility that residents of Santa Barbara, San Luis Obispo, and Ventura counties may have heard  one or more sonic booms during the launch, but what residents experienced depended on weather and other conditions.",,1993008120541466885,x.com,False,2025-12-07 09:58:00,2025,True,True
3435,hyyoz6gc0fuu1o5rdvdf5jpy,Starlink Mission,sl-11-25,final,starlink,Falcon 9,"SLC-4E, California",2025-12-04,15:42:00,Droneship,,,,False,False,"On Thursday, December 4 at 12:42 p.m. PT, Falcon 9 launched 28 Starlink satellites to low-Earth orbit from Space Launch Complex 4 East (SLC-4E) at Vandenberg Space Force Base in California.

This was the fourth flight for the first stage booster supporting this mission, which previously launched Sentinel-6B and now three Starlink missions. Following stage separation, the first stage landed on the Of Course I Still Love You droneship, which was stationed in the Pacific Ocean.

There was a possibility that residents of Santa Barbara, San Luis Obispo, and Ventura counties may have heard  one or more sonic booms during the launch, but what residents experienced depended on weather and other conditions.",,1993002396662776045,x.com,False,2025-12-04 15:42:00,2025,True,True
3431,d5z5lyjiwfgittc98r0j167r,Starlink Mission,sl-6-95,final,starlink,Falcon 9,"SLC-40, Florida",2025-12-02,16:18:00,Droneship,,,,False,False,"On Tuesday, December 2nd at 5:18 p.m. ET, Falcon 9 launched 29 Starlink satellites to low-Earth orbit from Space Launch Complex 40 (SLC-40) at Cape Canaveral Space Force Station in Florida.

This was the 25th flight for the first stage booster supporting this mission, which previously launched Crew-5, GPS III Space Vehicle 06, Inmarsat I6-52, CRS-28, Intelsat G-37, NG-20, TD7, and now 18 Starlink missions. Following stage separation, the first stage landed on the A Shortfall of Gravitas droneship, which was stationed in the Atlantic Ocean.",,1993005481376268446,x.com,False,2025-12-02 16:18:00,2025,True,True
3426,u1qw5m5bcpmt68eocls92u21,Starlink Mission,sl-15-10,final,starlink,Falcon 9,"SLC-4E, California",2025-12-01,21:28:00,Droneship,,,,False,False,"On Monday, December 1 at 9:28 p.m. PT, Falcon 9 launched 27 Starlink satellites to low-Earth orbit from Space Launch Complex 4 East (SLC-4E) at Vandenberg Space Force Base in California.

This was the 20th flight for the first stage booster supporting this mission, which previously launched Crew-7, CRS-29, PACE, Transporter-10, EarthCARE, NROL-186, Transporter-13, TRACERS, NROL-48, and now 11 Starlink missions. Following stage separation, the first stage landed on the Of Course I Still Love You droneship, which was stationed in the Pacific Ocean.

There was a possibility that residents of Santa Barbara, San Luis Obispo, and Ventura counties may have heard  one or more sonic booms during the launch, but what residents experienced depended on weather and other conditions.",,1992996056716505371,x.com,False,2025-12-01 21:28:00,2025,True,True
3423,mxb9unegq1l80gt5metfaasv,Starlink Mission,sl-6-86,final,starlink,Falcon 9,"LC-39A, Florida",2025-12-01,02:44:00,Droneship,,,,False,False,"On Monday, December 1st at 2:44 a.m. ET, Falcon 9 launched 29 Starlink satellites to low-Earth orbit from Launch Complex 39A (LC-39A) at Kennedy Space Center in Florida.

This was the fourth flight for the first stage booster supporting this mission, which has now launched four Starlink missions. Following stage separation, the first stage landed on the Just Read the Instructions droneship, which was stationed in the Atlantic Ocean.",,1995382536147468592,x.com,False,2025-12-01 02:44:00,2025,True,True
3669,bun200oo47jwsn287qmwlfci,Transporter-15 Mission,transporter15,final,rideshare,Falcon 9,"SLC-4E, California",2025-11-28,10:44:00,Droneship,,,,False,False,"On Friday, November 28 at 10:44 a.m. PT, Falcon 9 launched the Transporter-15 mission to sun-synchronous orbit from Space Launch Complex 4E (SLC-4E) at Vandenberg Space Force Base in California.

On board this mission were 140 payloads, including cubesats, microsats, hosted payloads, and orbital transfer vehicles carrying 13 of those payloads to be deployed at a later time.

This was the 30th flight for the first stage booster supporting this mission which previously launched NROL-87, NROL-85, SARah-1, SWOT, Transporter-8, Transporter-9, NROL-146, Bandwagon-2, NROL-153, NROL-192, Transporter-14, and 18 Starlink missions. Following stage separation, the first stage landed on the Of Course I Still Love You droneship, which was stationed in the Pacific Ocean.

There was the possibility that residents of and visitors to Santa Barbara, San Luis Obispo, and Ventura counties may hear one or more sonic booms during the launch, but what residents experienced depended on weather and other conditions.",,1993748339700191630,x.com,False,2025-11-28 10:44:00,2025,True,True
3402,zt3y6g4x4v6v61kcm45qyd2u,Starlink Mission,sl-11-30,final,starlink,Falcon 9,"SLC-4E, California",2025-11-23,00:48:00,Droneship,,,,False,False,"On Sunday, November 23 at 12:48 a.m. PT, Falcon 9 launched 28 Starlink satellites to low-Earth orbit from Space Launch Complex 4 East (SLC-4E) at Vandenberg Space Force Base in California.

This was the first flight for the first stage booster supporting this mission. Following stage separation, the first stage landed on the Of Course I Still Love You droneship, which was stationed in the Pacific Ocean.

There was a possibility that residents of Santa Barbara, San Luis Obispo, and Ventura counties may have heard  one or more sonic booms during the launch, but what residents experienced depended on weather and other conditions.",,1990145186656125430,x.com,False,2025-11-23 00:48:00,2025,True,True
3400,x7az2hd7qcgtavelxu2v1arj,Starlink Mission,sl-6-79,final,starlink,Falcon 9,"SLC-40, Florida",2025-11-22,02:53:00,Droneship,,,,False,False,"On Saturday, November 22nd at 2:53 a.m. ET, Falcon 9 launched 29 Starlink satellites to low-Earth orbit from Space Launch Complex 40 (SLC-40) at Cape Canaveral Space Force Station in Florida.

This was the ninth flight for the first stage booster supporting this mission, which previously launched SES O3b mPOWER-E, Crew-10, Bandwagon-3, mPOWER-D, CRS-33, and now four Starlink missions. Following stage separation, the first stage landed on the A Shortfall of Gravitas droneship, which was stationed in the Atlantic Ocean.",,1988312595925790965,x.com,False,2025-11-22 02:53:00,2025,True,True
3398,jtdlj5balqv8048efnz2pfzg,Starlink Mission,sl-6-78,final,starlink,Falcon 9,"LC-39A, Florida",2025-11-20,22:39:00,Droneship,,,,False,False,"On Thursday, November 20th at 10:39 p.m. ET, Falcon 9 launched 29 Starlink satellites to low-Earth orbit from Launch Complex 39A (LC-39A) at NASA's Kennedy Space Center in Florida.

This was the 23rd flight for the first stage booster supporting this mission, which previously launched Ax-2, Euclid, Ax-3, CRS-30, SES ASTRA 1P, NG-21, and now 17 Starlink missions. Following stage separation, the first stage landed on the Just Read the Instructions droneship, which was stationed in the Atlantic Ocean.",,1990156338425364925,x.com,False,2025-11-20 22:39:00,2025,True,True
3394,xreb8c38h7nvh29hm9lgisr0,Starlink Mission,sl-6-94,final,starlink,Falcon 9,"SLC-40, Florida",2025-11-18,19:12:00,Droneship,,,,False,False,"On Tuesday, November 18th at 7:12 p.m. ET, Falcon 9 launched 29 Starlink satellites to low-Earth orbit from Space Launch Complex 40 (SLC-40) at Cape Canaveral Space Force Station in Florida.

This was the 12th flight for the first stage booster supporting this mission, which previously launched Crew-9, RRT-1, Firefly Blue Ghost Mission 1, Fram2, SXM-10, MTG-S1, and now six Starlink missions. Following stage separation, the first stage landed on the A Shortfall of Gravitas droneship, which was stationed in the Atlantic Ocean.",,1988303806187082094,x.com,False,2025-11-18 19:12:00,2025,True,True
3384,jqnm12lgb3mjny7yrljbvu8q,Sentinel-6B Mission,sentinel-6b,final,science,Falcon 9,"SLC-4E, California",2025-11-16,21:21:00,Landing Zone,,,,False,False,"On Sunday, November 16 at 9:21 p.m. PT, Falcon 9 launched NASA’s Sentinel-6B mission from Space Launch Complex 4 East (SLC-4E) from Vandenberg Space Force Base in California.

This was the third flight for the first stage booster supporting this mission, which previously supported two Starlink missions. Following stage separation, the first stage landed on Landing Zone 4 (LZ-4) at Vandenberg Space Force Base.

Sentinel-6B will use radar to bounce signals off of the ocean surface to deliver continuous ocean topography measurements. The mission also will collect high-resolution vertical profiles of temperature to assess temperature changes in Earth’s atmosphere and improve weather prediction models. It took over from Sentinel-6 Michael Freilich, a twin of Sentinel-6B, which Falcon 9 launched five years ago from SLC-4E on November 21, 2020.

There was a possibility that residents of Santa Barbara, San Luis Obispo, and Ventura counties heard  one or more sonic booms during the launch, but what residents experienced depended on weather and other conditions.",,,,False,2025-11-16 21:21:00,2025,True,True
3382,lhqffesda5yaj368tcqnqfyu,Starlink Mission,sl-6-85,final,starlink,Falcon 9,"SLC-40, Florida",2025-11-15,01:44:00,Droneship,,,,False,False,"On Saturday, November 15th at 1:44 a.m. ET, Falcon 9 launched 29 Starlink satellites to low-Earth orbit from Space Launch Complex 40 (SLC-40) at Cape Canaveral Space Force Station in Florida.

This was the 24th flight for the first stage booster supporting this mission, which previously launched Crew-6, SES O3b mPOWER-B, USSF-124, BlueBird 1-5, Nusantara Lima (PSN N5), and 19 Starlink missions. Following stage separation, the first stage landed on the Just Read the Instructions droneship, which was stationed in the Atlantic Ocean.",,1988296626985988543,x.com,False,2025-11-15 01:44:00,2025,True,True
3380,inptdappg5mb6t1md50bqitx,Starlink Mission,sl-6-89,final,starlink,Falcon 9,"LC-39A, Florida",2025-11-14,22:08:00,Droneship,,,,False,False,"On Friday, November 14th at 10:08 p.m. ET, Falcon 9 launched 29 Starlink satellites to low-Earth orbit from Launch Complex 39A (LC-39A) at NASA's Kennedy Space Center in Florida.

This was the eighth flight for the first stage booster supporting this mission, which previously launched NROL-69, CRS-32, GPS III-7, USSF-36, and now four Starlink missions. Following stage separation, the first stage landed on the Just Read the Instructions droneship, which was stationed in the Atlantic Ocean.",,1988314044168548819,x.com,False,2025-11-14 22:08:00,2025,True,True
3366,xe57w1ia6ojq5167b3yqk5z7,Starlink Mission,sl-6-87,final,starlink,Falcon 9,"SLC-40, Florida",2025-11-10,21:21:00,Droneship,,,,False,False,"On Monday, November 10th at 10:21 p.m. ET, Falcon 9 launched 29 Starlink satellites to low-Earth orbit from Space Launch Complex 40 (SLC-40) at Cape Canaveral Space Force Station in Florida.

This was the third flight for the first stage booster supporting this mission, which previously launched KF-01 and IMAP and now one Starlink mission. Following stage separation, the first stage landed on the Just Read the Instructions droneship, which was stationed in the Atlantic Ocean.",,1988083218982350868,x.com,False,2025-11-10 21:21:00,2025,True,True
3355,rcrtdz29l97wjrrcae7irrig,Starlink Mission,sl-10-51,final,starlink,Falcon 9,"LC-39A, Florida",2025-11-09,03:10:00,Droneship,,,,False,False,"On Sunday, November 9th at 3:10 a.m. ET, Falcon 9 launched 29 Starlink satellites to low-Earth orbit from Launch Complex 39A (LC-39A) at NASA's Kennedy Space Center in Florida.

This was the 28th flight for the first stage booster supporting this mission, which previously launched CRS-24, Eutelsat HOTBIRD 13F, OneWeb 1, SES-18 and SES-19, and now 24 Starlink missions. Following stage separation, the first stage landed on the A Shortfall of Gravitas droneship, which is stationed in the Atlantic Ocean.",,1987140711008116894,x.com,False,2025-11-09 03:10:00,2025,True,True
3341,b1nb0atn5byq685hbfpy20fj,Starlink Mission,sl-11-14,final,starlink,Falcon 9,"SLC-4E, California",2025-11-06,13:13:00,Droneship,,,,False,False,"On Thursday, November 6 at 1:13 p.m. PT, Falcon 9 launched 28 Starlink satellites to low-Earth orbit from Space Launch Complex 4 East (SLC-4E) at Vandenberg Space Force Base in California.

This was the eighth flight for the first stage booster supporting this mission, which previously launched SDA T1TL-B Tranche 1, SDA T1TL-C Tranche 1, and now six Starlink missions. Following stage separation, the first stage landed on the Of Course I Still Love You droneship, which was stationed in the Pacific Ocean.

There was a possibility that residents of Santa Barbara, San Luis Obispo, and Ventura counties may have heard  one or more sonic booms during the launch, but what residents experienced depended on weather and other conditions.",,1983915996151706102,x.com,False,2025-11-06 13:13:00,2025,True,True
3335,f5qgt2m0id4j9g3c2h3jvm1c,Starlink Mission,sl-6-81,final,starlink,Falcon 9,"SLC-40, Florida",2025-11-05,19:31:00,Droneship,,,,False,False,"On Wednesday, November 5th at 8:31 p.m. ET, Falcon 9 launched 29 Starlink satellites to low-Earth orbit from Space Launch Complex 40 (SLC-40) at Cape Canaveral Space Force Station in Florida.

This was the fifth flight for the first stage booster supporting this mission, which previously launched Ax-4, Crew-11, NG-23, and now two Starlink missions. Following stage separation, the first stage landed on the Just Read the Instructions droneship, which was stationed in the Atlantic Ocean.",,1983913893773594784,x.com,False,2025-11-05 19:31:00,2025,True,True
3331,bc5s344e17flot0fy8gqzidz,Bandwagon-4 Mission,bandwagon-4,final,rideshare,Falcon 9,"SLC-40, Florida",2025-11-02,01:09:00,Landing Zone,,,,False,False,"On Sunday, November 2 at 1:09 a.m. ET, Falcon 9 launched the Bandwagon-4 mission to orbit from Space Launch Complex 40 (SLC-40) at Cape Canaveral Space Force Station in Florida. On board this mission were 18 payloads for KOREA ADD, Exolaunch, Fergani, Tomorrow Companies Inc., Starcloud, and Vast.

This was the third flight of the first stage booster supporting this mission, which previously launched KF-02 and KF-03. Following stage separation, the first stage landed on Landing Zone 2 (LZ-2) at Cape Canaveral Space Force Station.",,1984018892629410016,x.com,False,2025-11-02 01:09:00,2025,True,True
3328,bvzf6pnh5vnv7zwaw8h0ggka,Starlink Mission,sl-11-23,final,starlink,Falcon 9,"SLC-4E, California",2025-10-31,13:41:00,Droneship,,,,False,False,"On Friday, October 31 at 1:41 p.m. PT, Falcon 9 launched 28 Starlink satellites to low-Earth orbit from Space Launch Complex 4 East (SLC-4E) at Vandenberg Space Force Base in California.

This was the 29th flight for the first stage booster supporting this mission, which previously launched Sentinel-6 Michael Freilich, DART, Transporter-7, Iridium OneWeb, SDA-0B, NROL-113, NROL-167, NROL-149, NAOS, and now 20 Starlink missions. Following stage separation, the first stage landed on the Of Course I Still Love You droneship, which was stationed in the Pacific Ocean.

There was a possibility that residents of Santa Barbara, San Luis Obispo, and Ventura counties may have heard  one or more sonic booms during the launch, but what residents experienced depended on weather and other conditions.",,1980294096531919077,x.com,False,2025-10-31 13:41:00,2025,True,True
3305,o8hjipbkg49ykhozaz91tcpw,Starlink Mission,sl-10-37,final,starlink,Falcon 9,"SLC-40, Florida",2025-10-29,12:35:00,Droneship,,,,False,False,"On Wednesday, October 29 at 12:35 p.m. ET, Falcon 9 launched 29 Starlink satellites to low-Earth orbit from Space Launch Complex 40 (SLC-40) at Cape Canaveral Space Force Station in Florida.

This was the 15th flight for the first stage booster supporting this mission, which previously launched Crew-8, Polaris Dawn, CRS-31, Astranis: From One to Many, IM-2, Commercial GTO-1, and now nine Starlink missions. Following stage separation, the first stage landed on the Just Read the Instructions droneship, which was stationed in the Atlantic Ocean.",,1978866107508310135,x.com,False,2025-10-29 12:35:00,2025,True,True
3304,kpe7c6736qbehw3f9qw0wlxh,Starlink Mission,sl-11-21,final,starlink,Falcon 9,"SLC-4E, California",2025-10-27,17:43:00,Droneship,,,,False,False,"On Monday, October 27 at 5:43 p.m. PT, Falcon 9 launched 28 Starlink satellites to low-Earth orbit from Space Launch Complex 4 East (SLC-4E) at Vandenberg Space Force Base in California.

This was the 19th flight for the first stage booster supporting this mission, which previously launched USSF-62, OneWeb Launch 20, NROL-145, and now 14 Starlink missions. Following stage separation, the first stage landed on the Of Course I Still Love You droneship, which was stationed in the Pacific Ocean.

There was a possibility that residents of Santa Barbara, San Luis Obispo, and Ventura counties may have heard  one or more sonic booms during the launch, but what residents experienced depended on weather and other conditions.",,1978869779956945380,x.com,False,2025-10-27 17:43:00,2025,True,True
3301,ywxiurhmx4ev521xnfwb1i40,Starlink Mission,sl-10-21,final,starlink,Falcon 9,"SLC-40, Florida",2025-10-26,11:00:00,Droneship,,,,False,False,"On Sunday, October 26 at 11:00 a.m. ET, Falcon 9 launched 28 Starlink satellites to low-Earth orbit from Space Launch Complex 40 (SLC-40) at Cape Canaveral Space Force Station in Florida.

This was the 24th flight for the Falcon 9 first stage booster supporting this mission, which previously launched Crew-5, GPS III Space Vehicle 06, Inmarsat I6-F2, CRS-28, Intelsat G-37, NG-20, TD7, and now 17 Starlink missions. Following stage separation, the first stage landed on the A Shortfall of Gravitas droneship, which was stationed in the Atlantic Ocean.",,1982458103078457834,x.com,False,2025-10-26 11:00:00,2025,True,True
3300,xmzxkm1r72vk3fk47qw03b1h,Starlink Mission,sl-11-12,final,starlink,Falcon 9,"SLC-4E, California",2025-10-25,07:20:00,Droneship,,,,False,False,"On Saturday, October 25 at 7:20 a.m. PT, Falcon 9 launched 28 Starlink satellites to low-Earth orbit from Space Launch Complex 4 East (SLC-4E) at Vandenberg Space Force Base in California.

This was the 19th flight for the first stage booster supporting this mission, which previously launched Crew-7, CRS-29, PACE, Transporter-10, EarthCARE, NROL-186, Transporter-13, TRACERS, NROL-48, and now 10 Starlink missions. Following stage separation, the first stage landed on the Of Course I Still Love You droneship, which was stationed in the Pacific Ocean.

There was a possibility that residents of Santa Barbara, San Luis Obispo, and Ventura counties may have heard  one or more sonic booms during the launch, but what residents experienced depended on weather and other conditions.",,1978859336005722628,x.com,False,2025-10-25 07:20:00,2025,True,True
3298,s5vz8i2nlwlppvu8p5uh2ft9,SpainSat NG II Mission,spainsatngii,final,commercialSatellite,Falcon 9,"SLC-40, Florida",2025-10-23,21:30:00,Expended,,,,False,False,"On Thursday, October 23 at 9:30 p.m. ET, Falcon 9 launched the SpainSat NG II  mission to geosynchronous transfer orbit from Space Launch Complex 40 (SLC-40) at Cape Canaveral Space Force Station in Florida.

This was the 22nd and final flight for the Falcon 9 first stage booster supporting this mission, which previously launched CRS-26, OneWeb Launch 16, Intelsat IS-40e, SES O3b mPOWER-C, Ovzon-3, Eutelsat 26D, Turksat 6A, Maxar 2, SXM-9, and 12 Starlink missions.",,1978500434810548684,x.com,False,2025-10-23 21:30:00,2025,True,True
3290,l6vcxrerxt3aiq2nl31amc5j,Starlink Mission,sl-11-5,final,starlink,Falcon 9,"SLC-4E, California",2025-10-22,07:16:00,Droneship,,,,False,False,"On Wednesday, October 22 at 7:16 a.m. PT, Falcon 9 launched 28 Starlink satellites to low-Earth orbit from Space Launch Complex 4 East (SLC-4E) at Vandenberg Space Force Base in California.

This was the 21st flight for the first stage booster supporting this mission, which previously launched SDA-0A, SARah-2, Transporter-11, and now 18 Starlink missions. Following stage separation, the first stage landed on the Of Course I Still Love You droneship, which was stationed in the Pacific Ocean.

There was a possibility that residents of Santa Barbara, San Luis Obispo, and Ventura counties may have heard  one or more sonic booms during the launch, but what residents experienced depended on weather and other conditions.",,1973859271344550076,x.com,False,2025-10-22 07:16:00,2025,True,True
3189,ycqw8wi8v3yiyqbe93mbuku9,Starlink Mission,sl-11-19,final,starlink,Falcon 9,"SLC-4E, California",2025-10-19,14:24:00,Droneship,,,,False,False,"On Sunday, October 19 at 12:24 p.m. PT, Falcon 9 launched 28 Starlink satellites to low-Earth orbit from Space Launch Complex 4 East (SLC-4E) at Vandenberg Space Force Base in California.

This was the 11th flight for the first stage booster supporting this mission, which previously launched NROL-126, Transporter-12, SPHEREx, NROL-57, and now seven Starlink missions. Following stage separation, the first stage landed on the Of Course I Still Love You droneship, which was stationed in the Pacific Ocean.

There was a possibility that residents of Santa Barbara, San Luis Obispo, and Ventura counties may have heard  one or more sonic booms during the launch, but what residents experienced depended on weather and other conditions.",,1975604018417164771,x.com,False,2025-10-19 14:24:00,2025,True,True
3188,rnu5phr44rwgs4crzgl2c1mk,Starlink Mission,sl-10-17,final,starlink,Falcon 9,"SLC-40, Florida",2025-10-19,13:37:00,Droneship,,,,False,False,"On Sunday, October 19 at 1:39 p.m. ET, Falcon 9 launched 28 Starlink satellites to low-Earth orbit from Space Launch Complex 40 (SLC-40) at Cape Canaveral Space Force Station in Florida.

This was the 31st flight for the first stage booster supporting this mission, which previously launched CRS-22, Crew-3, Turksat 5B, Crew-4, CRS-25, Eutelsat HOTBIRD 13G, O3B mPOWER-A, PSN SATRIA, Telkomsat Merah Putih 2, Galileo L13, Koreasat-6A, and now 20 Starlink missions. Following stage separation, the first stage landed on the A Shortfall of Gravitas droneship, which was be stationed in the Atlantic Ocean.",,1976787390900686882,x.com,False,2025-10-19 13:37:00,2025,True,True
3178,o0n9pcx23rz1k7dngu5clssa,Starlink Mission,sl-10-52,final,starlink,Falcon 9,"SLC-40, Florida",2025-10-16,05:27:00,Droneship,,,,False,False,"On Thursday, October 16 at 5:27 a.m. ET, Falcon 9 launched 28 Starlink satellites to low-Earth orbit from Space Launch Complex 40 (SLC-40) at Cape Canaveral Space Force Station in Florida.

This was the third flight for the first stage booster supporting this mission, which has now launched three Starlink missions. Following stage separation, the first stage landed on the Just Read The Instructions droneship, which was stationed in the Atlantic Ocean.",,1976785403224244436,x.com,False,2025-10-16 05:27:00,2025,True,True
3594,ngj40ctind72x72hofn4wp7p,Space Development Agency's Tranche 1 Transport Mission,sda-t1tl-c,final,nssl,Falcon 9,"SLC-4E, California",2025-10-15,16:06:00,Droneship,,,,False,False,"On Wednesday, October 15 at 4:06 p.m. PT, SpaceX launched the Space Development Agency’s (SDA) Tranche 1 data transport mission to low-Earth orbit from Space Launch Complex 4 East (SLC-4E) at Vandenberg Space Force Base in California. This was the second of ten Tranche 1 missions Falcon 9 will launch on behalf of the SDA.

This was the seventh flight for the first stage booster supporting this mission, which previously launched SDA T1TL-B Tranche 1 and five Starlink missions. Following stage separation, the first stage landed on the Of Course I Still Love You droneship, which was stationed in the Pacific Ocean.

The space vehicles launched during this mission will provide data transport as a part of SDA’s Proliferated Warfighter Space Architecture, a new layered network of satellites in low-Earth orbit and supporting elements that will provide global military tactical communication and missile warning, indication, and tracking capabilities.

There was the possibility that residents of Santa Barbara, San Luis Obispo, and Ventura counties may have heard  one or more sonic booms during the launch, but what residents experienced was dependent on weather and other conditions.",,1973509977902878864,x.com,False,2025-10-15 16:06:00,2025,True,True
3167,kzpemzxkkhosqujhk3li2rvk,KF-03 Mission,kf-03,final,commercialSatellite,Falcon 9,"SLC-40, Florida",2025-10-13,20:08:00,Droneship,,,,False,False,"On Monday, October 13 at 9:58 p.m. ET, Falcon 9 launched the KF-03 mission to orbit from Space Launch Complex 40 (SLC-40) at Cape Canaveral Space Force Station in Florida.

This was the second flight for the Falcon 9 first stage booster supporting this mission, which previously launched KF-02. After stage separation, the first stage landed on the A Shortfall of Gravitas droneship, which was be stationed in the Atlantic Ocean.",,,,False,2025-10-13 20:08:00,2025,True,True
3734,o9kfmlm09afhiq3yd78ork3k,Starship's Eleventh Flight Test,starship-flight-11,final,starship,Starship,"Pad 1, Starbase",2025-10-13,18:23:00,Expended,,,,False,False,"On Monday, October 13, 2025, at 6:23 p.m. CT, Starship lifted off from Starbase, Texas on its eleventh flight test. This was the final flight of the second-generation Starship and first generation Super Heavy booster, as well as the final launch from the current configuration of Pad 1. Every major objective of the flight test was achieved, providing valuable data as we prepare the next generation of Starship and Super Heavy.

The flight test began with Super Heavy igniting all 33 Raptor engines and ascending over the Gulf. The successful first-stage ascent was followed by a hot-staging maneuver, with Starship’s upper stage igniting its six Raptor engines to continue its flight to space.

Following stage separation, the Super Heavy booster completed its boostback burn to put it on a course to a pre-planned splashdown zone off the coast of Texas using 12 of the 13 planned engines. Under the same angle of attack tested on the previous flight, the booster descended until successfully igniting all 13 planned engines (including one that did not relight during the boostback burn) for the high-thrust portion of the landing burn. The booster successfully executed a unique landing burn planned for use on the next generation booster. Super Heavy hovered above the water before shutting down its engines and splashing down.

After completing a full-duration ascent burn, Starship achieved its planned velocity and trajectory. During flight, Starship successfully deployed eight Starlink simulators and executed the third in-space relight of a Raptor engine, demonstrating a critical capability for future deorbit burns.

Starship re-entered the Earth’s atmosphere and was able to gather extensive data on the performance of its heatshield as it was intentionally stressed to test the limits of the vehicle’s capabilities. In the final minutes of flight, Starship performed a dynamic banking maneuver to mimic the trajectory that future missions returning to Starbase will fly. Starship then guided itself using its four flaps to the pre-planned splashdown zone in the Indian Ocean, successfully executing a landing flip, landing burn, and soft splashdown.

Focus now turns to the next generation of Starship and Super Heavy, with multiple vehicles currently in active build and preparing for tests. This next iteration will be used for the first Starship orbital flights, operational payload missions, propellant transfer, and more as we iterate to a fully and rapidly reusable vehicle with service to Earth orbit, the Moon, Mars, and beyond.",,1972796063359647955,x.com,False,2025-10-13 18:23:00,2025,True,True
3147,vmchhuf3cwoauik4iaasazxa,Starlink Mission,sl-11-17,final,starlink,Falcon 9,"SLC-4E, California",2025-10-07,20:54:00,Droneship,,,,False,False,"On Tuesday, October 7 at 8:54 p.m. PT, Falcon 9 launched 28 Starlink satellites to low-Earth orbit from Space Launch Complex 4 East (SLC-4E) at Vandenberg Space Force Base in California.

This was the 29th flight for the first stage booster supporting this mission, which previously launched NROL-87, NROL-85, SARah-1, SWOT, Transporter-8, Transporter-9, Transporter-14, NROL-146, Bandwagon-2, NROL-153, NROL-192, and now 18 Starlink missions. Following stage separation, the first stage landed on the Of Course I Still Love You droneship, which was stationed in the Pacific Ocean.

There is the possibility that residents of Santa Barbara, San Luis Obispo, and Ventura counties may have heard  one or more sonic booms during the launch, but what residents experience will depend on weather and other conditions.",,1973784341231653107,x.com,False,2025-10-07 20:54:00,2025,True,True
3264,ar4wqcpdd8hbajqy3nt6j2d5,Starlink Mission,sl-10-59,final,starlink,Falcon 9,"SLC-40, Florida",2025-10-07,02:46:00,Droneship,,,,False,False,"On Tuesday, October 7 at 2:46 a.m. ET, Falcon 9 launched 28 Starlink satellites to low-Earth orbit from Space Launch Complex 40 (SLC-40) at Cape Canaveral Space Force Station in Florida.

This was the eighth flight for the first stage booster supporting this mission, which previously launched CRS-33, O3b mPOWER-E, Crew-10, Bandwagon-3, O3b mPOWER-D, and now three Starlink missions. Following stage separation, the first stage landed on the A Shortfall of Gravitas droneship, which was stationed in the Atlantic Ocean.",,1974206951144755665,x.com,False,2025-10-07 02:46:00,2025,True,True
3130,y76u0c07a6842a8xaqrrxaax,Starlink Mission,sl-11-39,final,starlink,Falcon 9,"SLC-4E, California",2025-10-03,09:06:00,Droneship,,,,False,False,"On Friday, October 3 at 7:06 a.m. PT, Falcon 9 launched 28 Starlink satellites to low-Earth orbit from Space Launch Complex 4 East (SLC-4E) at Vandenberg Space Force Base in California.

This was the second flight for the first stage booster supporting this mission, which now previously launched two Starlink mission. After stage separation, the first stage landed on the Of Course I Still Love You droneship, which was stationed in the Pacific Ocean.

There was the possibility that residents of Santa Barbara, San Luis Obispo, and Ventura counties may have heard  one or more sonic booms during the launch, but what residents experienced depended on weather and other conditions.",,1970646673211765040,x.com,False,2025-10-03 09:06:00,2025,True,True
3110,s3et525zkw5yrzxho3jk6eqe,Starlink Mission,sl-11-20,final,starlink,Falcon 9,"SLC-4E, California",2025-09-28,19:04:00,Droneship,,,,False,False,"On Sunday, September 28 at 7:04 p.m. PT, Falcon 9 launched 28 Starlink satellites to low-Earth orbit from Space Launch Complex 4 East (SLC-4E) at Vandenberg Space Force Base in California.

This was the 28th flight for the first stage booster supporting this mission, which previously launched Sentinel-6 Michael Freilich, DART, Transporter-7, Iridium OneWeb, SDA-0B, NROL-113, NROL-167, NROL-149, NAOS, and now 19 Starlink missions. Following stage separation, the first stage landed on the Of Course I Still Love You droneship, which was stationed in the Pacific Ocean.

There was a possibility that residents of Santa Barbara, San Luis Obispo, and Ventura counties may have heard  one or more sonic booms during the launch, but what residents experienced depended on weather and other conditions.",,1970513918100492782,x.com,False,2025-09-28 19:04:00,2025,True,True
3108,luz4gnwnajczyh3moietvzht,Starlink Mission,sl-17-11,final,starlink,Falcon 9,"SLC-4E, California",2025-09-25,23:26:00,Droneship,,,,False,False,"On Thursday, September 25 at 9:26 p.m. PT, Falcon 9 launched 24 Starlink satellites to low-Earth orbit from Space Launch Complex 4 East (SLC-4E) at Vandenberg Space Force Base in California.

This was the 16th flight for the first stage booster supporting this mission, which previously launched USSF-62, OneWeb Launch 20, NROL-145, and now 13 Starlink missions. Following stage separation, the first stage landed on the Of Course I Still Love You droneship, which was stationed in the Pacific Ocean.

There was a possibility that residents of Santa Barbara, San Luis Obispo, and Ventura counties may have heard  one or more sonic booms during the launch, but what residents experienced depended on weather and other conditions.",,1966617692636672045,x.com,False,2025-09-25 23:26:00,2025,True,True
3104,wyoeazjn8d7dowmdnz59n5pu,Starlink Mission,sl-10-15,final,starlink,Falcon 9,"SLC-40, Florida",2025-09-25,04:39:00,Droneship,,,,False,False,"On Thursday, September 25 at 4:39 a.m. ET, Falcon 9 launched 28 Starlink satellites to low-Earth orbit from Space Launch Complex 40 (SLC-40) at Cape Canaveral Space Force Station in Florida.

This was the 22nd flight for the first stage booster supporting this mission, which previously launched Ax-2, Euclid, Ax-3, CRS-30, SES ASTRA 1P, NG-21, and now 16 Starlink missions. Following stage separation, the first stage landed on the A Shortfall of Gravitas droneship, which was stationed in the Atlantic Ocean.",,1967348779176386591,x.com,False,2025-09-25 04:39:00,2025,True,True
3105,jb40d9vp5zg1xlr3f33qfvop,IMAP Mission,imap,final,science,Falcon 9,"LC-39A, Florida",2025-09-24,07:30:00,Droneship,,,,False,False,"On Wednesday, September 24 at 7:30 a.m. ET, Falcon 9 launched NASA’s IMAP mission from Launch Complex 39A (LC-39A) at NASA's Kennedy Space Center in Florida.

This was the second flight for the first stage booster supporting this mission, which previously supported KF-01. Following stage separation, the first stage landed on the Just Read the Instructions droneship, which was stationed in the Atlantic Ocean.

IMAP, or the Interstellar Mapping and Acceleration Probe, is a NASA heliophysics mission that will map the boundaries of the heliosphere: the large bubble created by the solar wind that encapsulates our entire solar system. IMAP will study how the heliosphere interacts with the local galactic neighborhood beyond and will support real-time observations of the solar wind and energetic particles, which can produce hazardous conditions near Earth. Falcon 9 will launch IMAP into a transfer orbit that will take it to the Earth-Sun L1 Lagrange Point – a gravitationally stable region 1.5 million kilometers from Earth (directly between Earth and the Sun) where the Sun and the Earth's gravity essentially balance each other. Also on board the mission is NASA’s Carruthers Geocorona Observatory and NOAA’s Space Weather Follow On-Lagrange 1, which will also head to the Earth-Sun L1 point.",,1966511358624551177,x.com,False,2025-09-24 07:30:00,2025,True,True
3089,wrmribq5fh0crcxtso56d6lu,NROL-48 Mission,nrol48,final,nssl,Falcon 9,"SLC-4E, California",2025-09-22,10:38:00,Landing Zone,,,,False,False,"On Monday, September 22 at 10:38 a.m. PT, Falcon 9 launched the NROL-48 mission from Space Launch Complex 4 East (SLC-4E) at Vandenberg Space Force Base in California.

This was the 18th flight for the first stage booster supporting this mission, which previously launched Crew-7, CRS-29, PACE, Transporter-10, EarthCARE, NROL-186, Transporter-13, TRACERS, and nine Starlink missions. Following stage separation, the first stage landed on Landing Zone 4 (LZ-4) at Vandenberg Space Force Base.

There was the possibility that residents of Santa Barbara, San Luis Obispo, and Ventura counties may have heard  one or more sonic booms during the launch, but what residents experienced depended on weather and other conditions.",,1966591874900390384,x.com,False,2025-09-22 10:38:00,2025,True,True
3082,xic9gp9p4u5qjoicw1gyi3bf,Starlink Mission,sl-10-27,final,starlink,Falcon 9,"SLC-40, Florida",2025-09-21,05:20:00,Droneship,,,,False,False,"On Sunday, September 21 at 6:53 a.m. ET, Falcon 9 launched 28 Starlink satellites to low-Earth orbit from Space Launch Complex 40 (SLC-40) at Cape Canaveral Space Force Station in Florida.

This was the 11th flight for the first stage booster supporting this mission, which previously launched Crew-9, RRT-1, Firefly Blue Ghost Mission 1, Fram2, SXM-10, MTG-S1, and four Starlink missions. Following stage separation, the first stage landed on the A Shortfall of Gravitas droneship, which was stationed in the Atlantic Ocean.",,1965573192527097982,x.com,False,2025-09-21 05:20:00,2025,True,True
3077,bbbb9csce287en4d47thr0cr,Starlink Mission,sl-17-12,final,starlink,Falcon 9,"SLC-4E, California",2025-09-19,09:31:00,Droneship,,,,False,False,"On Friday, September 19 at 9:31 a.m. PT, Falcon 9 launched 24 Starlink satellites to low-Earth orbit from Space Launch Complex 4 East (SLC-4E) at Vandenberg Space Force Base in California.

This was the 10th flight for the first stage booster supporting this mission, which previously launched NROL-126, Transporter-12, SPHEREx, NROL-57, and now six Starlink missions. Following stage separation, the first stage landed on the Of Course I Still Love You droneship, which was stationed in the Pacific Ocean.

There was a possibility that residents of Santa Barbara, San Luis Obispo, and Ventura counties may have heard  one or more sonic booms during the launch, but what residents experienced depended on weather and other conditions.",,1968343992950821374,x.com,False,2025-09-19 09:31:00,2025,True,True
3072,jgcl7wf95dzprppgfbq4jzl9,Starlink Mission,sl-10-61,final,starlink,Falcon 9,"SLC-40, Florida",2025-09-18,05:30:00,Droneship,,,,False,False,"On Thursday, September 18 at 5:30 a.m. ET, Falcon 9 launched 28 Starlink satellites to low-Earth orbit from Space Launch Complex 40 (SLC-40) at Cape Canaveral Space Force Station in Florida.

This was the seventh flight for the first stage booster supporting this mission, which previously launched NROL-69, CRS-32, GPS III-7, USSF-36, and now three Starlink missions. Following stage separation, the first stage landed on the Just Read the Instructions droneship, which was stationed in the Atlantic Ocean.",,1965569892213797202,x.com,False,2025-09-18 05:30:00,2025,True,True
3048,z31hdju3bc09iq9xy6ku8xl5,NG-23 Mission,ng23,final,resupply,Falcon 9,"SLC-40, Florida",2025-09-14,18:11:00,Landing Zone,,,,False,False,"On Sunday, September 14 at 6:11 p.m. ET, Falcon 9 launched Northrop Grumman’s NG-23 mission to the International Space Station from Space Complex 40 (SLC-40) at Cape Canaveral Space Force Station in Florida.

This was the fourth flight of the first stage booster supporting this mission, which previously launched Ax-4, Crew-11, and a Starlink mission. Following stage separation, Falcon 9 landed on Landing Zone 2 (LZ-2) at Cape Canaveral Space Force Station.",,1961211298093638038,x.com,False,2025-09-14 18:11:00,2025,True,True
3045,v36maylt20p3njfeve4shfuh,Starlink Mission,sl-17-10,final,starlink,Falcon 9,"SLC-4E, California",2025-09-13,10:55:00,Droneship,,,,False,False,"On Saturday, September 13 at 10:55 a.m. PT, Falcon 9 launched 24 Starlink satellites to low-Earth orbit from Space Launch Complex 4 East (SLC-4E) at Vandenberg Space Force Base in California.

This was the 28th flight for the first stage booster supporting this mission, which previously launched NROL-87, NROL-85, SARah-1, SWOT, Transporter-8, Transporter-9, Transporter-14, NROL-146, Bandwagon-2, NROL-153, NROL-192, and now 17 Starlink missions. Following stage separation, the first stage landed on the Of Course I Still Love You droneship, which was stationed in the Pacific Ocean.

There was the possibility that residents of Santa Barbara, San Luis Obispo, and Ventura counties may have heard  one or more sonic booms during the launch, but what residents experienced depended on weather and other conditions.",,1965567445718229041,x.com,False,2025-09-13 10:55:00,2025,True,True
3036,sfy5chk2iy71yb1eldor6qfc,Nusantara Lima Mission,nusantaralima,final,commercialSatellite,Falcon 9,"SLC-40, Florida",2025-09-11,21:56:00,Droneship,,,,False,False,"On Thursday, September 11 at 9:56 p.m. ET, SpaceX launched the Nusantara Lima mission to geosynchronous transfer orbit from Space Launch Complex 40 (SLC-40) at Cape Canaveral Space Force Station in Florida.

This was the 23rd flight for the first stage booster supporting this mission, which previously supported Crew-6, SES O3b mPOWER-b, USSF-124, BlueBird 1-5, and 18 Starlink missions. Following stage separation, the first stage landed on the A Shortfall of Gravitas droneship, which was stationed in the Atlantic Ocean.",,1965593006737670450,x.com,False,2025-09-11 21:56:00,2025,True,True
3021,i47a4uj01mkpgfbb7gja7c2s,Space Development Agency's First Tranche 1 Mission,sda-t1tl-b,final,nssl,Falcon 9,"SLC-4E, California",2025-09-10,07:12:00,Droneship,,,,False,False,"On Wednesday, September 10 at 7:12 a.m. PT, SpaceX launched the Space Development Agency’s (SDA) first Tranche 1 mission to low-Earth orbit from Space Launch Complex 4 East (SLC-4E) at Vandenberg Space Force Base in California.

This was the sixth flight for the first stage booster supporting this mission, which previously launched five Starlink missions. Following stage separation, the first stage landed on the Of Course I Still Love You droneship, which was stationed in the Pacific Ocean.

The space vehicles launched during this mission will serve as part of SDA’s Proliferated Warfighter Space Architecture, a new layered network of satellites in low-Earth orbit and supporting elements that will provide global military tactical communication and missile warning, indication, and tracking capabilities.

There was the possibility that residents of Santa Barbara, San Luis Obispo, and Ventura counties may have heard  one or more sonic booms during the launch, but what residents experienced depended on weather and other conditions.",,1965778855932915847,x.com,False,2025-09-10 07:12:00,2025,True,True
3010,mtbreuw8mnwdog1e9xtrfehj,Starlink Mission,sl-17-9,final,starlink,Falcon 9,"SLC-4E, California",2025-09-06,08:42:00,Droneship,,,,False,False,"On Saturday, September 6 at 11:06 a.m. PT, Falcon 9 launched 24 Starlink satellites to low-Earth orbit from Space Launch Complex 4 East (SLC-4E) at Vandenberg Space Force Base in California.

This was the 20th flight for the first stage booster supporting this mission, which previously launched SDA-0A, SARah-2, Transporter-11, and now 17 Starlink missions. Following stage separation, the first stage landed on the Of Course I Still Love You droneship, which was stationed in the Pacific Ocean.

There was the possibility that residents of Santa Barbara, San Luis Obispo, and Ventura counties may have heard one or more sonic booms during the launch, but what residents experienced depended on weather and other conditions.",,1961228162245038363,x.com,False,2025-09-06 08:42:00,2025,True,True
3007,k5dnzonsls7sor7ft81qxqf3,Starlink Mission,sl-10-57,final,starlink,Falcon 9,"LC-39A, Florida",2025-09-05,08:32:00,Droneship,,,,False,False,"On Friday, September 5 at 8:32 a.m. ET, Falcon 9 launched 28 Starlink satellites to low-Earth orbit from Launch Complex 39A (LC-39A) at Kennedy Space Center in Florida.

This was the 27th flight for the first stage booster supporting this mission, which previously launched CRS-24, Eutelsat HOTBIRD 13F, OneWeb 1, SES-18 and SES-19, and now 23 Starlink mission. Following stage separation, the first stage landed on the Just Read the Instructions droneship, which was stationed in the Atlantic Ocean.",,1961218244926394781,x.com,False,2025-09-05 08:32:00,2025,True,True
2997,et9uhh0s8y7yv1novosnx0lj,Starlink Mission,sl-10-22,final,starlink,Falcon 9,"SLC-40, Florida",2025-09-03,07:56:00,Droneship,,,,False,False,"On Wednesday, September 3 at 7:56 a.m. ET, Falcon 9 launched 28 Starlink satellites to low-Earth orbit from Space Launch Complex 40 (SLC-40) at Cape Canaveral Space Force Station in Florida.

This was the 14th flight for the Falcon 9 first stage booster supporting this mission, which previously launched Crew-8, Polaris Dawn, CRS-31, Astranis: From One to Many, IM-2, Commercial GTO-1, and now eight Starlink missions. After stage separation, the first stage landed on the A Shortfall of Gravitas droneship, which was stationed in the Atlantic Ocean.",,1961181999567368275,x.com,False,2025-09-03 07:56:00,2025,True,True
2995,z6v8ic14uwrnssmkpp9vajuf,Starlink Mission,sl-17-8,final,starlink,Falcon 9,"SLC-4E, California",2025-09-02,20:51:00,Droneship,,,,False,False,"On Tuesday, September 2 at 8:51 p.m. PT, Falcon 9 launched 24 Starlink satellites to low-Earth orbit from Space Launch Complex 4 East (SLC-4E) at Vandenberg Space Force Base in California.

This was the first flight for the Falcon 9 first stage booster supporting this mission. After stage separation, the first stage landed on the Of Course I Still Love You droneship, which was stationed in the Pacific Ocean.

There was the possibility that residents of Santa Barbara, San Luis Obispo, and Ventura counties may have heard  one or more sonic booms during the launch, but what residents experienced depended on weather and other conditions.",,1961225497632706672,x.com,False,2025-09-02 20:51:00,2025,True,True
3262,opd77pg2cp7dvsl1fqhu8dor,Starlink Mission,sl-10-14,final,starlink,Falcon 9,"SLC-40, Florida",2025-08-31,07:49:00,Droneship,,,,False,False,"On Sunday, August 31 at 7:49 a.m. ET, Falcon 9 launched 28 Starlink satellites to low-Earth orbit from Space Launch Complex 40 (SLC-40) at Cape Canaveral Space Force Station in Florida.

This was the 23rd flight for the Falcon 9 first stage booster supporting this mission, which previously launched Crew-5, GPS III Space Vehicle 06, Inmarsat I6-F2, CRS-28, Intelsat G-37, NG-20, TD7, and now 16 Starlink missions. Following stage separation, the first stage landed on the Just Read the Instructions droneship, which was stationed in the Atlantic Ocean.",,1960976215248134226,x.com,False,2025-08-31 07:49:00,2025,True,True
2989,a30iwiyo2wojwqbn7w36jhq6,Starlink Mission,sl-17-7,final,starlink,Falcon 9,"SLC-4E, California",2025-08-29,21:59:00,Droneship,,,,False,False,"On Friday, August 29 at 9:59 p.m. PT, Falcon 9 launched 24 Starlink satellites to low-Earth orbit from Space Launch Complex 4 East (SLC-4E) at Vandenberg Space Force Base in California.

This was the 15th flight for the first stage booster supporting this mission, which previously launched USSF-62, OneWeb Launch 20, NROL-145, and now 12 Starlink missions. Following stage separation, the first stage landed on the Of Course I Still Love You droneship, which was stationed in the Pacific Ocean.

There was the possibility that residents of Santa Barbara, San Luis Obispo, and Ventura counties may have heard  one or more sonic booms during the launch, but what residents experienced depended on weather and other conditions.",,1960971003175297525,x.com,False,2025-08-29 21:59:00,2025,True,True
2978,dvgwji5jw0wcado8wx3bz7b9,Starlink Mission,sl-10-11,final,starlink,Falcon 9,"LC-39A, Florida",2025-08-28,01:12:00,Droneship,,,,False,False,"On Thursday, August 28 at 1:12 a.m. ET, Falcon 9 launched 28 Starlink satellites to low-Earth orbit from Launch Complex 39A (LC-39A) at Kennedy Space Center in Florida.

This was the 30th flight for the first stage booster supporting this mission, which previously launched CRS-22, Crew-3, Turksat 5B, Crew-4, CRS-25, Eutelsat HOTBIRD 13G, O3B mPOWER-A, PSN SATRIA, Telkomsat Merah Putih 2, Galileo L13, Koreasat-6A, and now 19 Starlink missions. Following stage separation, the first stage landed on the A Shortfall of Gravitas droneship, which was stationed in the Atlantic Ocean.",,1960946590170145025,x.com,False,2025-08-28 01:12:00,2025,True,True
2976,ha6bdh9v21smtr39kfod4gm0,Starlink Mission,sl-10-56,final,starlink,Falcon 9,"SLC-40, Florida",2025-08-27,07:10:00,Droneship,,,,False,False,"On Wednesday, August 27 at 7:10 a.m. ET, Falcon 9 launched 28 Starlink satellites to low-Earth orbit from Space Launch Complex 40 (SLC-40) at Cape Canaveral Space Force Station in Florida.

A live webcast of this mission began about five minutes prior to liftoff, which you can watch here and on X @SpaceX. You can also watch the webcast on the new X TV app.

This was the second flight for the first stage booster supporting this mission, which has now launched two Starlink missions. Following stage separation, the first stage landed on the A Shortfall of Gravitas droneship, which was stationed in the Atlantic Ocean.",,1960432139218088177,x.com,False,2025-08-27 07:10:00,2025,True,True
3735,ep28dxp7vzgj0lq0uw1qwqre,Starship's Tenth Flight Test,starship-flight-10,final,starship,Starship,"Pad 1, Starbase",2025-08-26,18:30:00,Expended,,,,False,False,"Starship’s tenth flight test lifted off on August 26, 2025, at 6:30 p.m. CT from Starbase, Texas, taking a significant step forward in developing the world’s first fully reusable launch vehicle. Every major objective was met, providing critical data to inform designs of the next generation Starship and Super Heavy.

The flight test began with Super Heavy successfully lifting off by igniting all 33 Raptor engines and ascending over the Gulf of America. Successful ascent was followed by a hot-staging maneuver, with Starship’s upper stage igniting its six Raptor engines to separate from Super Heavy and continue the flight to space.

Following stage separation, the Super Heavy booster completed its boostback burn to put it on a course to a pre-planned splashdown zone. The booster descended and successfully initiated its landing burn, intentionally disabling one of its three center engines during the final phases of the burn and using a backup engine from the middle ring. Super Heavy entered into a final hover above the water before shutting down its engines and splashing down into the water.

Starship completed a full-duration ascent burn and achieved its planned velocity, successfully putting it on a suborbital trajectory. The first in-space objective was then completed, with eight Starlink simulators deployed in the first successful payload demonstration from Starship. The vehicle then completed the second ever in-space relight of a Raptor engine, demonstrating a key capability for future deorbit burns.

Moving into the critical reentry phase, Starship was able to gather data on the performance of its heatshield and structure as it was intentionally stressed to push the envelope on vehicle capabilities. Using its four flaps for control, the spacecraft arrived at its splashdown point in the Indian Ocean, successfully executed a landing flip, and completed the flight test with a landing burn and soft splashdown.

Over the course of a flight test campaign, success will continue to be measured by what we are able to learn, and Starship’s tenth flight test provided valuable data by stressing the limits of vehicle capabilities and providing maximum excitement along the way.",,1960178606212063307,x.com,False,2025-08-26 18:30:00,2025,True,True
2972,dhvln1mpptxooag8tbfbc41d,NAOS Mission,naos,final,commercialSatellite,Falcon 9,"SLC-4E, California",2025-08-26,11:53:00,Landing Zone,,,,False,False,"On Tuesday, August 26 at 11:53 a.m. PT, Falcon 9 launched the OHB Italia’s NAOS mission from Space Launch Complex 4 East (SLC-4E) at Vandenberg Space Force Base in California.

Also on board this mission was Dhruva Space's LEAP-1; Planet's Pelican-3 and Pelican-4; and four payloads manifested by Exolaunch: Capella's Acadia-6 and Pixxel's FFLY-1, FFLY-2, and FFLY-3.

This was the 27th flight for the first stage booster supporting this mission, which previously launched Sentinel-6 Michael Freilich, DART, Transporter-7, Iridium OneWeb, SDA-0B, NROL-113, NROL-167, NROL-149, and 18 Starlink missions. Following stage separation, the first stage landed on Landing Zone 4 (LZ-4) at Vandenberg Space Force Base.",,1960078039972196568,x.com,False,2025-08-26 11:53:00,2025,True,True
3626,pecjzeqqg8pqfxqcrk6fnrhb,CRS-33 Mission,crs33,final,resupply,Falcon 9,"SLC-40, Florida",2025-08-24,02:45:00,Droneship,FEBRUARY 2026,2026-02-26,23:45:00,False,False,"After 185 days docked to the International Space Station, SpaceX’s Dragon spacecraft completed its 33rd Commercial Resupply Services (CRS-33) mission to and from the International Space Station for NASA, successfully returning to Earth and splashing down off the coast of California on Thursday, February 26 at 11:45 p.m. PT.

CRS-33 was the third flight for the Dragon spacecraft supporting this mission, which previously flew CRS-26 and CRS-29 to and from the space station.

Falcon 9 launched Dragon to the orbiting laboratory on Sunday, August 24, 2025, at 2:45 a.m. ET from Space Launch Complex 40 (SLC-40) at Cape Canaveral Space Force Station in Florida.",,1956482956366884947,x.com,False,2025-08-24 02:45:00,2025,True,True
2941,j1v0x9c08t7fhl2e60c7dez0,Starlink Mission,sl-17-6,final,starlink,Falcon 9,"SLC-4E, California",2025-08-22,08:44:00,Droneship,,,,False,False,"On Friday, August 22 at 10:04 a.m. PT, Falcon 9 launched 24 Starlink satellites to low-Earth orbit from Space Launch Complex 4 East (SLC-4E) at Vandenberg Space Force Base in California.

This was the 17th flight for the first stage booster supporting this mission, which previously launched Crew-7, CRS-29, PACE, Transporter-10, EarthCARE, NROL-186, Transporter-13, TRACERS, and now nine Starlink missions. Following stage separation, the first stage landed on the Of Course I Still Love You droneship, which was stationed in the Pacific Ocean.",,1958617240330174593,x.com,False,2025-08-22 08:44:00,2025,True,True
2940,h1f6bs2j0bnrs8j914ue8qax,USSF-36 Mission,ussf36,final,nssl,Falcon 9,"LC-39A, Florida",2025-08-21,23:50:00,Landing Zone,,,,False,False,"On Thursday, August 21 at 11:50 p.m. ET, Falcon 9 launched the USSF-36 mission to orbit from Launch Complex 39A (LC-39A) at NASA’s Kennedy Space Center in Florida.

This was the sixth flight for the first stage booster supporting this mission, which previously launched NROL-69, CRS-32, GPS III-7, and two Starlink missions. Following stage separation, the first stage landed on SpaceX’s Landing Zone 2 (LZ-2) at Cape Canaveral Space Force Station in Florida.

USSF-36 was the eighth launch of the X-37B Orbital Test Vehicle (OTV-8) and third Falcon launch of the spacecraft, after SpaceX previously launched OTV-5 and OTV-7 (USSF-52).",,1957962045405692025,x.com,False,2025-08-21 23:50:00,2025,True,True
2925,u0nljcr5o5xq94ikqwgx1q3w,Starlink Mission,sl-17-5,final,starlink,Falcon 9,"SLC-4E, California",2025-08-18,09:26:00,Droneship,,,,False,False,"On Monday, August 18 at 9:26 a.m. PT, Falcon 9 launched 24 Starlink satellites to low-Earth orbit from Space Launch Complex 4 East (SLC-4E) at Vandenberg Space Force Base in California.

This was the ninth flight for the first stage booster supporting this mission, which previously launched NROL-126, Transporter-12, SPHEREx, NROL-57 and now five Starlink missions. Following stage separation, the first stage landed on the Of Course I Still Love You droneship, which was stationed in the Pacific Ocean.

There was the possibility that residents of Santa Barbara, San Luis Obispo, and Ventura counties heard  one or more sonic booms during the launch, but what residents experienced depended on weather and other conditions.",,1956470203547783348,x.com,False,2025-08-18 09:26:00,2025,True,True
2915,tox1cex3qss99dwrsr0w74xe,Starlink Mission,sl-10-20,final,starlink,Falcon 9,"SLC-40, Florida",2025-08-14,08:29:00,Droneship,,,,False,False,"On Thursday, August 14, Falcon 9 launched 28 Starlink satellites to low-Earth orbit from Space Launch Complex 40 (SLC-40) at Cape Canaveral Space Force Station in Florida.

This was the 10th flight for the first stage booster supporting this mission, which previously launched Crew-9, RRT-1, Firefly Blue Ghost Mission 1, Fram2, SXM-10, MTG-S1, and now four Starlink missions. Following stage separation, the first stage landed on the Just Read the Instructions droneship, which was stationed in the Atlantic Ocean.",,1955713983127683213,x.com,False,2025-08-14 08:29:00,2025,True,True
2912,yi94ktnodr1g19lxkkik5gwq,Starlink Mission,sl-17-4,final,starlink,Falcon 9,"SLC-4E, California",2025-08-13,22:05:00,Droneship,,,,False,False,"On Wednesday, August 13 at 10:05 p.m. PT, Falcon 9 launched 24 Starlink satellites to low-Earth orbit from Space Launch Complex 4 East (SLC-4E) at Vandenberg Space Force Base in California.

This was the fifth flight for the first stage booster supporting this mission, which has now five Starlink missions. Following stage separation, the first stage landed on the Of Course I Still Love You droneship, which was stationed in the Pacific Ocean.",,1955770995153006949,x.com,False,2025-08-13 22:05:00,2025,True,True
2909,hl8xcvs0q8cvl01ac4pie0l0,KF-02 Mission,kf-02,final,commercialSatellite,Falcon 9,"SLC-40, Florida",2025-08-11,08:35:00,Droneship,,,,False,False,"On Monday, August 11 at 8:35 a.m. ET, Falcon 9 launched the KF-02 mission to orbit from Space Launch Complex 40 (SLC-40) at Cape Canaveral Space Force Station in Florida.

This was the first flight for the Falcon 9 first stage booster supporting this mission. After stage separation, the first stage landed on the A Shortfall of Gravitas droneship, which was stationed in the Atlantic Ocean.",,1954534444637004173,x.com,False,2025-08-11 08:35:00,2025,True,True
2885,v8ha9j5xew0uqriifizx3p9m,Starlink Mission,sl-10-30,final,starlink,Falcon 9,"SLC-40, Florida",2025-08-04,03:57:00,Droneship,,,,False,False,"On Monday, August 4 at 3:57 a.m. ET, Falcon 9 launched 28 Starlink satellites to low-Earth orbit from Space Launch Complex 40 (SLC-40) at Cape Canaveral Space Force Station in Florida.

This was the 21st flight for the first stage booster supporting this mission, which previously launched Ax-2, Euclid, Ax-3, CRS-30, SES ASTRA 1P, NG-21, and now 15 Starlink missions. Following stage separation, the first stage landed on the Just Read the Instructions droneship, which was stationed in the Atlantic Ocean.",,1951772300027814176,x.com,False,2025-08-04 03:57:00,2025,True,True
3518,my4mmgyp6ti6h2odsheevaqq,Crew-11 Mission,crew11,final,hsf,Falcon 9,"LC-39A, Florida",2025-08-01,11:43:00,Landing Zone,,2026-01-15,03:41:00,False,False,"On Friday, August 1 at 11:43 a.m. ET, Falcon 9 launched Dragon’s 11th operational human spaceflight mission (Crew-11) to the International Space Station from Launch Complex 39A (LC-39A) at NASA’s Kennedy Space Center in Florida. Dragon autonomously docked with the space station at 2:27 a.m. ET on Saturday, August 2.

After 165 days docked to the orbiting laboratory, Dragon autonomously undocked at 5:20 p.m. ET on Wednesday, January 14 and successfully returned to Earth, splashing down off the coast of California on Thursday, January 15 at 12:41 a.m. PT.

Aboard the spacecraft were NASA astronauts Zena Cardman and Michael Fincke, JAXA astronaut Kimiya Yui, and Roscosmos cosmonaut Oleg Platonov.

The Dragon spacecraft supporting this mission previously flew the Demo-2,
Crew-2,
Ax-1, 
Crew-6, and Crew-8 missions to and from the space station. This was the third flight for the first stage booster supporting this mission, which previously launched Ax-4 and a Starlink mission. Following stage separation, Falcon 9’s first stage landed on Landing Zone 1 (LZ-1) at Cape Canaveral Space Force Station.

During their time on the orbiting laboratory, the crew conducted new research to prepare for human exploration beyond low-Earth orbit and to benefit humanity on Earth.","[{""id"": 1017, ""name"": ""Zena Cardman"", ""bioLink"": ""https://www.nasa.gov/humans-in-space/astronauts/zena-cardman/"", ""description"": ""Commander"", ""portrait"": {""id"": 2875, ""name"": ""Crew_11_Portrait_DSC07181_960x1200_CARDMAN.jpg"", ""alternativeText"": null, ""caption"": null, ""width"": 960, ""height"": 1200, ""formats"": {""large"": {""ext"": "".jpg"", ""url"": ""https://sxcontent9668.azureedge.us/cms-assets/assets/large_Crew_11_Portrait_DSC_07181_960x1200_CARDMAN_5af017b655.jpg"", ""hash"": ""large_Crew_11_Portrait_DSC_07181_960x1200_CARDMAN_5af017b655"", ""mime"": ""image/jpeg"", ""name"": ""large_Crew_11_Portrait_DSC07181_960x1200_CARDMAN.jpg"", ""path"": null, ""size"": 93.01, ""width"": 800, ""height"": 1000, ""sizeInBytes"": 93007}, ""small"": {""ext"": "".jpg"", ""url"": ""https://sxcontent9668.azureedge.us/cms-assets/assets/small_Crew_11_Portrait_DSC_07181_960x1200_CARDMAN_5af017b655.jpg"", ""hash"": ""small_Crew_11_Portrait_DSC_07181_960x1200_CARDMAN_5af017b655"", ""mime"": ""image/jpeg"", ""name"": ""small_Crew_11_Portrait_DSC07181_960x1200_CARDMAN.jpg"", ""path"": null, ""size"": 26.97, ""width"": 400, ""height"": 500, ""sizeInBytes"": 26973}, ""medium"": {""ext"": "".jpg"", ""url"": ""https://sxcontent9668.azureedge.us/cms-assets/assets/medium_Crew_11_Portrait_DSC_07181_960x1200_CARDMAN_5af017b655.jpg"", ""hash"": ""medium_Crew_11_Portrait_DSC_07181_960x1200_CARDMAN_5af017b655"", ""mime"": ""image/jpeg"", ""name"": ""medium_Crew_11_Portrait_DSC07181_960x1200_CARDMAN.jpg"", ""path"": null, ""size"": 54.59, ""width"": 600, ""height"": 750, ""sizeInBytes"": 54587}, ""thumbnail"": {""ext"": "".jpg"", ""url"": ""https://sxcontent9668.azureedge.us/cms-assets/assets/thumbnail_Crew_11_Portrait_DSC_07181_960x1200_CARDMAN_5af017b655.jpg"", ""hash"": ""thumbnail_Crew_11_Portrait_DSC_07181_960x1200_CARDMAN_5af017b655"", ""mime"": ""image/jpeg"", ""name"": ""thumbnail_Crew_11_Portrait_DSC07181_960x1200_CARDMAN.jpg"", ""path"": null, ""size"": 4.87, ""width"": 125, ""height"": 156, ""sizeInBytes"": 4870}}, ""hash"": ""Crew_11_Portrait_DSC_07181_960x1200_CARDMAN_5af017b655"", ""ext"": "".jpg"", ""mime"": ""image/jpeg"", ""size"": 131.48, ""url"": ""https://sxcontent9668.azureedge.us/cms-assets/assets/Crew_11_Portrait_DSC_07181_960x1200_CARDMAN_5af017b655.jpg"", ""previewUrl"": null, ""provider"": ""strapi-provider-upload-azure-storage"", ""provider_metadata"": null, ""folderPath"": ""/102/477/481"", ""createdAt"": ""2025-07-19T21:37:24.167Z"", ""updatedAt"": ""2025-07-19T21:37:24.167Z"", ""documentId"": ""rwgqouhc2360dtwxd0x80shh"", ""locale"": null, ""publishedAt"": ""2025-07-19T21:37:24.168Z""}}, {""id"": 1018, ""name"": ""Michael Fincke"", ""bioLink"": ""https://www.nasa.gov/humans-in-space/astronauts/michael-e-fincke/"", ""description"": ""Pilot"", ""portrait"": {""id"": 2871, ""name"": ""Crew_11_Portrait_DSC07272_960x1200_FINCKE.jpg"", ""alternativeText"": null, ""caption"": null, ""width"": 960, ""height"": 1200, ""formats"": {""large"": {""ext"": "".jpg"", ""url"": ""https://sxcontent9668.azureedge.us/cms-assets/assets/large_Crew_11_Portrait_DSC_07272_960x1200_FINCKE_da5587fb1a.jpg"", ""hash"": ""large_Crew_11_Portrait_DSC_07272_960x1200_FINCKE_da5587fb1a"", ""mime"": ""image/jpeg"", ""name"": ""large_Crew_11_Portrait_DSC07272_960x1200_FINCKE.jpg"", ""path"": null, ""size"": 88.42, ""width"": 800, ""height"": 1000, ""sizeInBytes"": 88423}, ""small"": {""ext"": "".jpg"", ""url"": ""https://sxcontent9668.azureedge.us/cms-assets/assets/small_Crew_11_Portrait_DSC_07272_960x1200_FINCKE_da5587fb1a.jpg"", ""hash"": ""small_Crew_11_Portrait_DSC_07272_960x1200_FINCKE_da5587fb1a"", ""mime"": ""image/jpeg"", ""name"": ""small_Crew_11_Portrait_DSC07272_960x1200_FINCKE.jpg"", ""path"": null, ""size"": 27.03, ""width"": 400, ""height"": 500, ""sizeInBytes"": 27032}, ""medium"": {""ext"": "".jpg"", ""url"": ""https://sxcontent9668.azureedge.us/cms-assets/assets/medium_Crew_11_Portrait_DSC_07272_960x1200_FINCKE_da5587fb1a.jpg"", ""hash"": ""medium_Crew_11_Portrait_DSC_07272_960x1200_FINCKE_da5587fb1a"", ""mime"": ""image/jpeg"", ""name"": ""medium_Crew_11_Portrait_DSC07272_960x1200_FINCKE.jpg"", ""path"": null, ""size"": 53.17, ""width"": 600, ""height"": 750, ""sizeInBytes"": 53165}, ""thumbnail"": {""ext"": "".jpg"", ""url"": ""https://sxcontent9668.azureedge.us/cms-assets/assets/thumbnail_Crew_11_Portrait_DSC_07272_960x1200_FINCKE_da5587fb1a.jpg"", ""hash"": ""thumbnail_Crew_11_Portrait_DSC_07272_960x1200_FINCKE_da5587fb1a"", ""mime"": ""image/jpeg"", ""name"": ""thumbnail_Crew_11_Portrait_DSC07272_960x1200_FINCKE.jpg"", ""path"": null, ""size"": 4.71, ""width"": 125, ""height"": 156, ""sizeInBytes"": 4706}}, ""hash"": ""Crew_11_Portrait_DSC_07272_960x1200_FINCKE_da5587fb1a"", ""ext"": "".jpg"", ""mime"": ""image/jpeg"", ""size"": 124.68, ""url"": ""https://sxcontent9668.azureedge.us/cms-assets/assets/Crew_11_Portrait_DSC_07272_960x1200_FINCKE_da5587fb1a.jpg"", ""previewUrl"": null, ""provider"": ""strapi-provider-upload-azure-storage"", ""provider_metadata"": null, ""folderPath"": ""/102/477/481"", ""createdAt"": ""2025-07-19T21:37:24.239Z"", ""updatedAt"": ""2025-07-19T21:37:24.239Z"", ""documentId"": ""xdk29oaube3dq2w2o33xpoa4"", ""locale"": null, ""publishedAt"": ""2025-07-19T21:37:24.240Z""}}, {""id"": 1019, ""name"": ""Kimiya Yui"", ""bioLink"": ""https://humans-in-space.jaxa.jp/en/astronaut/yui-kimiya/"", ""description"": ""Mission Specialist"", ""portrait"": {""id"": 2870, ""name"": ""Crew_11_Portrait_DSC07249_960x1200_YUI.jpg"", ""alternativeText"": null, ""caption"": null, ""width"": 960, ""height"": 1200, ""formats"": {""large"": {""ext"": "".jpg"", ""url"": ""https://sxcontent9668.azureedge.us/cms-assets/assets/large_Crew_11_Portrait_DSC_07249_960x1200_YUI_cc43f8500f.jpg"", ""hash"": ""large_Crew_11_Portrait_DSC_07249_960x1200_YUI_cc43f8500f"", ""mime"": ""image/jpeg"", ""name"": ""large_Crew_11_Portrait_DSC07249_960x1200_YUI.jpg"", ""path"": null, ""size"": 98.56, ""width"": 800, ""height"": 1000, ""sizeInBytes"": 98559}, ""small"": {""ext"": "".jpg"", ""url"": ""https://sxcontent9668.azureedge.us/cms-assets/assets/small_Crew_11_Portrait_DSC_07249_960x1200_YUI_cc43f8500f.jpg"", ""hash"": ""small_Crew_11_Portrait_DSC_07249_960x1200_YUI_cc43f8500f"", ""mime"": ""image/jpeg"", ""name"": ""small_Crew_11_Portrait_DSC07249_960x1200_YUI.jpg"", ""path"": null, ""size"": 27.23, ""width"": 400, ""height"": 500, ""sizeInBytes"": 27225}, ""medium"": {""ext"": "".jpg"", ""url"": ""https://sxcontent9668.azureedge.us/cms-assets/assets/medium_Crew_11_Portrait_DSC_07249_960x1200_YUI_cc43f8500f.jpg"", ""hash"": ""medium_Crew_11_Portrait_DSC_07249_960x1200_YUI_cc43f8500f"", ""mime"": ""image/jpeg"", ""name"": ""medium_Crew_11_Portrait_DSC07249_960x1200_YUI.jpg"", ""path"": null, ""size"": 56.78, ""width"": 600, ""height"": 750, ""sizeInBytes"": 56783}, ""thumbnail"": {""ext"": "".jpg"", ""url"": ""https://sxcontent9668.azureedge.us/cms-assets/assets/thumbnail_Crew_11_Portrait_DSC_07249_960x1200_YUI_cc43f8500f.jpg"", ""hash"": ""thumbnail_Crew_11_Portrait_DSC_07249_960x1200_YUI_cc43f8500f"", ""mime"": ""image/jpeg"", ""name"": ""thumbnail_Crew_11_Portrait_DSC07249_960x1200_YUI.jpg"", ""path"": null, ""size"": 4.68, ""width"": 125, ""height"": 156, ""sizeInBytes"": 4680}}, ""hash"": ""Crew_11_Portrait_DSC_07249_960x1200_YUI_cc43f8500f"", ""ext"": "".jpg"", ""mime"": ""image/jpeg"", ""size"": 137.98, ""url"": ""https://sxcontent9668.azureedge.us/cms-assets/assets/Crew_11_Portrait_DSC_07249_960x1200_YUI_cc43f8500f.jpg"", ""previewUrl"": null, ""provider"": ""strapi-provider-upload-azure-storage"", ""provider_metadata"": null, ""folderPath"": ""/102/477/481"", ""createdAt"": ""2025-07-19T21:37:23.467Z"", ""updatedAt"": ""2025-07-19T21:37:23.467Z"", ""documentId"": ""bvk4983ga3e00asg1bzoxyvu"", ""locale"": null, ""publishedAt"": ""2025-07-19T21:37:23.467Z""}}, {""id"": 1020, ""name"": ""Oleg Platonov"", ""bioLink"": null, ""description"": ""Mission Specialist"", ""portrait"": {""id"": 2866, ""name"": ""Crew_11_Portrait_DSC07119_960x1200_PLATONOV.jpg"", ""alternativeText"": null, ""caption"": null, ""width"": 960, ""height"": 1200, ""formats"": {""large"": {""ext"": "".jpg"", ""url"": ""https://sxcontent9668.azureedge.us/cms-assets/assets/large_Crew_11_Portrait_DSC_07119_960x1200_PLATONOV_1345ff09ad.jpg"", ""hash"": ""large_Crew_11_Portrait_DSC_07119_960x1200_PLATONOV_1345ff09ad"", ""mime"": ""image/jpeg"", ""name"": ""large_Crew_11_Portrait_DSC07119_960x1200_PLATONOV.jpg"", ""path"": null, ""size"": 94.68, ""width"": 800, ""height"": 1000, ""sizeInBytes"": 94681}, ""small"": {""ext"": "".jpg"", ""url"": ""https://sxcontent9668.azureedge.us/cms-assets/assets/small_Crew_11_Portrait_DSC_07119_960x1200_PLATONOV_1345ff09ad.jpg"", ""hash"": ""small_Crew_11_Portrait_DSC_07119_960x1200_PLATONOV_1345ff09ad"", ""mime"": ""image/jpeg"", ""name"": ""small_Crew_11_Portrait_DSC07119_960x1200_PLATONOV.jpg"", ""path"": null, ""size"": 26.76, ""width"": 400, ""height"": 500, ""sizeInBytes"": 26758}, ""medium"": {""ext"": "".jpg"", ""url"": ""https://sxcontent9668.azureedge.us/cms-assets/assets/medium_Crew_11_Portrait_DSC_07119_960x1200_PLATONOV_1345ff09ad.jpg"", ""hash"": ""medium_Crew_11_Portrait_DSC_07119_960x1200_PLATONOV_1345ff09ad"", ""mime"": ""image/jpeg"", ""name"": ""medium_Crew_11_Portrait_DSC07119_960x1200_PLATONOV.jpg"", ""path"": null, ""size"": 55.55, ""width"": 600, ""height"": 750, ""sizeInBytes"": 55550}, ""thumbnail"": {""ext"": "".jpg"", ""url"": ""https://sxcontent9668.azureedge.us/cms-assets/assets/thumbnail_Crew_11_Portrait_DSC_07119_960x1200_PLATONOV_1345ff09ad.jpg"", ""hash"": ""thumbnail_Crew_11_Portrait_DSC_07119_960x1200_PLATONOV_1345ff09ad"", ""mime"": ""image/jpeg"", ""name"": ""thumbnail_Crew_11_Portrait_DSC07119_960x1200_PLATONOV.jpg"", ""path"": null, ""size"": 4.78, ""width"": 125, ""height"": 156, ""sizeInBytes"": 4780}}, ""hash"": ""Crew_11_Portrait_DSC_07119_960x1200_PLATONOV_1345ff09ad"", ""ext"": "".jpg"", ""mime"": ""image/jpeg"", ""size"": 133.28, ""url"": ""https://sxcontent9668.azureedge.us/cms-assets/assets/Crew_11_Portrait_DSC_07119_960x1200_PLATONOV_1345ff09ad.jpg"", ""previewUrl"": null, ""provider"": ""strapi-provider-upload-azure-storage"", ""provider_metadata"": null, ""folderPath"": ""/102/477/481"", ""createdAt"": ""2025-07-19T21:37:22.438Z"", ""updatedAt"": ""2025-07-19T21:37:22.438Z"", ""documentId"": ""l7bkjzb71so5zdfry2w4xf28"", ""locale"": null, ""publishedAt"": ""2025-07-19T21:37:22.439Z""}}]",1951034419143385171,x.com,True,2025-08-01 11:43:00,2025,True,True
2855,lntqoso6ok5o7tik0unwhto4,Starlink Mission,sl-13-4,final,starlink,Falcon 9,"SLC-4E, California",2025-07-31,11:35:00,Droneship,,,,False,False,"On Thursday, July 31 at 11:35 a.m. ET, Falcon 9 launched 19 Starlink satellites to low-Earth orbit from Space Launch Complex 4 East (SLC-4E) at Vandenberg Space Force Base in California.

This was the 27th flight for the first stage booster supporting this mission, which previously launched NROL-87, NROL-85, SARah-1, SWOT, Transporter-8, Transporter-9, Transporter-14, NROL-146, Bandwagon-2, NROL-153, NROL-192, and now 16 Starlink missions.",,1950623473405153325,x.com,False,2025-07-31 11:35:00,2025,True,True
2780,hsyvor9vyqyohsysmd3bcoqk,Starlink Mission,sl-10-29,final,starlink,Falcon 9,"SLC-40, Florida",2025-07-29,23:37:00,Droneship,,,,False,False,"On Tuesday, July 29 at 11:37 p.m. ET, Falcon 9 launched 28 Starlink satellites to low-Earth orbit from Space Launch Complex 40 (SLC-40) at Cape Canaveral Space Force Station in Florida.

This was the 26th flight for the first stage booster supporting this mission, which previously launched CRS-24, Eutelsat HOTBIRD 13F, OneWeb 1, SES-18 and SES-19, and now 22 Starlink missions.",,1949970057749999802,x.com,False,2025-07-29 23:37:00,2025,True,True
2771,j5cb6feki1crp3ut0v3r27lx,Starlink Mission,sl-17-2,final,starlink,Falcon 9,"SLC-4E, California",2025-07-26,19:09:00,Droneship,,,,False,False,"On Saturday, July 26 at 9:31 p.m. PT, Falcon 9 launched 24 Starlink satellites to low-Earth orbit from Space Launch Complex 4 East (SLC-4E) at Vandenberg Space Force Base in California.

This was the 19th flight for the first stage booster supporting this mission, which previously launched SDA-0A, SARah-2, Transporter-11, and now 16 Starlink missions.",,1948930123153170686,x.com,False,2025-07-26 19:09:00,2025,True,True
2772,gjf03vzbbv82gai7c89oi6na,Starlink Mission,sl-10-26,final,starlink,Falcon 9,"SLC-40, Florida",2025-07-26,05:01:00,Droneship,,,,False,False,"On Saturday, July 26 at 5:01 a.m. ET, Falcon 9 launched 28 Starlink satellites to low-Earth orbit from Space Launch Complex 40 (SLC-40) at Cape Canaveral Space Force Station in Florida.

This was the 22nd flight for the first stage booster supporting this mission, which previously launched Crew-6, SES O3b mPOWER-B, USSF-124, Bluebird 1-5, and now 18 Starlink missions.",,1948774492953571648,x.com,False,2025-07-26 05:01:00,2025,True,True
3287,p61bqw8l3zmfoeqh10ji4ay0,TRACERS Mission,tracers,final,science,Falcon 9,"SLC-4E, California",2025-07-23,11:13:00,Landing Zone,,,,False,False,"On Wednesday, July 23 at 11:13 a.m. PT, Falcon 9 launched NASA’s  TRACERS mission to orbit from Space Launch Complex 4 East (SLC-4E) at Vandenberg Space Force Base in California. Also on board this mission were SEOPS’ Epic Athena, Skykraft’s Skykraft 4, Maverick Space Systems’ REAL, Tyvak’s LIDE, and York Space Systems’ Bard.

This was the 16th flight for the first stage booster supporting this mission, which previously launched Crew-7, CRS-29, PACE, Transporter-10, EarthCARE, NROL-186, Transporter-13, and eight Starlink missions.",,1947725882937770000,x.com,False,2025-07-23 11:13:00,2025,True,True
2887,usimh29iy7nxqlgnzhsoqclq,O3b mPOWER Mission,mpower-d,final,commercialSatellite,Falcon 9,"SLC-40, Florida",2025-07-22,17:12:00,Droneship,,,,False,False,"On Tuesday, July 22 at 5:12 p.m. ET, SpaceX launched the SES O3b mPOWER mission to medium Earth orbit from Space Launch Complex 40 (SLC-40) at Cape Canaveral Space Force Station in Florida.

This was the sixth flight for the first stage booster supporting this mission, which previously supported O3b mPOWER-E, Crew-10, Bandwagon-3, and two Starlink missions.",,1946330589520429202,x.com,False,2025-07-22 17:12:00,2025,True,True
3281,yr6rw0fzsnkmbng0c3wreue2,Starlink Mission,sl-17-3,final,starlink,Falcon 9,"SLC-4E, California",2025-07-18,20:52:00,Droneship,,,,False,False,"On Friday, July 18 at 8:52 p.m. PT, Falcon 9 launched 24 Starlink satellites to low-Earth orbit from Space Launch Complex 4 East (SLC-4E) at Vandenberg Space Force Base in California.

This was the 14th flight for the first stage booster supporting this mission, which has now launched four Starlink missions, which launched USSF-62, OneWeb Launch 20, NROL-145, and now 11 Starlink missions.",,1945904930277183899,x.com,False,2025-07-18 20:52:00,2025,True,True
2210,zcbwde9jfuxic34evc3x59og,KF-01 Mission,kf-01,final,commercialSatellite,Falcon 9,"SLC-40, Florida",2025-07-16,02:30:00,Droneship,,,,False,False,"On Wednesday, July 16 at 2:30 a.m. ET, Falcon 9 launched the  KF-01  mission to orbit from Space Launch Complex 40 (SLC-40) at Cape Canaveral Space Force Station in Florida.

This was the first flight for the Falcon 9 first stage booster supporting this mission.",,1944899778439254031,x.com,False,2025-07-16 02:30:00,2025,True,True
3273,fgci9wuz4z33uayl7w5rmom7,Starlink Mission,sl-15-2,final,starlink,Falcon 9,"SLC-4E, California ",2025-07-15,19:05:00,Droneship,,,,False,False,"On Tuesday, July 15 at 7:05 p.m. PT, Falcon 9 launched 26 Starlink satellites to low-Earth orbit from Space Launch Complex 4 East (SLC-4E) at Vandenberg Space Force Base in California.

This was the fourth flight for the first stage booster supporting this mission, which has now launched four Starlink missions.",,1943697755680972947,x.com,False,2025-07-15 19:05:00,2025,True,True
1646,gqw7cb10e8u0lxs51hjsnabj,Commercial GTO-1 Mission,commercial-gto-1,final,commercialSatellite,Falcon 9,"SLC-40, Florida",2025-07-13,01:04:00,Droneship,,,,False,False,"On Sunday, July 13 at 1:04 a.m. ET, Falcon 9 launched Commercial GTO-1 mission from Space Launch Complex 40 (SLC-40) at Cape Canaveral Space Force Station in Florida.

This was the 13th flight for the Falcon 9 first stage booster supporting this mission, which previously launched Crew-8, Polaris Dawn, CRS-31, Astranis: From One to Many, IM-2, and seven Starlink missions.",,1943793837647728997,x.com,False,2025-07-13 01:04:00,2025,True,True
2357,kidmuuglhfbrlxhzgc9ii0x9,Starlink Mission,sl-10-28,final,starlink,Falcon 9,"SLC-40, Florida",2025-07-08,04:21:00,Droneship,,,,False,False,"On Tuesday, July 8 at 4:21 a.m. ET, Falcon 9 launched 28 Starlink satellites to low-Earth orbit from Space Launch Complex 40 (SLC-40) at Cape Canaveral Space Force Station in Florida.

This was the 22nd flight for the first stage booster supporting this mission, which previously launched Crew-5, GPS III Space Vehicle 06, Inmarsat I6-F2, CRS-28, Intelsat G-37, NG-20, TD7, and now 15 Starlink missions.",,1942335449256886609,x.com,False,2025-07-08 04:21:00,2025,True,True
2291,mzeivc5ntrpqm5gobl5bsj0o,Starlink Mission,sl-10-25,final,starlink,Falcon 9,"SLC-40, Florida",2025-07-02,02:28:00,Droneship,,,,False,False,"On Wednesday, July 2 at 2:28 a.m. ET, Falcon 9 launched 27 Starlink satellites to low-Earth orbit from Space Launch Complex 40 (SLC-40) at Cape Canaveral Space Force Station in Florida.

This was the 29th flight for the first stage booster supporting this mission, which previously launched CRS-22, Crew-3, Turksat 5B, Crew-4, CRS-25, Eutelsat HOTBIRD 13G, O3B mPOWER-A, PSN SATRIA, Telkomsat Merah Putih 2, Galileo L13, Koreasat-6A, and now 18 Starlink missions.",,1940064147640639498,x.com,False,2025-07-02 02:28:00,2025,True,True
2156,wyv9bwefqceouhkkwszetjo1,MTG-S1 Mission,mtgs1,final,commercialSatellite,Falcon 9,"LC-39A, Florida",2025-07-01,17:03:00,Droneship,,,,False,False,"On Tuesday, July 1 at 5:04 p.m. ET, Falcon 9 launched the Eumetsat MTG-S1  mission to geosynchronous transfer orbit from Launch Complex 39A (LC-39A) at Kennedy Space Center in Florida.

This was the ninth flight for the Falcon 9 first stage booster supporting this mission, which previously launched Crew-9, RRT-1, Firefly Blue Ghost Mission 1, Fram2, SXM-10, and three Starlink missions.",,1939791861175959637,x.com,False,2025-07-01 17:03:00,2025,True,True
2459,ixg3qt0k003acj6uev2yvcj1,Starlink Mission,sl-15-7,final,starlink,Falcon 9,"SLC-40, Florida",2025-06-28,10:13:00,Droneship,,,,False,False,"On Saturday, June 28 at 10:13 a.m. PT, Falcon 9 launched 26 Starlink satellites to low-Earth orbit from Space Launch Complex 4 East (SLC-4E) at Vandenberg Space Force Base in California.

This was the eighth flight for the first stage booster supporting this mission, which previously launched NROL-126, Transporter-12, SPHEREx, NROL-57, and now four Starlink missions.",,1938728402279899442,x.com,False,2025-06-28 10:13:00,2025,True,True
2359,mbbhfnzq79zfybsr0algvyup,Starlink Mission,sl-10-34,final,starlink,Falcon 9,"SLC-40, Florida",2025-06-28,00:26:00,Droneship,,,,False,False,"On Saturday, June 28 at 12:26 a.m. ET, Falcon 9 launched 27 Starlink satellites to low-Earth orbit from Space Launch Complex 40 (SLC-40) at Cape Canaveral Space Force Station in Florida.

This was the 5th flight for the first stage booster supporting this mission, which previously launched CRS-32, NROL-69, GPS III-7, and now two Starlink missions.",,1938379359884349751,x.com,False,2025-06-28 00:26:00,2025,True,True
2222,vlclf07e5z83mgthbs5qg3ku,Starlink Mission,sl-10-16,final,starlink,Falcon 9,"SLC-40, Florida",2025-06-25,15:54:00,Droneship,,,,False,False,"On Wednesday, June 25 at 3:54 p.m. ET, Falcon 9 launched 27 Starlink satellites to low-Earth orbit from Space Launch Complex 40 (SLC-40) at Cape Canaveral Space Force Station in Florida.

This was the 20th flight for the first stage booster supporting this mission, which previously launched Ax-2, Euclid, Ax-3, CRS-30, SES ASTRA 1P, NG-21, and now 14 Starlink missions.",,1937625219365302303,x.com,False,2025-06-25 15:54:00,2025,True,True
2487,bwmy64acbu3veyegu2x539mt,AX-4 MISSION,ax4,final,hsf,Falcon 9,"LC-39A, Florida",2025-06-25,02:31:00,Landing Zone,,2025-07-15,,False,False,"On Wednesday, June 25 at 2:31 a.m. ET, SpaceX’s Falcon 9 launched Axiom Space’s Axiom Mission 4 (Ax-4) to the International Space Station from Launch Complex 39A at NASA’s Kennedy Space Center in Florida. Dragon autonomously docked with the space station at 6:31 a.m. ET on Thursday, June 26.

After 20 days in space, Dragon and the Ax-4 astronauts returned to Earth, splashing down off the coast of Florida on Tuesday, July 15 at 5:31 a.m. PT.

This was the first flight for the Dragon spacecraft supporting the mission. This was the second flight for the first stage booster supporting this mission, which previously launched a Starlink mission.","[{""id"": 1103, ""name"": ""Peggy Whitson"", ""bioLink"": ""https://www.axiomspace.com/astronaut/peggy-whitson"", ""description"": ""Commander"", ""portrait"": {""id"": 5324, ""name"": ""AX4_Portraits_DSC01918_PEGGY_1536x1920.jpg"", ""alternativeText"": null, ""caption"": null, ""width"": 1536, ""height"": 1920, ""formats"": {""large"": {""ext"": "".jpg"", ""url"": ""https://sxcontent9668.azureedge.us/cms-assets/assets/large_AX_4_Portraits_DSC_01918_PEGGY_1536x1920_29bfacbf47.jpg"", ""hash"": ""large_AX_4_Portraits_DSC_01918_PEGGY_1536x1920_29bfacbf47"", ""mime"": ""image/jpeg"", ""name"": ""large_AX4_Portraits_DSC01918_PEGGY_1536x1920.jpg"", ""path"": null, ""size"": 78.06, ""width"": 800, ""height"": 1000, ""sizeInBytes"": 78060}, ""small"": {""ext"": "".jpg"", ""url"": ""https://sxcontent9668.azureedge.us/cms-assets/assets/small_AX_4_Portraits_DSC_01918_PEGGY_1536x1920_29bfacbf47.jpg"", ""hash"": ""small_AX_4_Portraits_DSC_01918_PEGGY_1536x1920_29bfacbf47"", ""mime"": ""image/jpeg"", ""name"": ""small_AX4_Portraits_DSC01918_PEGGY_1536x1920.jpg"", ""path"": null, ""size"": 24.04, ""width"": 400, ""height"": 500, ""sizeInBytes"": 24043}, ""medium"": {""ext"": "".jpg"", ""url"": ""https://sxcontent9668.azureedge.us/cms-assets/assets/medium_AX_4_Portraits_DSC_01918_PEGGY_1536x1920_29bfacbf47.jpg"", ""hash"": ""medium_AX_4_Portraits_DSC_01918_PEGGY_1536x1920_29bfacbf47"", ""mime"": ""image/jpeg"", ""name"": ""medium_AX4_Portraits_DSC01918_PEGGY_1536x1920.jpg"", ""path"": null, ""size"": 47.24, ""width"": 600, ""height"": 750, ""sizeInBytes"": 47236}, ""thumbnail"": {""ext"": "".jpg"", ""url"": ""https://sxcontent9668.azureedge.us/cms-assets/assets/thumbnail_AX_4_Portraits_DSC_01918_PEGGY_1536x1920_29bfacbf47.jpg"", ""hash"": ""thumbnail_AX_4_Portraits_DSC_01918_PEGGY_1536x1920_29bfacbf47"", ""mime"": ""image/jpeg"", ""name"": ""thumbnail_AX4_Portraits_DSC01918_PEGGY_1536x1920.jpg"", ""path"": null, ""size"": 4.37, ""width"": 125, ""height"": 156, ""sizeInBytes"": 4370}}, ""hash"": ""AX_4_Portraits_DSC_01918_PEGGY_1536x1920_29bfacbf47"", ""ext"": "".jpg"", ""mime"": ""image/jpeg"", ""size"": 247.01, ""url"": ""https://sxcontent9668.azureedge.us/cms-assets/assets/AX_4_Portraits_DSC_01918_PEGGY_1536x1920_29bfacbf47.jpg"", ""previewUrl"": null, ""provider"": ""strapi-provider-upload-azure-storage"", ""provider_metadata"": null, ""folderPath"": ""/102/432"", ""createdAt"": ""2025-06-06T17:48:36.554Z"", ""updatedAt"": ""2025-06-06T17:48:36.554Z"", ""documentId"": ""d21m9hxdmmoxpuu5d2j24y92"", ""locale"": null, ""publishedAt"": ""2025-06-06T17:48:36.554Z""}}, {""id"": 1104, ""name"": ""Shubhanshu Shukla"", ""bioLink"": ""https://www.axiomspace.com/astronaut/shubhanshu-shukla"", ""description"": ""Pilot"", ""portrait"": {""id"": 5346, ""name"": ""AX4_Portraits_DSC01987_INDIA_1536x1920.jpg"", ""alternativeText"": null, ""caption"": null, ""width"": 1536, ""height"": 1920, ""formats"": {""large"": {""ext"": "".jpg"", ""url"": ""https://sxcontent9668.azureedge.us/cms-assets/assets/large_AX_4_Portraits_DSC_01987_INDIA_1536x1920_9588cebeef.jpg"", ""hash"": ""large_AX_4_Portraits_DSC_01987_INDIA_1536x1920_9588cebeef"", ""mime"": ""image/jpeg"", ""name"": ""large_AX4_Portraits_DSC01987_INDIA_1536x1920.jpg"", ""path"": null, ""size"": 69.25, ""width"": 800, ""height"": 1000, ""sizeInBytes"": 69250}, ""small"": {""ext"": "".jpg"", ""url"": ""https://sxcontent9668.azureedge.us/cms-assets/assets/small_AX_4_Portraits_DSC_01987_INDIA_1536x1920_9588cebeef.jpg"", ""hash"": ""small_AX_4_Portraits_DSC_01987_INDIA_1536x1920_9588cebeef"", ""mime"": ""image/jpeg"", ""name"": ""small_AX4_Portraits_DSC01987_INDIA_1536x1920.jpg"", ""path"": null, ""size"": 21.9, ""width"": 400, ""height"": 500, ""sizeInBytes"": 21904}, ""medium"": {""ext"": "".jpg"", ""url"": ""https://sxcontent9668.azureedge.us/cms-assets/assets/medium_AX_4_Portraits_DSC_01987_INDIA_1536x1920_9588cebeef.jpg"", ""hash"": ""medium_AX_4_Portraits_DSC_01987_INDIA_1536x1920_9588cebeef"", ""mime"": ""image/jpeg"", ""name"": ""medium_AX4_Portraits_DSC01987_INDIA_1536x1920.jpg"", ""path"": null, ""size"": 42.27, ""width"": 600, ""height"": 750, ""sizeInBytes"": 42265}, ""thumbnail"": {""ext"": "".jpg"", ""url"": ""https://sxcontent9668.azureedge.us/cms-assets/assets/thumbnail_AX_4_Portraits_DSC_01987_INDIA_1536x1920_9588cebeef.jpg"", ""hash"": ""thumbnail_AX_4_Portraits_DSC_01987_INDIA_1536x1920_9588cebeef"", ""mime"": ""image/jpeg"", ""name"": ""thumbnail_AX4_Portraits_DSC01987_INDIA_1536x1920.jpg"", ""path"": null, ""size"": 4.02, ""width"": 125, ""height"": 156, ""sizeInBytes"": 4017}}, ""hash"": ""AX_4_Portraits_DSC_01987_INDIA_1536x1920_9588cebeef"", ""ext"": "".jpg"", ""mime"": ""image/jpeg"", ""size"": 218.1, ""url"": ""https://sxcontent9668.azureedge.us/cms-assets/assets/AX_4_Portraits_DSC_01987_INDIA_1536x1920_9588cebeef.jpg"", ""previewUrl"": null, ""provider"": ""strapi-provider-upload-azure-storage"", ""provider_metadata"": null, ""folderPath"": ""/102/432"", ""createdAt"": ""2025-06-06T17:48:37.040Z"", ""updatedAt"": ""2025-06-06T17:48:37.040Z"", ""documentId"": ""iuc6sohx7c8lfbtcpyqn38to"", ""locale"": null, ""publishedAt"": ""2025-06-06T17:48:37.040Z""}}, {""id"": 1105, ""name"": ""S\u0142awosz Uzna\u0144ski-Wi\u015bniewski"", ""bioLink"": ""https://www.axiomspace.com/astronaut/slawosz-uznanski"", ""description"": ""Mission Specialist"", ""portrait"": {""id"": 5317, ""name"": ""AX4_Portraits_DSC02073_POLAND_1536x1920.jpg"", ""alternativeText"": null, ""caption"": null, ""width"": 1536, ""height"": 1920, ""formats"": {""large"": {""ext"": "".jpg"", ""url"": ""https://sxcontent9668.azureedge.us/cms-assets/assets/large_AX_4_Portraits_DSC_02073_POLAND_1536x1920_84f5eeb2ad.jpg"", ""hash"": ""large_AX_4_Portraits_DSC_02073_POLAND_1536x1920_84f5eeb2ad"", ""mime"": ""image/jpeg"", ""name"": ""large_AX4_Portraits_DSC02073_POLAND_1536x1920.jpg"", ""path"": null, ""size"": 72.38, ""width"": 800, ""height"": 1000, ""sizeInBytes"": 72383}, ""small"": {""ext"": "".jpg"", ""url"": ""https://sxcontent9668.azureedge.us/cms-assets/assets/small_AX_4_Portraits_DSC_02073_POLAND_1536x1920_84f5eeb2ad.jpg"", ""hash"": ""small_AX_4_Portraits_DSC_02073_POLAND_1536x1920_84f5eeb2ad"", ""mime"": ""image/jpeg"", ""name"": ""small_AX4_Portraits_DSC02073_POLAND_1536x1920.jpg"", ""path"": null, ""size"": 21.92, ""width"": 400, ""height"": 500, ""sizeInBytes"": 21924}, ""medium"": {""ext"": "".jpg"", ""url"": ""https://sxcontent9668.azureedge.us/cms-assets/assets/medium_AX_4_Portraits_DSC_02073_POLAND_1536x1920_84f5eeb2ad.jpg"", ""hash"": ""medium_AX_4_Portraits_DSC_02073_POLAND_1536x1920_84f5eeb2ad"", ""mime"": ""image/jpeg"", ""name"": ""medium_AX4_Portraits_DSC02073_POLAND_1536x1920.jpg"", ""path"": null, ""size"": 43.14, ""width"": 600, ""height"": 750, ""sizeInBytes"": 43136}, ""thumbnail"": {""ext"": "".jpg"", ""url"": ""https://sxcontent9668.azureedge.us/cms-assets/assets/thumbnail_AX_4_Portraits_DSC_02073_POLAND_1536x1920_84f5eeb2ad.jpg"", ""hash"": ""thumbnail_AX_4_Portraits_DSC_02073_POLAND_1536x1920_84f5eeb2ad"", ""mime"": ""image/jpeg"", ""name"": ""thumbnail_AX4_Portraits_DSC02073_POLAND_1536x1920.jpg"", ""path"": null, ""size"": 4.08, ""width"": 125, ""height"": 156, ""sizeInBytes"": 4082}}, ""hash"": ""AX_4_Portraits_DSC_02073_POLAND_1536x1920_84f5eeb2ad"", ""ext"": "".jpg"", ""mime"": ""image/jpeg"", ""size"": 234.51, ""url"": ""https://sxcontent9668.azureedge.us/cms-assets/assets/AX_4_Portraits_DSC_02073_POLAND_1536x1920_84f5eeb2ad.jpg"", ""previewUrl"": null, ""provider"": ""strapi-provider-upload-azure-storage"", ""provider_metadata"": null, ""folderPath"": ""/102/432"", ""createdAt"": ""2025-06-06T17:48:36.233Z"", ""updatedAt"": ""2025-06-06T17:48:36.233Z"", ""documentId"": ""a71i2rrtm3sw6v45249tj7op"", ""locale"": null, ""publishedAt"": ""2025-06-06T17:48:36.234Z""}}, {""id"": 1106, ""name"": ""Tibor Kapu"", ""bioLink"": ""https://www.axiomspace.com/astronaut/tibor-kapu"", ""description"": ""Mission Specialist"", ""portrait"": {""id"": 5312, ""name"": ""AX4_Portraits_DSC02028_HUNGARY_1536x1920.jpg"", ""alternativeText"": null, ""caption"": null, ""width"": 1536, ""height"": 1920, ""formats"": {""large"": {""ext"": "".jpg"", ""url"": ""https://sxcontent9668.azureedge.us/cms-assets/assets/large_AX_4_Portraits_DSC_02028_HUNGARY_1536x1920_8e200a6954.jpg"", ""hash"": ""large_AX_4_Portraits_DSC_02028_HUNGARY_1536x1920_8e200a6954"", ""mime"": ""image/jpeg"", ""name"": ""large_AX4_Portraits_DSC02028_HUNGARY_1536x1920.jpg"", ""path"": null, ""size"": 70.41, ""width"": 800, ""height"": 1000, ""sizeInBytes"": 70411}, ""small"": {""ext"": "".jpg"", ""url"": ""https://sxcontent9668.azureedge.us/cms-assets/assets/small_AX_4_Portraits_DSC_02028_HUNGARY_1536x1920_8e200a6954.jpg"", ""hash"": ""small_AX_4_Portraits_DSC_02028_HUNGARY_1536x1920_8e200a6954"", ""mime"": ""image/jpeg"", ""name"": ""small_AX4_Portraits_DSC02028_HUNGARY_1536x1920.jpg"", ""path"": null, ""size"": 22.04, ""width"": 400, ""height"": 500, ""sizeInBytes"": 22040}, ""medium"": {""ext"": "".jpg"", ""url"": ""https://sxcontent9668.azureedge.us/cms-assets/assets/medium_AX_4_Portraits_DSC_02028_HUNGARY_1536x1920_8e200a6954.jpg"", ""hash"": ""medium_AX_4_Portraits_DSC_02028_HUNGARY_1536x1920_8e200a6954"", ""mime"": ""image/jpeg"", ""name"": ""medium_AX4_Portraits_DSC02028_HUNGARY_1536x1920.jpg"", ""path"": null, ""size"": 42.33, ""width"": 600, ""height"": 750, ""sizeInBytes"": 42332}, ""thumbnail"": {""ext"": "".jpg"", ""url"": ""https://sxcontent9668.azureedge.us/cms-assets/assets/thumbnail_AX_4_Portraits_DSC_02028_HUNGARY_1536x1920_8e200a6954.jpg"", ""hash"": ""thumbnail_AX_4_Portraits_DSC_02028_HUNGARY_1536x1920_8e200a6954"", ""mime"": ""image/jpeg"", ""name"": ""thumbnail_AX4_Portraits_DSC02028_HUNGARY_1536x1920.jpg"", ""path"": null, ""size"": 4.19, ""width"": 125, ""height"": 156, ""sizeInBytes"": 4191}}, ""hash"": ""AX_4_Portraits_DSC_02028_HUNGARY_1536x1920_8e200a6954"", ""ext"": "".jpg"", ""mime"": ""image/jpeg"", ""size"": 220.18, ""url"": ""https://sxcontent9668.azureedge.us/cms-assets/assets/AX_4_Portraits_DSC_02028_HUNGARY_1536x1920_8e200a6954.jpg"", ""previewUrl"": null, ""provider"": ""strapi-provider-upload-azure-storage"", ""provider_metadata"": null, ""folderPath"": ""/102/432"", ""createdAt"": ""2025-06-06T17:48:35.738Z"", ""updatedAt"": ""2025-06-06T17:48:35.738Z"", ""documentId"": ""qbj0qrjfso5bp9dso8cy7wat"", ""locale"": null, ""publishedAt"": ""2025-06-06T17:48:35.738Z""}}]",1944725244192891066,x.com,False,2025-06-25 02:31:00,2025,True,True
1817,tj70t2ev6zd0ybwsa9rnbmun,Transporter-14 Mission,transporter14,final,rideshare,Falcon 9,"SLC-4E, California",2025-06-23,14:19:00,Droneship,,,,False,False,"On Monday, June 23 at 2:25 p.m. PT, Falcon 9 launched the Transporter-14 mission to low-Earth orbit from Space Launch Complex 4E (SLC-4E) at Vandenberg Space Force Base in California.

This was the 26th flight for the first stage booster supporting this mission which previously launched NROL-87, NROL-85, SARah-1, SWOT, Transporter-8, Transporter-9, NROL-146, Bandwagon-2, NROL-153, NROL-192, and 15 Starlink missions.

Transporter-14 was a dedicated smallsat rideshare mission. There were 70 payloads on this flight, including cubesats, microsats, re-entry capsules, and orbital transfer vehicles carrying three of those payloads to be deployed at a later time.",,1936217821627007331,x.com,False,2025-06-23 14:19:00,2025,True,True
2297,deyatkiyk1g0hs1ibq2twu8t,Starlink Mission,sl-10-23,final,starlink,Falcon 9,"SLC-40, Florida",2025-06-23,01:58:00,Droneship,,,,False,False,"On Monday, June 23 at 1:58 a.m. ET, Falcon 9 launched 27 Starlink satellites to low-Earth orbit from Space Launch Complex 40 (SLC-40) at Cape Canaveral Space Force Station in Florida.

This was the 25th flight for the first stage booster supporting this mission, which previously launched CRS-24, Eutelsat HOTBIRD 13F, OneWeb 1, SES-18 and SES-19, and now 21 Starlink missions.",,1936672958472446047,x.com,False,2025-06-23 01:58:00,2025,True,True
2363,fjgmxb2xrltdvuz4rl4jvw3r,Starlink Mission,sl-10-18,final,starlink,Falcon 9,"SLC-40, Florida",2025-06-18,01:55:00,Droneship,,,,False,False,"On Wednesday, June 18 at 1:55 a.m. ET, Falcon 9 launched 28 Starlink satellites to low-Earth orbit from Space Launch Complex 40 (SLC-40) at Cape Canaveral Space Force Station in Florida.

This was the fifth flight for the first stage booster supporting this mission, which previously launched SES O3b mPOWER-E, Crew-10, Bandwagon-3, and now two Starlink missions.",,1934728935155355900,x.com,False,2025-06-18 01:55:00,2025,True,True
3279,hi341dsotx30shdmrzvfqfvy,Starlink Mission,sl-15-9,final,starlink,Falcon 9,"SLC-4E, California ",2025-06-16,20:36:00,Droneship,,,,False,False,"On Monday, June 16 at 8:36 p.m. PT, Falcon 9 launched 26 Starlink satellites to low-Earth orbit from Space Launch Complex 4 East (SLC-4E) at Vandenberg Space Force Base in California.

This was the third flight for the first stage booster supporting this mission, which has now launched three Starlink missions.",,1934693484973445540,x.com,False,2025-06-16 20:36:00,2025,True,True
1712,joljka79kw62psk1zo68ti7m,Starlink Mission,sl-12-26,final,starlink,Falcon 9,"SLC-40, Florida",2025-06-13,11:29:00,Droneship,,,11:21:00,True,False,"On Friday, June 13 at 11:29 a.m. ET, Falcon 9 launched 23 Starlink satellites, including 13 with Direct to Cell capabilities, to low-Earth orbit from Space Launch Complex 40 (SLC-40) at Cape Canaveral Space Force Station in Florida.

This was the 21st flight for the first stage booster supporting this mission, which previously launched Crew-6, SES O3b mPOWER-B, USSF-124, Bluebird 1-5, and now 17 Starlink missions.",,1933205102099333448,x.com,False,2025-06-13 11:29:00,2025,True,True
3277,ndpbwdbfch1srik2xnx8m1co,Starlink Mission,sl-15-6,final,starlink,Falcon 9,"SLC-4E, California ",2025-06-12,18:54:00,Droneship,,,,False,False,"On Thursday, June 12 at 6:54 p.m. PT, Falcon 9 launched 26 Starlink satellites to low-Earth orbit from Space Launch Complex 4 East (SLC-4E) at Vandenberg Space Force Base in California.

This was the 15th flight for the first stage booster supporting this mission, which previously launched Crew-7, CRS-29, PACE, Transporter-10, EarthCARE, NROL-186, Transporter-13, and now eight Starlink missions.",,1933225513696571688,x.com,False,2025-06-12 18:54:00,2025,True,True
1687,xdm68y9i3stcy5efp7lyoebi,Starlink Mission,sl-12-24,final,starlink,Falcon 9,"SLC-40, Florida",2025-06-10,09:05:00,Droneship,,,,True,False,"On Tuesday, June 10 at 9:05 a.m. ET, Falcon 9 launched 23 Starlink satellites, including 13 with Direct to Cell capabilities, to low-Earth orbit from Space Launch Complex 40 (SLC-40) at Cape Canaveral Space Force Station in Florida.

This was the 12th flight for the first stage booster supporting this mission, which previously launched Crew-8, Polaris Dawn, CRS-31, Astranis: From One to Many, IM-2, and now seven Starlink missions.",,1932195198828007603,x.com,False,2025-06-10 09:05:00,2025,True,True
3278,dryjcy2nql6y3eqfvtsf88qs,Starlink Mission,sl-15-8,final,starlink,Falcon 9,"SLC-4E, California ",2025-06-08,07:20:00,Droneship,,,,False,False,"On Sunday, June 8 at 7:20 a.m. PT, Falcon 9 launched 26 Starlink satellites to low-Earth orbit from Space Launch Complex 4 East (SLC-4E) at Vandenberg Space Force Base in California.

This was the seventh flight for the first stage booster supporting this mission, which previously launched NROL-126, Transporter-12, SPHEREx, NROL-57, and now three Starlink missions.",,1931121610544792005,x.com,False,2025-06-08 07:20:00,2025,True,True
2154,yuufhmjusod2unls7rhw5jhy,SXM-10 Mission,sxm10,final,commercialSatellite,Falcon 9,"SLC-40, Florida",2025-06-07,00:24:00,Droneship,,,,False,False,"On Saturday, June 7, at 12:54 a.m. ET, Falcon 9 launched the SiriusXM 
SXM-10  mission to geosynchronous transfer orbit from Space Launch Complex 40 (SLC-40) at Cape Canaveral Space Force Station in Florida.

This was the eighth flight for the Falcon 9 first stage booster supporting this mission, which previously launched Crew-9, RRT-1, Firefly Blue Ghost Mission 1, Fram2, and three Starlink missions.",,1930747598958436561,x.com,False,2025-06-07 00:24:00,2025,True,True
3270,agvtqiunhsehaq8unhz936ng,Starlink Mission,sl-11-22,final,starlink,Falcon 9,"SLC-4E, California ",2025-06-04,16:40:00,Droneship,,,,False,False,"On Wednesday, June 4 at 4:40 p.m. PT, Falcon 9 launched 27 Starlink satellites to low-Earth orbit from Space Launch Complex 4 East (SLC-4E) at Vandenberg Space Force Base in California.

This was the 26th flight for the first stage booster supporting this mission, which previously launched Sentinel-6 Michael Freilich, DART, Transporter-7, Iridium OneWeb, SDA-0B, NROL-113, NROL-167, NROL-149, and 18 Starlink missions. Following stage separation, the first stage landed on the Of Course I Still Love You droneship, stationed in the Pacific Ocean.",,1930025903700226217,x.com,False,2025-06-04 16:40:00,2025,True,True
2123,gn4nx5nfnhzwrwxo2xdv5wrq,Starlink Mission,sl-12-19,final,starlink,Falcon 9,"SLC-40, Florida",2025-06-03,00:43:00,Droneship,,,,True,False,"On Tuesday, June 3 at 12:43 a.m. ET, Falcon 9 launched 23 Starlink satellites, including 13 with Direct to Cell capabilities, to low-Earth orbit from Space Launch Complex 40 (SLC-40) at Cape Canaveral Space Force Station in Florida.

This was the 21st flight for the first stage booster supporting this mission, which previously launched Crew-5, GPS III Space Vehicle 06, Inmarsat I6-F2, CRS-28, Intelsat G-37, NG-20, TD7, and now 14 Starlink missions.",,1928893339308536023,x.com,False,2025-06-03 00:43:00,2025,True,True
3269,pprt45l4d2dz7somd9b0jl93,STARLINK MISSION,sl-11-18,final,starlink,Falcon 9,"SLC-4E, California ",2025-05-31,13:10:00,Droneship,,,,False,False,"On Saturday, May 31 at 1:10 p.m. PT, Falcon 9 launched 27 Starlink satellites to low-Earth orbit from Space Launch Complex 4 East (SLC-4E) at Vandenberg Space Force Base in California.

This was the 25th flight for the first stage booster supporting this mission, which previously launched NROL-87, NROL-85, SARah-1, SWOT, Transporter-8, Transporter-9, NROL-146, Bandwagon-2, NROL-153, NROL-192, and now 15 Starlink missions.",,1928592638619631848,x.com,False,2025-05-31 13:10:00,2025,True,True
2597,xr4smsf6tkvxo2h7eclgmmf9,GPS III-7 Mission,gpsiii7,final,nssl,Falcon 9,"SLC-40, Florida",2025-05-30,13:37:00,Droneship,,,,False,False,"On Friday, May 30 at 1:37 p.m. ET, Falcon 9 launched the GPS III-7 mission to medium-Earth orbit from Space Launch Complex 40 (SLC-40) at Cape Canaveral Space Force Station in Florida.

This was the fourth flight for the first stage booster supporting this mission, which previously launched CRS-32, NROL-69, and a Starlink mission.",,1928162101719138485,x.com,False,2025-05-30 13:37:00,2025,True,True
3263,tiwsuy8jw0yvv32oja6li32b,Starlink Mission,sl-10-32,final,starlink,Falcon 9,"LC-39A, Florida",2025-05-28,09:30:00,Droneship,,,,False,False,"On Wednesday, May 28 at 9:30 a.m. ET, Falcon 9 launched 27 Starlink satellites to low-Earth orbit from Launch Complex 39A (LC-39A) at NASA’s Kennedy Space Center in Florida.

This was the 19th flight for the first stage booster supporting this mission, which previously launched Ax-2, Euclid, Ax-3, CRS-30, SES ASTRA 1P, NG-21, and now 13 Starlink missions.",,1927455819605446879,x.com,False,2025-05-28 09:30:00,2025,True,True
3736,f4e3294gnqzwb0mxutab5er8,Starship's Ninth Flight Test,starship-flight-9,final,starship,Starship,"Pad 1, Starbase",2025-05-27,18:36:00,Expended,,,,False,False,"Starship’s ninth flight test lifted off at 6:36 p.m. CT on Tuesday, May 27 from Starbase, Texas. The Super Heavy booster supporting the mission made the first ever reflight in the Starship program, having previously launched on Starship’s seventh flight test in January 2025. The booster performed a full-duration ascent burn with all 33 of its Raptor engines and separated from Starship’s upper stage in a hot-staging maneuver.  During separation, Super Heavy performed the first deterministic flip followed by its boostback burn.

Super Heavy demonstrated its ability to fly at a higher angle of attack during its descent back to Earth. By increasing the amount of atmospheric drag on the vehicle, a higher angle of attack results in a slower descent speed which in turn requires less propellant for the initial landing burn. Getting real-world data on how the booster controlled its flight at this higher angle of attack will contribute to improved performance on future vehicles, including the next generation of Super Heavy.

As it approached its designated splashdown area in the Gulf of America, Super Heavy relit 12 of its 13 center and middle ring Raptor engines for a landing burn. Contact with the booster was lost shortly after the start of landing burn when it experienced a rapid unscheduled disassembly approximately 6 minutes after launch, bringing an end to the first reflight of a Super Heavy booster.

Following a successful stage separation, the Starship upper stage lit all six of its Raptor engines and performed a full-duration ascent burn.  The engines on Starship flew with mitigations in place following learnings from the eighth flight test, including additional preload on key joints, a new nitrogen purge system, and improvements to the propellant drain system.

During Starship’s orbital coast, several in-space objectives were planned, including the first payload deployment from Starship and a relight of a single Raptor engine.

Starship’s payload bay door was unable to open which prevented the deployment of the eight Starlink simulator satellites. A subsequent attitude control error resulted in bypassing the Raptor relight and prevented Starship from getting into the intended position for reentry. Starship then went through an automated safing process to vent the remaining pressure to place the vehicle in the safest condition for reentry. Contact with Starship was lost approximately 46 minutes into the flight, with all debris expected to fall within the planned hazard area in the Indian Ocean.

Starship’s ninth flight test marked a major milestone for reuse with the first flight-proven Super Heavy booster launching from Starbase, and once more returned Starship to space. Data review is underway, and new improvements will be implemented as work begins to prepare the next Starship and Super Heavy vehicles for flight. Developmental testing by definition is unpredictable, but every lesson learned marks progress toward Starship’s goal of enabling life to become multiplanetary.",,1925929228232474849,x.com,False,2025-05-27 18:36:00,2025,True,True
3280,omh3cngnncup79z5i18j80qm,Starlink Mission,sl-17-1,final,starlink,Falcon 9,"SLC-4E, California ",2025-05-27,09:57:00,Droneship,,,,False,False,"On Tuesday, May 27 at 9:57 a.m. PT, Falcon 9 launched 24 Starlink satellites to low-Earth orbit from Space Launch Complex 4 East (SLC-4E) at Vandenberg Space Force Base in California.

This was the 13th flight for the first stage booster supporting this mission, which previously launched USSF-62, OneWeb Launch 20, NROL-145 and now 10 Starlink missions.",,1925922311724584983,x.com,False,2025-05-27 09:57:00,2025,True,True
1663,wzm3kuqqy4r5i3n2yhnamste,Starlink Mission,sl-12-22,final,starlink,Falcon 9,"SLC-40, Florida",2025-05-24,13:19:00,Droneship,,,,True,False,"On Saturday, May 24 at 1:19 p.m. ET, Falcon 9 launched 23 Starlink satellites, including 13 with Direct to Cell capabilities, to low-Earth orbit from Space Launch Complex 40 (SLC-40) at Cape Canaveral Space Force Station in Florida.

This was the 24th flight for the first stage booster supporting this mission, which previously launched CRS-24, Eutelsat HOTBIRD 13F, OneWeb 1, SES-18 and SES-19, and now 19 Starlink missions.",,1926034602411385327,x.com,False,2025-05-24 13:19:00,2025,True,True
3268,c7n0q1wmqsw834nkh0ud04bl,Starlink Mission,sl-11-16,final,starlink,Falcon 9,"SLC-4E, California ",2025-05-23,15:32:00,Droneship,,,,False,False,"On Friday, May 23 at 3:32 p.m. PT, Falcon 9 launched 27 Starlink satellites to low-Earth orbit from Space Launch Complex 4 East (SLC-4E) at Vandenberg Space Force Base in California.

This was the 18th flight for the first stage booster supporting this mission, which previously launched SDA-0A, SARah-2, Transporter-11, and now 15 Starlink missions.",,1926042565100425336,x.com,False,2025-05-23 15:32:00,2025,True,True
2411,s5iru78z0y36ubp7b64tbxzv,Starlink Mission,sl-12-15,final,starlink,Falcon 9,"SLC-40, Florida",2025-05-20,23:19:00,Droneship,,,,True,False,"On Tuesday, May 20 at 11:19 p.m. ET, Falcon 9 launched 23 Starlink satellites, including 13 with Direct to Cell capabilities, to low-Earth orbit from Space Launch Complex 40 (SLC-40) at Cape Canaveral Space Force Station in Florida.

This was the first flight for the first stage booster supporting this mission.",,1924682632249356374,x.com,False,2025-05-20 23:19:00,2025,True,True
3276,ob301p1cq3omai5kzl0yw1lk,Starlink Mission,sl-15-5,final,starlink,Falcon 9,"SLC-4E, California ",2025-05-16,06:43:00,Droneship,,,,False,False,"On Friday, May 16 at 6:43 a.m. PT, Falcon 9 launched 26 Starlink satellites to low-Earth orbit from Space Launch Complex 4 East (SLC-4E) at Vandenberg Space Force Base in California.

This was the second flight for the first stage booster supporting this mission, which previously launched two Starlink missions.",,1923372390978855355,x.com,False,2025-05-16 06:43:00,2025,True,True
1884,p9pntkkop220ejlnl1nv5f83,Starlink Mission,sl-6-67,final,starlink,Falcon 9,"SLC-40, Florida",2025-05-14,12:38:00,Droneship,,,,False,False,"On Wednesday, May 14 at 12:38 p.m. ET, Falcon 9 launched 28 Starlink satellites to low-Earth orbit from Space Launch Complex 40 (SLC-40) at Cape Canaveral Space Force Station in Florida.

This was the fourth flight for the first stage booster supporting this mission, which previously launched SES O3b mPOWER-E, Crew-10, Bandwagon-3, and now a Starlink mission.",,1922345366185230839,x.com,False,2025-05-14 12:38:00,2025,True,True
3243,awhhf5todnlrtaymo10xm3g9,Starlink Mission,sl-6-83,final,starlink,Falcon 9,"LC-39A, Florida",2025-05-13,01:02:00,Droneship,,,,False,False,"On Tuesday, May 13 at 1:02 a.m. ET, Falcon 9 launched 28 Starlink satellites to low-Earth orbit from Launch Complex 39A (LC-39A) at NASA’s Kennedy Space Center in Florida.

This was the 28th flight for the first stage booster supporting this mission, which previously launched CRS-22, Crew-3, Turksat 5B, Crew-4, CRS-25, Eutelsat HOTBIRD 13G, O3B mPOWER-A, PSN SATRIA, Telkomsat Merah Putih 2, Galileo L13, Koreasat-6A, and now 17 Starlink missions.",,1921270296692363378,x.com,False,2025-05-13 01:02:00,2025,True,True
3275,syo2ecsvyovkie56i2nf62o1,STARLINK MISSION,sl-15-4,final,starlink,Falcon 9,"SLC-4E, California ",2025-05-12,18:15:00,Droneship,,,,False,False,"On Monday, May 12 at 6:15 p.m. PT, Falcon 9 launched 26 Starlink satellites to low-Earth orbit from Space Launch Complex 4 East (SLC-4E) at Vandenberg Space Force Base in California.

This was the sixth flight for the first stage booster supporting this mission, which previously launched NROL-126, Transporter-12, SPHEREx, NROL-57, and one Starlink mission.",,1921982666418651327,x.com,False,2025-05-12 18:15:00,2025,True,True
2662,dxb5pikg4ocvgggofdn4ws4g,Starlink Mission,sl-6-91,final,starlink,Falcon 9,"SLC-40, Florida",2025-05-10,02:28:00,Droneship,,,,False,False,"On Saturday, May 10 at 2:28 a.m. ET, Falcon 9 launched 28 Starlink satellites to low-Earth orbit from Space Launch Complex 40 (SLC-40) at Cape Canaveral Space Force Station in Florida.

This was the 11th flight for the first stage booster supporting this mission, which previously launched Crew-8, Polaris Dawn, CRS-31, Astranis: From One to Many, IM-2, and now six Starlink missions.",,1920880342157980072,x.com,False,2025-05-10 02:28:00,2025,True,True
3274,l532y9geejxyyc72wmv0tjc4,Starlink Mission,sl-15-3,final,starlink,Falcon 9,"SLC-4E, California ",2025-05-09,17:19:00,Droneship,,,,False,False,"On Friday, May 9 at 5:19 p.m. PT, Falcon 9 launched 26 Starlink satellites to low-Earth orbit from Space Launch Complex 4 East (SLC-4E) at Vandenberg Space Force Base in California.

This was the 14th flight for the first stage booster supporting this mission, which previously launched Crew-7, CRS-29, PACE, Transporter-10, EarthCARE, NROL-186, Transporter-13, and now seven Starlink missions.",,1920882965745463453,x.com,False,2025-05-09 17:19:00,2025,True,True
2264,pr2wtsxre433vsc1yjmfhd6p,Starlink Mission,sl-6-93,final,starlink,Falcon 9,"SLC-40, Florida",2025-05-06,21:17:00,Droneship,,,,False,False,"On Tuesday, May 6 at 9:17 p.m. ET, Falcon 9 launched 28 Starlink satellites to low-Earth orbit from Space Launch Complex 40 (SLC-40) at Cape Canaveral Space Force Station in Florida.

This was the seventh flight for the first stage booster supporting this mission, which previously launched Crew-9, RRT-1, Firefly Blue Ghost Mission 1, Fram2, and now three Starlink missions.",,1919476711693156833,x.com,False,2025-05-06 21:17:00,2025,True,True
3244,c48hlrh73hwstnsj7zbd9rxn,Starlink Mission,sl-6-84,final,starlink,Falcon 9,"LC-39A, Florida",2025-05-04,04:54:00,Droneship,,,,False,False,"On Sunday, May 4 at 4:54 a.m. ET, Falcon 9 launched 29 Starlink satellites to low-Earth orbit from Launch Complex 39A (LC-39A) at NASA’s Kennedy Space Center in Florida.

This was the 20th flight for the first stage booster supporting this mission, which previously launched Crew-6, SES O3b mPOWER-B, USSF-124, Bluebird 1-5, and now 16 Starlink missions.",,1918331980573544569,x.com,False,2025-05-04 04:54:00,2025,True,True
1881,wviy2tkdmwzlx4mkonh1dsbs,Starlink Mission,sl-6-75,final,starlink,Falcon 9,"SLC-40, Florida",2025-05-01,21:51:00,Droneship,,,,False,False,"On Thursday, May 1 at 9:51 p.m. ET, Falcon 9 launched 28 Starlink satellites to low-Earth orbit from Space Launch Complex 40 (SLC-40) at Cape Canaveral Space Force Station in Florida.

This was the 18th flight for the first stage booster supporting this mission, which previously launched Ax-2, Euclid, Ax-3, CRS-30, SES ASTRA 1P, NG-21, and now 12 Starlink missions.",,1917609845546422578,x.com,False,2025-05-01 21:51:00,2025,True,True
2119,rhaqax7kxtkpz2aurjw4w98e,Starlink Mission,sl-12-10,final,starlink,Falcon 9,"LC-39A, Florida",2025-04-28,22:34:00,Droneship,,,,True,False,"On Monday, April 28 at 10:34 p.m. ET, Falcon 9 launched 23 Starlink satellites, including 13 with Direct to Cell capabilities, to low-Earth orbit from Launch Complex 39A (LC-39A) at NASA’s Kennedy Space Center in Florida.

This was the first flight for the first stage booster supporting this mission.",,1916903945466941466,x.com,False,2025-04-28 22:34:00,2025,True,True
2367,txun1dynpxtp6eu4t1a313nd,Starlink Mission,sl-11-9,final,starlink,Falcon 9,"SLC-40, Florida",2025-04-28,13:42:00,Droneship,,,,False,False,"On Monday, April 28 at 1:42 p.m. PT, Falcon 9 launched 27 Starlink satellites to low-Earth orbit from Space Launch Complex 4 East (SLC-4E) at Vandenberg Space Force Base in California.

This was the 25th flight for the first stage booster supporting this mission, which previously launched Sentinel-6 Michael Freilich, DART, Transporter-7, Iridium OneWeb, SDA-0B, NROL-113, NROL-167, NROL-149, and now 17 Starlink missions.",,1915800697930490294,x.com,False,2025-04-28 13:42:00,2025,True,True
2450,rzeiyrioem96j9kwi6pzccth,Starlink Mission,sl-12-23,final,starlink,Falcon 9,"SLC-40, Florida",2025-04-27,22:09:00,Droneship,,,,True,False,"On Sunday, April 27 at 10:09 p.m. ET, Falcon 9 launched 23 Starlink satellites, including 13 with Direct to Cell capabilities, to low-Earth orbit from Space Launch Complex 40 (SLC-40) at Cape Canaveral Space Force Station in Florida.

This was the 20th flight for the first stage booster supporting this mission, which previously launched Crew-5, GPS III Space Vehicle 06, Inmarsat I6-F2, CRS-28, Intelsat G-37, NG-20, TD7, and 12 Starlink missions.",,1915868071538852193,x.com,False,2025-04-27 22:09:00,2025,True,True
2319,b9wao7c2lh0gc9bly1v66u2l,Starlink Mission,sl-6-74,final,starlink,Falcon 9,"SLC-40, Florida",2025-04-24,21:52:00,Droneship,,,,False,False,"On Thursday, April 24 at 9:52 p.m. ET, Falcon 9 launched 28 Starlink satellites to low-Earth orbit from Space Launch Complex 40 (SLC-40) at Cape Canaveral Space Force Station in Florida.

This was the 23rd flight for the first stage booster supporting this mission, which previously launched CRS-24, Eutelsat HOTBIRD 13F, OneWeb 1, SES-18 and SES-19, and now 19 Starlink missions.",,1915138896955949220,x.com,False,2025-04-24 21:52:00,2025,True,True
1971,nync449wvwh1kvp5g48hpz8m,Bandwagon-3 Mission,bandwagon-3,final,rideshare,Falcon 9,"SLC-40, Florida",2025-04-21,20:48:00,Landing Zone,,,,False,False,"On Monday, April 21 at 8:48 p.m. ET, Falcon 9 launched the Bandwagon-3 mission to orbit from Space Launch Complex 40 (SLC-40) at Cape Canaveral Space Force Station in Florida. On board this mission was ADD’s 425Sat-3, Tomorrow Companies Inc.’s Tomorrow-S7, and Atmos Space Cargo’s PHOENIX re-entry capsule.

This was the third flight of the first stage booster supporting this mission, which previously launched O3b mPOWER-E and Crew-10.",,1913330778357870738,x.com,False,2025-04-21 20:48:00,2025,True,True
1705,q14xgpqoyncasnwteez4fiw1,CRS-32 Mission,crs-32,final,resupply,Falcon 9,"LC-39A, Florida",2025-04-21,04:15:00,Landing Zone,,,,False,False,"On Monday, April 21 at 4:15 a.m. ET, Falcon 9 launched Dragon’s 32nd Commercial Resupply Services mission (CRS-32) to the International Space Station from Launch Complex 39A (LC-39A) at NASA’s Kennedy Space Center in Florida. Dragon autonomously docked with the space station on Tuesday, April 22 at 8:40 a.m. ET.

After 32 days docked to the International Space Station, Dragon autonomously undocked from the space station at 12:05 p.m. ET on Friday, May 23. Dragon completed its 32nd Commercial Resupply Services mission to and from the International Space Station for NASA after successfully returning to Earth and splashing down off the coast of California on Saturday, May 24 at 10:44 p.m. PT.

This was the third flight for the first stage booster supporting this mission, which previously launched NROL-69 and one Starlink mission. Following stage separation, Falcon 9’s first stage landed at Landing Zone 1 (LZ-1) at Cape Canaveral Space Force Station.",,1913286157687013412,x.com,False,2025-04-21 04:15:00,2025,True,True
3212,vd2iswillx15f90cuxqzi15k,NROL-145 Mission,nrol145,final,nssl,Falcon 9,"SLC-4E, California",2025-04-20,05:29:00,Droneship,,,,False,False,"On Sunday, April 20 at 5:29 a.m. PT, Falcon 9 launched the NROL-145 mission from Space Launch Complex 4 East (SLC-4E) at Vandenberg Space Force Base in California.

This was the 12th flight for the first stage booster supporting this mission, which previously launched USSF-62, OneWeb Launch 20, and nine Starlink missions.",,1913284541386825875,x.com,False,2025-04-20 05:29:00,2025,True,True
1883,pap31uutoj58kgs8ghltjb8q,Starlink Mission,sl-6-73,final,starlink,Falcon 9,"SLC-40, Florida",2025-04-14,00:00:00,Droneship,,,,False,False,"On Monday, April 14 at 12:00 a.m. ET, Falcon 9 launched 27 Starlink satellites to low-Earth orbit from Space Launch Complex 40 (SLC-40) at Cape Canaveral Space Force Station in Florida.

This was the 27th flight for the first stage booster supporting this mission, which previously launched CRS-22, Crew-3, Turksat 5B, Crew-4, CRS-25, Eutelsat HOTBIRD 13G, O3B mPOWER-A, PSN SATRIA, Telkomsat Merah Putih 2, Galileo L13, Koreasat-6A, and now 16 Starlink missions.",,1910398307551031779,x.com,False,2025-04-14 00:00:00,2025,True,True
2118,srbgwjprvrqy7hoc62kks80y,Starlink Mission,sl-12-17,final,starlink,Falcon 9,"LC-39A, Florida",2025-04-12,20:53:00,Droneship,,,,True,False,"On Saturday, April 12 at 8:53 p.m. ET, Falcon 9 launched 21 Starlink satellites, including 13 with Direct to Cell capabilities, to low-Earth orbit from Launch Complex 39A (LC-39A) at NASA’s Kennedy Space Center in Florida.

This was the 10th flight for the first stage booster supporting this mission, which previously launched Crew-8, Polaris Dawn, CRS-31, Astranis: From One to Many, IM-2, and now five Starlink missions.",,1910089081805303909,x.com,False,2025-04-12 20:53:00,2025,True,True
3213,hyo5dmdntgk2gip1qodyhxlf,NROL-192 Mission ,nrol192,final,nssl,Falcon 9,"SLC-4E, California",2025-04-12,05:25:00,Droneship,,,,False,False,"On Saturday, April 12 at 5:25 a.m. PT, Falcon 9 launched the NROL-192 mission from Space Launch Complex 4 East (SLC-4E) at Vandenberg Space Force Base in California.

This was the 24th flight for the first stage booster supporting this mission, which previously launched NROL-87, NROL-85, SARah-1, SWOT, Transporter-8, Transporter-9, NROL-146, Bandwagon-2, NROL-153 and 14 Starlink missions.",,1910538592654635105,x.com,False,2025-04-12 05:25:00,2025,True,True
3266,q5zg971w9r45txp0f14xooec,Starlink Mission,sl-11-11,final,starlink,Falcon 9,"SLC-4E, California ",2025-04-07,16:06:00,Droneship,,,,False,False,"On Monday, April 7 at 4:06 p.m. PT, Falcon 9 launched 27 Starlink satellites to low-Earth orbit from Space Launch Complex 4 East (SLC-4E) at Vandenberg Space Force Base in California.

This was the first flight for the first stage booster supporting this mission.",,1908208150689570929,x.com,False,2025-04-07 16:06:00,2025,True,True
2229,jfcgs9er69s6elc03khzsjr1,Starlink Mission,sl-6-72,final,starlink,Falcon 9,"SLC-40, Florida",2025-04-05,23:07:00,Droneship,,,,False,False,"On Saturday, April 5 at 11:07 p.m. ET, Falcon 9 launched 28 Starlink satellites to low-Earth orbit from Space Launch Complex 40 (SLC-40) at Cape Canaveral Space Force Station in Florida.

This was the 19th flight for the first stage booster supporting this mission, which previously launched Crew-6, SES O3b mPOWER-B, USSF-124, Bluebird 1-5, and now 15 Starlink missions.",,1908207580671074588,x.com,False,2025-04-05 23:07:00,2025,True,True
3267,z76htcbx4bgxzsoodahxa4rd,Starlink Mission,sl-11-13,final,starlink,Falcon 9,"SLC-4E, California ",2025-04-03,18:02:00,Droneship,,,,False,False,"On Thursday, April 3 at 6:02 p.m. PT, Falcon 9 launched 27 Starlink satellites to low-Earth orbit from Space Launch Complex 4 East (SLC-4E) at Vandenberg Space Force Base in California.

This was the fifth flight for the first stage booster supporting this mission, which previously launched NROL-126, Transporter-12, SPHEREx, NROL-57, and now a Starlink mission.",,1906730055197171948,x.com,False,2025-04-03 18:02:00,2025,True,True
3202,bid3l9sqyb2yjvpuw9y0ty55,FRAM2 MISSION,fram2,final,hsf,Falcon 9,"LC-39A, Florida",2025-03-31,21:46:00,Droneship,,2025-04-04,12:19:00,False,False,"On Monday, March 31 at 9:46 p.m. ET, Falcon 9 launched Fram2 to low-Earth orbit from Launch Complex 39A at NASA’s Kennedy Space Center in Florida.

After nearly four days on-orbit, Dragon and the Fram2 crew safely splashed down at 9:19 a.m. PT off the coast of Oceanside, California, completing the first human spaceflight mission to explore Earth from a polar orbit and fly over the Earth’s polar regions. This was also Dragon’s first West Coast recovery since 2019 and the first Dragon human spaceflight mission to splash down in the Pacific Ocean.

This was the fourth flight for the Dragon spacecraft supporting this mission, which previously flew NASA’s Crew-1, Inspiration4, and Polaris Dawn. This was the sixth flight for the first stage booster supporting this mission, which previously launched Crew-9, RRT-1, Firefly Blue Ghost Mission 1, and two Starlink missions. Following stage separation, the first stage landed on the A Shortfall of Gravitas droneship, which was stationed in the Atlantic Ocean.

During their multi-day mission, the crew conducted 22 research studies designed to help advance humanity’s capabilities for long-duration space exploration and the understanding of human health in space. The crew took the first x-ray in space, performed exercise studies to maintain muscle and skeletal mass, and grew mushrooms in microgravity. Additionally, after safely returning to Earth, the crew exited the Dragon spacecraft without additional medical and operational assistance, helping researchers characterize the ability of astronauts to perform unassisted functional tasks after short and long durations in space.","[{""id"": 1087, ""name"": ""Chun Wang"", ""bioLink"": null, ""description"": null, ""portrait"": {""id"": 5638, ""name"": ""FRAM2_Portrait_CW_1536x1920.jpg"", ""alternativeText"": null, ""caption"": null, ""width"": 1536, ""height"": 1920, ""formats"": {""large"": {""ext"": "".jpg"", ""url"": ""https://sxcontent9668.azureedge.us/cms-assets/assets/large_FRAM_2_Portrait_CW_1536x1920_fc343f56d4.jpg"", ""hash"": ""large_FRAM_2_Portrait_CW_1536x1920_fc343f56d4"", ""mime"": ""image/jpeg"", ""name"": ""large_FRAM2_Portrait_CW_1536x1920.jpg"", ""path"": null, ""size"": 62.37, ""width"": 800, ""height"": 1000, ""sizeInBytes"": 62368}, ""small"": {""ext"": "".jpg"", ""url"": ""https://sxcontent9668.azureedge.us/cms-assets/assets/small_FRAM_2_Portrait_CW_1536x1920_fc343f56d4.jpg"", ""hash"": ""small_FRAM_2_Portrait_CW_1536x1920_fc343f56d4"", ""mime"": ""image/jpeg"", ""name"": ""small_FRAM2_Portrait_CW_1536x1920.jpg"", ""path"": null, ""size"": 20.77, ""width"": 400, ""height"": 500, ""sizeInBytes"": 20767}, ""medium"": {""ext"": "".jpg"", ""url"": ""https://sxcontent9668.azureedge.us/cms-assets/assets/medium_FRAM_2_Portrait_CW_1536x1920_fc343f56d4.jpg"", ""hash"": ""medium_FRAM_2_Portrait_CW_1536x1920_fc343f56d4"", ""mime"": ""image/jpeg"", ""name"": ""medium_FRAM2_Portrait_CW_1536x1920.jpg"", ""path"": null, ""size"": 39.15, ""width"": 600, ""height"": 750, ""sizeInBytes"": 39152}, ""thumbnail"": {""ext"": "".jpg"", ""url"": ""https://sxcontent9668.azureedge.us/cms-assets/assets/thumbnail_FRAM_2_Portrait_CW_1536x1920_fc343f56d4.jpg"", ""hash"": ""thumbnail_FRAM_2_Portrait_CW_1536x1920_fc343f56d4"", ""mime"": ""image/jpeg"", ""name"": ""thumbnail_FRAM2_Portrait_CW_1536x1920.jpg"", ""path"": null, ""size"": 3.93, ""width"": 125, ""height"": 156, ""sizeInBytes"": 3929}}, ""hash"": ""FRAM_2_Portrait_CW_1536x1920_fc343f56d4"", ""ext"": "".jpg"", ""mime"": ""image/jpeg"", ""size"": 198.48, ""url"": ""https://sxcontent9668.azureedge.us/cms-assets/assets/FRAM_2_Portrait_CW_1536x1920_fc343f56d4.jpg"", ""previewUrl"": null, ""provider"": ""strapi-provider-upload-azure-storage"", ""provider_metadata"": null, ""folderPath"": ""/102/380"", ""createdAt"": ""2025-03-22T00:38:13.551Z"", ""updatedAt"": ""2025-03-22T00:38:13.551Z"", ""documentId"": ""exdb7qckug18sy5er3ktqcmb"", ""locale"": null, ""publishedAt"": ""2025-03-22T00:38:13.551Z""}}, {""id"": 1088, ""name"": ""Jannicke Mikkelsen"", ""bioLink"": null, ""description"": null, ""portrait"": {""id"": 5634, ""name"": ""FRAM2_Portrait_JM_1536x1920.jpg"", ""alternativeText"": null, ""caption"": null, ""width"": 1536, ""height"": 1920, ""formats"": {""large"": {""ext"": "".jpg"", ""url"": ""https://sxcontent9668.azureedge.us/cms-assets/assets/large_FRAM_2_Portrait_JM_1536x1920_b9cb642ba3.jpg"", ""hash"": ""large_FRAM_2_Portrait_JM_1536x1920_b9cb642ba3"", ""mime"": ""image/jpeg"", ""name"": ""large_FRAM2_Portrait_JM_1536x1920.jpg"", ""path"": null, ""size"": 65.99, ""width"": 800, ""height"": 1000, ""sizeInBytes"": 65986}, ""small"": {""ext"": "".jpg"", ""url"": ""https://sxcontent9668.azureedge.us/cms-assets/assets/small_FRAM_2_Portrait_JM_1536x1920_b9cb642ba3.jpg"", ""hash"": ""small_FRAM_2_Portrait_JM_1536x1920_b9cb642ba3"", ""mime"": ""image/jpeg"", ""name"": ""small_FRAM2_Portrait_JM_1536x1920.jpg"", ""path"": null, ""size"": 21.87, ""width"": 400, ""height"": 500, ""sizeInBytes"": 21872}, ""medium"": {""ext"": "".jpg"", ""url"": ""https://sxcontent9668.azureedge.us/cms-assets/assets/medium_FRAM_2_Portrait_JM_1536x1920_b9cb642ba3.jpg"", ""hash"": ""medium_FRAM_2_Portrait_JM_1536x1920_b9cb642ba3"", ""mime"": ""image/jpeg"", ""name"": ""medium_FRAM2_Portrait_JM_1536x1920.jpg"", ""path"": null, ""size"": 41.21, ""width"": 600, ""height"": 750, ""sizeInBytes"": 41213}, ""thumbnail"": {""ext"": "".jpg"", ""url"": ""https://sxcontent9668.azureedge.us/cms-assets/assets/thumbnail_FRAM_2_Portrait_JM_1536x1920_b9cb642ba3.jpg"", ""hash"": ""thumbnail_FRAM_2_Portrait_JM_1536x1920_b9cb642ba3"", ""mime"": ""image/jpeg"", ""name"": ""thumbnail_FRAM2_Portrait_JM_1536x1920.jpg"", ""path"": null, ""size"": 4.1, ""width"": 125, ""height"": 156, ""sizeInBytes"": 4101}}, ""hash"": ""FRAM_2_Portrait_JM_1536x1920_b9cb642ba3"", ""ext"": "".jpg"", ""mime"": ""image/jpeg"", ""size"": 216.7, ""url"": ""https://sxcontent9668.azureedge.us/cms-assets/assets/FRAM_2_Portrait_JM_1536x1920_b9cb642ba3.jpg"", ""previewUrl"": null, ""provider"": ""strapi-provider-upload-azure-storage"", ""provider_metadata"": null, ""folderPath"": ""/102/380"", ""createdAt"": ""2025-03-22T00:38:13.051Z"", ""updatedAt"": ""2025-03-22T00:38:13.051Z"", ""documentId"": ""kwdi4vmucuoqb7w9o3vdxmuy"", ""locale"": null, ""publishedAt"": ""2025-03-22T00:38:13.054Z""}}, {""id"": 1089, ""name"": ""Rabea Rogge"", ""bioLink"": null, ""description"": null, ""portrait"": {""id"": 5637, ""name"": ""FRAM2_Portrait_RR_1536x1920.jpg"", ""alternativeText"": null, ""caption"": null, ""width"": 1536, ""height"": 1920, ""formats"": {""large"": {""ext"": "".jpg"", ""url"": ""https://sxcontent9668.azureedge.us/cms-assets/assets/large_FRAM_2_Portrait_RR_1536x1920_0a7205495c.jpg"", ""hash"": ""large_FRAM_2_Portrait_RR_1536x1920_0a7205495c"", ""mime"": ""image/jpeg"", ""name"": ""large_FRAM2_Portrait_RR_1536x1920.jpg"", ""path"": null, ""size"": 65.93, ""width"": 800, ""height"": 1000, ""sizeInBytes"": 65928}, ""small"": {""ext"": "".jpg"", ""url"": ""https://sxcontent9668.azureedge.us/cms-assets/assets/small_FRAM_2_Portrait_RR_1536x1920_0a7205495c.jpg"", ""hash"": ""small_FRAM_2_Portrait_RR_1536x1920_0a7205495c"", ""mime"": ""image/jpeg"", ""name"": ""small_FRAM2_Portrait_RR_1536x1920.jpg"", ""path"": null, ""size"": 21.31, ""width"": 400, ""height"": 500, ""sizeInBytes"": 21306}, ""medium"": {""ext"": "".jpg"", ""url"": ""https://sxcontent9668.azureedge.us/cms-assets/assets/medium_FRAM_2_Portrait_RR_1536x1920_0a7205495c.jpg"", ""hash"": ""medium_FRAM_2_Portrait_RR_1536x1920_0a7205495c"", ""mime"": ""image/jpeg"", ""name"": ""medium_FRAM2_Portrait_RR_1536x1920.jpg"", ""path"": null, ""size"": 40.28, ""width"": 600, ""height"": 750, ""sizeInBytes"": 40279}, ""thumbnail"": {""ext"": "".jpg"", ""url"": ""https://sxcontent9668.azureedge.us/cms-assets/assets/thumbnail_FRAM_2_Portrait_RR_1536x1920_0a7205495c.jpg"", ""hash"": ""thumbnail_FRAM_2_Portrait_RR_1536x1920_0a7205495c"", ""mime"": ""image/jpeg"", ""name"": ""thumbnail_FRAM2_Portrait_RR_1536x1920.jpg"", ""path"": null, ""size"": 4.01, ""width"": 125, ""height"": 156, ""sizeInBytes"": 4010}}, ""hash"": ""FRAM_2_Portrait_RR_1536x1920_0a7205495c"", ""ext"": "".jpg"", ""mime"": ""image/jpeg"", ""size"": 223.85, ""url"": ""https://sxcontent9668.azureedge.us/cms-assets/assets/FRAM_2_Portrait_RR_1536x1920_0a7205495c.jpg"", ""previewUrl"": null, ""provider"": ""strapi-provider-upload-azure-storage"", ""provider_metadata"": null, ""folderPath"": ""/102/380"", ""createdAt"": ""2025-03-22T00:38:13.443Z"", ""updatedAt"": ""2025-03-22T00:38:13.443Z"", ""documentId"": ""ku3lwpk1w3uf8oargk57uui2"", ""locale"": null, ""publishedAt"": ""2025-03-22T00:38:13.443Z""}}, {""id"": 1090, ""name"": ""Eric Philips"", ""bioLink"": null, ""description"": null, ""portrait"": {""id"": 5635, ""name"": ""FRAM2_Portrait_EP_1536x1920.jpg"", ""alternativeText"": null, ""caption"": null, ""width"": 1536, ""height"": 1920, ""formats"": {""large"": {""ext"": "".jpg"", ""url"": ""https://sxcontent9668.azureedge.us/cms-assets/assets/large_FRAM_2_Portrait_EP_1536x1920_809732e545.jpg"", ""hash"": ""large_FRAM_2_Portrait_EP_1536x1920_809732e545"", ""mime"": ""image/jpeg"", ""name"": ""large_FRAM2_Portrait_EP_1536x1920.jpg"", ""path"": null, ""size"": 67.31, ""width"": 800, ""height"": 1000, ""sizeInBytes"": 67312}, ""small"": {""ext"": "".jpg"", ""url"": ""https://sxcontent9668.azureedge.us/cms-assets/assets/small_FRAM_2_Portrait_EP_1536x1920_809732e545.jpg"", ""hash"": ""small_FRAM_2_Portrait_EP_1536x1920_809732e545"", ""mime"": ""image/jpeg"", ""name"": ""small_FRAM2_Portrait_EP_1536x1920.jpg"", ""path"": null, ""size"": 22.18, ""width"": 400, ""height"": 500, ""sizeInBytes"": 22175}, ""medium"": {""ext"": "".jpg"", ""url"": ""https://sxcontent9668.azureedge.us/cms-assets/assets/medium_FRAM_2_Portrait_EP_1536x1920_809732e545.jpg"", ""hash"": ""medium_FRAM_2_Portrait_EP_1536x1920_809732e545"", ""mime"": ""image/jpeg"", ""name"": ""medium_FRAM2_Portrait_EP_1536x1920.jpg"", ""path"": null, ""size"": 41.72, ""width"": 600, ""height"": 750, ""sizeInBytes"": 41718}, ""thumbnail"": {""ext"": "".jpg"", ""url"": ""https://sxcontent9668.azureedge.us/cms-assets/assets/thumbnail_FRAM_2_Portrait_EP_1536x1920_809732e545.jpg"", ""hash"": ""thumbnail_FRAM_2_Portrait_EP_1536x1920_809732e545"", ""mime"": ""image/jpeg"", ""name"": ""thumbnail_FRAM2_Portrait_EP_1536x1920.jpg"", ""path"": null, ""size"": 4.14, ""width"": 125, ""height"": 156, ""sizeInBytes"": 4135}}, ""hash"": ""FRAM_2_Portrait_EP_1536x1920_809732e545"", ""ext"": "".jpg"", ""mime"": ""image/jpeg"", ""size"": 216.14, ""url"": ""https://sxcontent9668.azureedge.us/cms-assets/assets/FRAM_2_Portrait_EP_1536x1920_809732e545.jpg"", ""previewUrl"": null, ""provider"": ""strapi-provider-upload-azure-storage"", ""provider_metadata"": null, ""folderPath"": ""/102/380"", ""createdAt"": ""2025-03-22T00:38:13.356Z"", ""updatedAt"": ""2025-03-22T00:38:13.356Z"", ""documentId"": ""hxj6apjybahmiafjlv4yuzyb"", ""locale"": null, ""publishedAt"": ""2025-03-22T00:38:13.356Z""}}]",1907969563238818130,x.com,False,2025-03-31 21:46:00,2025,True,True
2282,hpb6qpimloafhykzz4q9sm0c,Starlink Mission,sl-6-80,final,starlink,Falcon 9,"SLC-40, Florida",2025-03-31,15:52:00,Droneship,,,,False,False,"On Monday, March 31 at 3:52 p.m. ET, Falcon 9 launched 28 Starlink satellites to low-Earth orbit from Space Launch Complex 40 (SLC-40) at Cape Canaveral Space Force Station in Florida.

This was the 17th flight for the first stage booster supporting this mission, which previously launched Ax-2, Euclid, Ax-3, CRS-30, SES ASTRA 1P, NG-21, and now 11 Starlink missions.",,1906797183141331393,x.com,False,2025-03-31 15:52:00,2025,True,True
3265,vqkolsvxs46bu1478el6rgk3,Starlink Mission,sl-11-7,final,starlink,Falcon 9,"SLC-4E, California ",2025-03-26,15:11:00,Droneship,,,,False,False,"On Wednesday, March 26 at 3:11 p.m. PT, Falcon 9 launched 27 Starlink satellites to low-Earth orbit from Space Launch Complex 4 East (SLC-4E) at Vandenberg Space Force Base in California.

This was the 24th flight for the first stage booster supporting this mission, which previously launched Sentinel-6 Michael Freilich, DART, Transporter-7, Iridium OneWeb, SDA-0B, NROL-113, NROL-167, NROL-149, and now 16 Starlink missions.",,1904621226154483938,x.com,False,2025-03-26 15:11:00,2025,True,True
2344,sryjlrest9na45ddped0psd5,NROL-69 Mission,nrol69,final,nssl,Falcon 9,"SLC-40, Florida",2025-03-24,13:48:00,Landing Zone,,,,False,False,"On Monday, March 24 at 1:48 p.m. ET, Falcon 9 launched the NROL-69 mission from Space Launch Complex 40 (SLC-40) at Cape Canaveral Space Force Station in Florida.

This was the second flight for the first stage booster supporting this mission, which previously launched a Starlink mission.",,1903144677311910063,x.com,False,2025-03-24 13:48:00,2025,True,True
3211,g1yz1gxg0c9mkeuc8u37bzbh,NROL-57 Mission,nrol57,final,nssl,Falcon 9,"SLC-4E, California",2025-03-20,23:49:00,Landing Zone,,,,False,False,"On Thursday, March 20 at 11:49 p.m. PT, Falcon 9 launched the NROL-57 mission from Space Launch Complex 4 East (SLC-4E) at Vandenberg Space Force Base in California.

This was the fourth flight for the first stage booster supporting this mission, which previously launched NROL-126, Transporter-12, and SPHEREx.",,1902503422542410006,x.com,False,2025-03-20 23:49:00,2025,True,True
2449,ih6zc7in7vubsiuilud56v4m,Starlink Mission,sl-12-25,final,starlink,Falcon 9,"SLC-40, Florida",2025-03-18,15:57:00,Droneship,,,,True,False,"On Tuesday, March 18 at 3:57 p.m. ET, Falcon 9 launched 23 Starlink satellites, including 13 with Direct to Cell capabilities, to low-Earth orbit from Space Launch Complex 40 (SLC-40) at Cape Canaveral Space Force Station in Florida.

This was the 19th flight for the first stage booster supporting this mission, which previously launched Crew-5, GPS III Space Vehicle 06, Inmarsat I6-F2, CRS-28, Intelsat G-37, NG-20, TD7, and now 12 Starlink missions.",,1902052829499683240,x.com,False,2025-03-18 15:57:00,2025,True,True
2416,ww0frmkztbp4lek8ee7xr2or,Starlink Mission,sl-12-16,final,starlink,Falcon 9,"SLC-40, Florida",2025-03-15,07:35:00,Droneship,,,,True,False,"On Saturday, March 15 at 7:35 a.m. ET, Falcon 9 launched 23 Starlink satellites, including 13 with Direct to Cell capabilities, to low-Earth orbit from Space Launch Complex 40 (SLC-40) at Cape Canaveral Space Force Station in Florida.

This was the 18th flight for the first stage booster supporting this mission, which previously launched Crew-6, SES O3b mPOWER-B, USSF-124, Bluebird 1-5, and now 14 Starlink missions.",,1900588257148367201,x.com,False,2025-03-15 07:35:00,2025,True,True
2092,ullgp924jxh6r7m4knai3t46,Transporter-13 Mission,transporter13,final,rideshare,Falcon 9,"SLC-4E, California",2025-03-14,23:39:00,Landing Zone,,,,False,False,"On Friday, March 14 at 11:43 p.m. PT, SpaceX launched the Transporter-13 mission to orbit from Space Launch Complex 4E (SLC-4E) at Vandenberg Space Force Base in California.

This was the 13th flight of the first stage booster supporting this mission, which previously launched Crew-7, CRS-29, PACE, Transporter-10, EarthCARE, NROL-186, and six Starlink missions.

Transporter-13 is a dedicated smallsat rideshare mission. There were 74 payloads on this flight, including cubesats, microsats, hosted payloads, a re-entry capsule, and an orbital transfer vehicle carrying 11 of those payloads to be deployed at a later time. To date, SpaceX has launched more than 1,200 payloads to orbit for 130+ customers across our entire Rideshare program.",,1900303571993645299,x.com,False,2025-03-14 23:39:00,2025,True,True
2904,ih4ss06zhqgetfmp4vupch2u,CREW-10 MISSION,crew10,final,hsf,Falcon 9,"LC-39A, Florida",2025-03-14,19:03:00,Landing Zone,"August 9, 2025",2025-08-09,08:33:00,False,False,"On Friday, March 14 at 7:03 p.m. ET, Falcon 9 launched Dragon’s 10th operational human spaceflight mission (Crew-10) to the International Space Station from Launch Complex 39A at NASA’s Kennedy Space Center in Florida. Dragon autonomously docked with the space station at 12:04 a.m. ET on Sunday, March 16.

After 145 days docked to the orbiting laboratory, Dragon autonomously undocked at 6:15 p.m. ET on Friday, August 8 and successfully returned to Earth, splashing down off the coast of California on Saturday, August 9 at 8:33 a.m. PT.

Aboard the spacecraft were NASA astronauts Anne McClain and Nichole Ayers, JAXA astronaut Takuya Onishi, and Roscosmos cosmonaut Kirill Peskov.

The Dragon spacecraft supporting this mission previously flew NASA’s Crew-3, Crew-5, and Crew-7 missions to and from the space station. This was the second flight for the first stage booster supporting this mission, which previously launched the SES 03b mPOWER mission. Following stage separation, Falcon 9’s first stage landed on Landing Zone 1 (LZ-1) at Cape Canaveral Space Force Station.

During their time on the orbiting laboratory, the crew conducted new research to prepare for human exploration beyond low-Earth orbit and to benefit humanity on Earth.","[{""id"": 985, ""name"": ""Anne McClain"", ""bioLink"": ""https://www.nasa.gov/people/anne-c-mcclain/"", ""description"": ""Commander"", ""portrait"": {""id"": 4645, ""name"": ""Crew_10_Portrait_Anne_00907_fullres_1536x1920.jpg"", ""alternativeText"": null, ""caption"": null, ""width"": 1536, ""height"": 1920, ""formats"": {""large"": {""ext"": "".jpg"", ""url"": ""https://sxcontent9668.azureedge.us/cms-assets/assets/large_Crew_10_Portrait_Anne_00907_fullres_1536x1920_f79dfd1914.jpg"", ""hash"": ""large_Crew_10_Portrait_Anne_00907_fullres_1536x1920_f79dfd1914"", ""mime"": ""image/jpeg"", ""name"": ""large_Crew_10_Portrait_Anne_00907_fullres_1536x1920.jpg"", ""path"": null, ""size"": 102.69, ""width"": 800, ""height"": 1000, ""sizeInBytes"": 102694}, ""small"": {""ext"": "".jpg"", ""url"": ""https://sxcontent9668.azureedge.us/cms-assets/assets/small_Crew_10_Portrait_Anne_00907_fullres_1536x1920_f79dfd1914.jpg"", ""hash"": ""small_Crew_10_Portrait_Anne_00907_fullres_1536x1920_f79dfd1914"", ""mime"": ""image/jpeg"", ""name"": ""small_Crew_10_Portrait_Anne_00907_fullres_1536x1920.jpg"", ""path"": null, ""size"": 30.13, ""width"": 400, ""height"": 500, ""sizeInBytes"": 30130}, ""medium"": {""ext"": "".jpg"", ""url"": ""https://sxcontent9668.azureedge.us/cms-assets/assets/medium_Crew_10_Portrait_Anne_00907_fullres_1536x1920_f79dfd1914.jpg"", ""hash"": ""medium_Crew_10_Portrait_Anne_00907_fullres_1536x1920_f79dfd1914"", ""mime"": ""image/jpeg"", ""name"": ""medium_Crew_10_Portrait_Anne_00907_fullres_1536x1920.jpg"", ""path"": null, ""size"": 61.01, ""width"": 600, ""height"": 750, ""sizeInBytes"": 61006}, ""thumbnail"": {""ext"": "".jpg"", ""url"": ""https://sxcontent9668.azureedge.us/cms-assets/assets/thumbnail_Crew_10_Portrait_Anne_00907_fullres_1536x1920_f79dfd1914.jpg"", ""hash"": ""thumbnail_Crew_10_Portrait_Anne_00907_fullres_1536x1920_f79dfd1914"", ""mime"": ""image/jpeg"", ""name"": ""thumbnail_Crew_10_Portrait_Anne_00907_fullres_1536x1920.jpg"", ""path"": null, ""size"": 5.32, ""width"": 125, ""height"": 156, ""sizeInBytes"": 5319}}, ""hash"": ""Crew_10_Portrait_Anne_00907_fullres_1536x1920_f79dfd1914"", ""ext"": "".jpg"", ""mime"": ""image/jpeg"", ""size"": 350.27, ""url"": ""https://sxcontent9668.azureedge.us/cms-assets/assets/Crew_10_Portrait_Anne_00907_fullres_1536x1920_f79dfd1914.jpg"", ""previewUrl"": null, ""provider"": ""strapi-provider-upload-azure-storage"", ""provider_metadata"": null, ""folderPath"": ""/102/370"", ""createdAt"": ""2025-03-09T02:50:51.271Z"", ""updatedAt"": ""2025-03-09T02:50:51.271Z"", ""documentId"": ""aybzl3eztnjhm1ikk3ihaajj"", ""locale"": null, ""publishedAt"": ""2025-03-09T02:50:51.273Z""}}, {""id"": 986, ""name"": ""Nichole Ayers"", ""bioLink"": ""https://www.nasa.gov/people/nasa-astronaut-nichole-ayers/"", ""description"": ""Pilot"", ""portrait"": {""id"": 5540, ""name"": ""Crew_10_Portrait_Nichole_8863_fullres_1536x1920.jpg"", ""alternativeText"": null, ""caption"": null, ""width"": 1536, ""height"": 1920, ""formats"": {""large"": {""ext"": "".jpg"", ""url"": ""https://sxcontent9668.azureedge.us/cms-assets/assets/large_Crew_10_Portrait_Nichole_8863_fullres_1536x1920_92e34f6ec0.jpg"", ""hash"": ""large_Crew_10_Portrait_Nichole_8863_fullres_1536x1920_92e34f6ec0"", ""mime"": ""image/jpeg"", ""name"": ""large_Crew_10_Portrait_Nichole_8863_fullres_1536x1920.jpg"", ""path"": null, ""size"": 101.87, ""width"": 800, ""height"": 1000, ""sizeInBytes"": 101868}, ""small"": {""ext"": "".jpg"", ""url"": ""https://sxcontent9668.azureedge.us/cms-assets/assets/small_Crew_10_Portrait_Nichole_8863_fullres_1536x1920_92e34f6ec0.jpg"", ""hash"": ""small_Crew_10_Portrait_Nichole_8863_fullres_1536x1920_92e34f6ec0"", ""mime"": ""image/jpeg"", ""name"": ""small_Crew_10_Portrait_Nichole_8863_fullres_1536x1920.jpg"", ""path"": null, ""size"": 30, ""width"": 400, ""height"": 500, ""sizeInBytes"": 30004}, ""medium"": {""ext"": "".jpg"", ""url"": ""https://sxcontent9668.azureedge.us/cms-assets/assets/medium_Crew_10_Portrait_Nichole_8863_fullres_1536x1920_92e34f6ec0.jpg"", ""hash"": ""medium_Crew_10_Portrait_Nichole_8863_fullres_1536x1920_92e34f6ec0"", ""mime"": ""image/jpeg"", ""name"": ""medium_Crew_10_Portrait_Nichole_8863_fullres_1536x1920.jpg"", ""path"": null, ""size"": 60.64, ""width"": 600, ""height"": 750, ""sizeInBytes"": 60644}, ""thumbnail"": {""ext"": "".jpg"", ""url"": ""https://sxcontent9668.azureedge.us/cms-assets/assets/thumbnail_Crew_10_Portrait_Nichole_8863_fullres_1536x1920_92e34f6ec0.jpg"", ""hash"": ""thumbnail_Crew_10_Portrait_Nichole_8863_fullres_1536x1920_92e34f6ec0"", ""mime"": ""image/jpeg"", ""name"": ""thumbnail_Crew_10_Portrait_Nichole_8863_fullres_1536x1920.jpg"", ""path"": null, ""size"": 5.3, ""width"": 125, ""height"": 156, ""sizeInBytes"": 5302}}, ""hash"": ""Crew_10_Portrait_Nichole_8863_fullres_1536x1920_92e34f6ec0"", ""ext"": "".jpg"", ""mime"": ""image/jpeg"", ""size"": 350.05, ""url"": ""https://sxcontent9668.azureedge.us/cms-assets/assets/Crew_10_Portrait_Nichole_8863_fullres_1536x1920_92e34f6ec0.jpg"", ""previewUrl"": null, ""provider"": ""strapi-provider-upload-azure-storage"", ""provider_metadata"": null, ""folderPath"": ""/102/370"", ""createdAt"": ""2025-03-09T02:50:51.270Z"", ""updatedAt"": ""2025-03-09T02:50:51.270Z"", ""documentId"": ""pbbv6z7k8sfy3ky2uuioyfmp"", ""locale"": null, ""publishedAt"": ""2025-03-09T02:50:51.270Z""}}, {""id"": 987, ""name"": ""Takuya Onishi"", ""bioLink"": ""https://humans-in-space.jaxa.jp/en/astronaut/onishi-takuya/"", ""description"": ""Mission Specialist"", ""portrait"": {""id"": 5539, ""name"": ""Crew_10_Portrait_Takuya_08942_fullres_1536x1920.jpg"", ""alternativeText"": null, ""caption"": null, ""width"": 1536, ""height"": 1920, ""formats"": {""large"": {""ext"": "".jpg"", ""url"": ""https://sxcontent9668.azureedge.us/cms-assets/assets/large_Crew_10_Portrait_Takuya_08942_fullres_1536x1920_bc6b35c8c8.jpg"", ""hash"": ""large_Crew_10_Portrait_Takuya_08942_fullres_1536x1920_bc6b35c8c8"", ""mime"": ""image/jpeg"", ""name"": ""large_Crew_10_Portrait_Takuya_08942_fullres_1536x1920.jpg"", ""path"": null, ""size"": 111.7, ""width"": 800, ""height"": 1000, ""sizeInBytes"": 111697}, ""small"": {""ext"": "".jpg"", ""url"": ""https://sxcontent9668.azureedge.us/cms-assets/assets/small_Crew_10_Portrait_Takuya_08942_fullres_1536x1920_bc6b35c8c8.jpg"", ""hash"": ""small_Crew_10_Portrait_Takuya_08942_fullres_1536x1920_bc6b35c8c8"", ""mime"": ""image/jpeg"", ""name"": ""small_Crew_10_Portrait_Takuya_08942_fullres_1536x1920.jpg"", ""path"": null, ""size"": 31.34, ""width"": 400, ""height"": 500, ""sizeInBytes"": 31335}, ""medium"": {""ext"": "".jpg"", ""url"": ""https://sxcontent9668.azureedge.us/cms-assets/assets/medium_Crew_10_Portrait_Takuya_08942_fullres_1536x1920_bc6b35c8c8.jpg"", ""hash"": ""medium_Crew_10_Portrait_Takuya_08942_fullres_1536x1920_bc6b35c8c8"", ""mime"": ""image/jpeg"", ""name"": ""medium_Crew_10_Portrait_Takuya_08942_fullres_1536x1920.jpg"", ""path"": null, ""size"": 65.08, ""width"": 600, ""height"": 750, ""sizeInBytes"": 65081}, ""thumbnail"": {""ext"": "".jpg"", ""url"": ""https://sxcontent9668.azureedge.us/cms-assets/assets/thumbnail_Crew_10_Portrait_Takuya_08942_fullres_1536x1920_bc6b35c8c8.jpg"", ""hash"": ""thumbnail_Crew_10_Portrait_Takuya_08942_fullres_1536x1920_bc6b35c8c8"", ""mime"": ""image/jpeg"", ""name"": ""thumbnail_Crew_10_Portrait_Takuya_08942_fullres_1536x1920.jpg"", ""path"": null, ""size"": 5.3, ""width"": 125, ""height"": 156, ""sizeInBytes"": 5304}}, ""hash"": ""Crew_10_Portrait_Takuya_08942_fullres_1536x1920_bc6b35c8c8"", ""ext"": "".jpg"", ""mime"": ""image/jpeg"", ""size"": 387.23, ""url"": ""https://sxcontent9668.azureedge.us/cms-assets/assets/Crew_10_Portrait_Takuya_08942_fullres_1536x1920_bc6b35c8c8.jpg"", ""previewUrl"": null, ""provider"": ""strapi-provider-upload-azure-storage"", ""provider_metadata"": null, ""folderPath"": ""/102/370"", ""createdAt"": ""2025-03-09T02:50:50.336Z"", ""updatedAt"": ""2025-03-09T02:50:50.336Z"", ""documentId"": ""sgslkrur97fo2hf32evdntn6"", ""locale"": null, ""publishedAt"": ""2025-03-09T02:50:50.337Z""}}, {""id"": 988, ""name"": ""Kirill Peskov"", ""bioLink"": null, ""description"": ""Mission Specialist"", ""portrait"": {""id"": 5538, ""name"": ""Crew_10_Portrait_Kirill_8963_fullres_1536x1920.jpg"", ""alternativeText"": null, ""caption"": null, ""width"": 1536, ""height"": 1920, ""formats"": {""large"": {""ext"": "".jpg"", ""url"": ""https://sxcontent9668.azureedge.us/cms-assets/assets/large_Crew_10_Portrait_Kirill_8963_fullres_1536x1920_e544514b6b.jpg"", ""hash"": ""large_Crew_10_Portrait_Kirill_8963_fullres_1536x1920_e544514b6b"", ""mime"": ""image/jpeg"", ""name"": ""large_Crew_10_Portrait_Kirill_8963_fullres_1536x1920.jpg"", ""path"": null, ""size"": 98.89, ""width"": 800, ""height"": 1000, ""sizeInBytes"": 98888}, ""small"": {""ext"": "".jpg"", ""url"": ""https://sxcontent9668.azureedge.us/cms-assets/assets/small_Crew_10_Portrait_Kirill_8963_fullres_1536x1920_e544514b6b.jpg"", ""hash"": ""small_Crew_10_Portrait_Kirill_8963_fullres_1536x1920_e544514b6b"", ""mime"": ""image/jpeg"", ""name"": ""small_Crew_10_Portrait_Kirill_8963_fullres_1536x1920.jpg"", ""path"": null, ""size"": 30.26, ""width"": 400, ""height"": 500, ""sizeInBytes"": 30259}, ""medium"": {""ext"": "".jpg"", ""url"": ""https://sxcontent9668.azureedge.us/cms-assets/assets/medium_Crew_10_Portrait_Kirill_8963_fullres_1536x1920_e544514b6b.jpg"", ""hash"": ""medium_Crew_10_Portrait_Kirill_8963_fullres_1536x1920_e544514b6b"", ""mime"": ""image/jpeg"", ""name"": ""medium_Crew_10_Portrait_Kirill_8963_fullres_1536x1920.jpg"", ""path"": null, ""size"": 60.27, ""width"": 600, ""height"": 750, ""sizeInBytes"": 60266}, ""thumbnail"": {""ext"": "".jpg"", ""url"": ""https://sxcontent9668.azureedge.us/cms-assets/assets/thumbnail_Crew_10_Portrait_Kirill_8963_fullres_1536x1920_e544514b6b.jpg"", ""hash"": ""thumbnail_Crew_10_Portrait_Kirill_8963_fullres_1536x1920_e544514b6b"", ""mime"": ""image/jpeg"", ""name"": ""thumbnail_Crew_10_Portrait_Kirill_8963_fullres_1536x1920.jpg"", ""path"": null, ""size"": 5.29, ""width"": 125, ""height"": 156, ""sizeInBytes"": 5292}}, ""hash"": ""Crew_10_Portrait_Kirill_8963_fullres_1536x1920_e544514b6b"", ""ext"": "".jpg"", ""mime"": ""image/jpeg"", ""size"": 308.05, ""url"": ""https://sxcontent9668.azureedge.us/cms-assets/assets/Crew_10_Portrait_Kirill_8963_fullres_1536x1920_e544514b6b.jpg"", ""previewUrl"": null, ""provider"": ""strapi-provider-upload-azure-storage"", ""provider_metadata"": null, ""folderPath"": ""/102/370"", ""createdAt"": ""2025-03-09T02:50:49.540Z"", ""updatedAt"": ""2025-03-09T02:50:49.540Z"", ""documentId"": ""gnau6yn26w2lj5qew02spc74"", ""locale"": null, ""publishedAt"": ""2025-03-09T02:50:49.541Z""}}]",1900009954976948331,x.com,True,2025-03-14 19:03:00,2025,True,True
2422,gfzvkifjkfbx95hv3p6ymx9c,Starlink Mission,sl-12-21,final,starlink,Falcon 9,"SLC-40, Florida",2025-03-12,22:35:00,Droneship,,,,True,False,"On Wednesday, March 12 at 10:35 p.m. ET, Falcon 9 launched 21 Starlink satellites, including 13 with Direct to Cell capabilities, to low-Earth orbit from Space Launch Complex 40 (SLC-40) at Cape Canaveral Space Force Station in Florida.

This was the 22nd flight for the first stage booster supporting this mission, which previously launched CRS-24, Eutelsat HOTBIRD 13F, OneWeb 1, SES-18 and SES-19, and now 18 Starlink missions.",,1899315287142633920,x.com,False,2025-03-12 22:35:00,2025,True,True
1664,d4j757f9jvkzu1v44rl4hkbe,SPHEREx Mission,spherex,final,science,Falcon 9,"SLC-4E, California",2025-03-11,20:10:00,Landing Zone,,,,False,False,"On Tuesday, March 11 at 8:10 p.m. PT, Falcon 9 launched NASA’s  SPHEREx  observatory and PUNCH satellites from Space Launch Complex 4 East (SLC-4E) at Vandenberg Space Force Base in California.

This was the third flight for the first stage booster supporting this mission, which previously launched NROL-126 and Transporter-12.

During its two-year mission, the SPHEREx (Spectro-Photometer for the History of the Universe, Epoch of Reionization and Ices Explorer) Observatory will collect data on more than 450 million galaxies and more than 100 million stars to improve our understanding of how the universe evolved while also searching for water and oxygen molecules. The PUNCH (Polarimeter to Unify the Corona and Heliosphere) satellites will observe the Sun and its environment to help scientists better understand the effect of solar winds on our solar system.",,1899287249092743600,x.com,False,2025-03-11 20:10:00,2025,True,True
3737,tic6x4h8oa7stuwtyvaadaey,Starship's Eighth Flight Test,starship-flight-8,final,starship,Starship,"Pad 1, Starbase",2025-03-06,17:30:00,Mechazilla,,,,False,False,"Starship’s eighth flight test lifted off from Starbase in Texas at 5:30 p.m. CT on Thursday, March 6. The Super Heavy booster successfully lit its 33 Raptor engines and propelled Starship through a nominal first-stage ascent.

Approximately two and a half minutes into flight, the Super Heavy booster shutdown all but three of its Raptor engines as planned for hot-staging separation. Starship then successfully lit its six Raptor engines and separated from the Super Heavy booster to continue its ascent to space.

The Super Heavy booster then relit 11 of 13 planned Raptor engines and performed a boostback burn to return itself to the launch site. As Super Heavy approached the launch site, it relit 12 of the planned 13 engines at the start of its landing burn to successfully slow the booster down. The three center engines continued running to maneuver the booster to the launch and catch tower arms, resulting in the third successful catch of a Super Heavy booster.

Starship continued its ascent to its planned trajectory. Prior to the end of the ascent burn, an energetic event in the aft portion of Starship resulted in the loss of several Raptor engines. This in turn led to a loss of attitude control and ultimately a loss of communications with Starship. Final contact with Starship came approximately 9 minutes and 30 seconds after liftoff.

Starship flew within a designated launch corridor to safeguard the public both on the ground, on water, and in the air. Following the anomaly, SpaceX teams immediately began coordination with the FAA, ATO (air traffic control) and other safety officials to implement pre-planned contingency responses.

Any surviving debris would have fallen within the pre-planned Debris Response Area. There are no toxic materials present in the debris and no significant impacts expected to occur to marine species or water quality. If you believe you have identified a piece of debris, please contact your local authorities or the SpaceX Debris Hotline at 1-866-623-0234 or at recovery@spacex.com.

With a test like this, success comes from what we learn, and today’s flight will help us improve Starship’s reliability. We will conduct a thorough investigation, in coordination with the FAA, and implement corrective actions to make improvements on future Starship flight tests.",,1896909928381768044,x.com,False,2025-03-06 17:30:00,2025,True,True
2448,l4rsmd4wrg2kizk80uebz3w0,Starlink Mission,sl-12-20,final,starlink,Falcon 9,"SLC-40, Florida",2025-03-02,21:24:00,Droneship,,,,True,False,"On Sunday, March 2 at 9:24 p.m. ET, Falcon 9 launched 21 Starlink satellites, including 13 with Direct to Cell capabilities, to low-Earth orbit from Space Launch Complex 40 (SLC-40) at Cape Canaveral Space Force Station in Florida. This was the fifth flight for the first stage booster supporting this mission, which previously launched GOES-U, Maxar 3, and now three Starlink missions.

The first stage booster returned to Earth and landed on the Just Read the Instructions droneship, which was stationed in the Atlantic Ocean ~250 nautical miles off the coast of Florida. Following the successful landing, an off-nominal fire in the aft end of the rocket damaged one of the booster's landing legs which resulted in it tipping over. While disappointing to lose a rocket after a successful mission, the team will use the data to make Falcon even more reliable on ascent and landing.",,1895587520056082504,x.com,False,2025-03-02 21:24:00,2025,True,True
2442,plp5zp8d8j3szre8cc5tlsxm,Starlink Mission,sl-12-13,final,starlink,Falcon 9,"SLC-40, Florida",2025-02-26,22:34:00,Droneship,,,,True,False,"On Wednesday, February 26 at 10:34 p.m. ET, Falcon 9 launched 21 Starlink satellites, including 13 with Direct to Cell capabilities, to low-Earth orbit from Space Launch Complex 40 (SLC-40) at Cape Canaveral Space Force Station in Florida.

This was the first flight of the first stage booster supporting this mission.",,1893002361825829050,x.com,False,2025-02-26 22:34:00,2025,True,True
2085,a6gmbna5bbxj2uk92vyj4j4n,IM-2 MISSION,im-2,final,science,Falcon 9,"LC-39A, Florida",2025-02-26,19:17:00,Droneship,,,,False,False,"On Wednesday, February 26 at 7:16 p.m. ET, Falcon 9 launched the Intuitive Machines  IM-2  mission to a lunar transfer orbit from Launch Complex 39A (LC-39A) at Kennedy Space Center in Florida. Also on board this mission was NASA’S Lunar Trailblazer, Astroforge’s Odin, and Epic Aerospace’s CHIMERA GEO 1 spacecraft.

This was the ninth flight of the first stage booster supporting this mission, which previously launched Crew-8, Polaris Dawn, CRS-31, Astranis: From One to Many, and four Starlink missions.",,1894850957596348891,x.com,False,2025-02-26 19:17:00,2025,True,True
3272,ndsvr5itim4tkotkppvxv7p4,Starlink Mission,sl-15-1,final,starlink,Falcon 9,"SLC-4E, California",2025-02-22,17:38:00,Droneship,,,,False,False,"On Saturday, February 22 at 5:38 p.m. PT, Falcon 9 launched 22 Starlink satellites to low-Earth orbit from Space Launch Complex 4 East (SLC-4E) at Vandenberg Space Force Base in California.

This was the 11th flight for the first stage booster supporting this mission, which previously launched USSF-62, OneWeb Launch 20, and now nine Starlink missions.",,1893001880420393142,x.com,False,2025-02-22 17:38:00,2025,True,True
2415,kt7rq3nht4jescy4zykv5d92,Starlink Mission,sl-12-14,final,starlink,Falcon 9,"SLC-40, Florida",2025-02-21,10:19:00,Droneship,,,,True,False,"On Friday, February 21 at 10:19 a.m. ET, Falcon 9 launched 23 Starlink satellites, including 13 with Direct to Cell capabilities, to low-Earth orbit from Space Launch Complex 40 (SLC-40) at Cape Canaveral Space Force Station in Florida.

This was the 21st flight for the first stage booster supporting this mission, which previously launched CRS-26, OneWeb Launch 16, Intelsat IS-40e, O3b mPOWER, Ovzon 3, Eutelsat 36D, Turksat 6A, Maxar 2, SXM-9, and now 12 Starlink missions.",,	1892623463132905484,x.com,False,2025-02-21 10:19:00,2025,True,True
2285,wt828pa8chuqhod7vlzw431c,STARLINK MISSION,sl-10-12,final,starlink,Falcon 9,"SLC-40, Florida",2025-02-18,18:21:00,Droneship,,,,False,False,"On Tuesday, February 18 at 6:21 p.m. ET, Falcon 9 launched 23 Starlink satellites to low-Earth orbit from Space Launch Complex 40 (SLC-40) at Cape Canaveral Space Force Station in Florida.

This was the 16th flight for the first stage booster supporting this mission, which previously launched Ax-2, Euclid, Ax-3, CRS-30, Astra 1P, NG-21, and now 10 Starlink missions. Following stage separation, the first stage landed on the Just Read the Instructions droneship, completing our first landing off the coast of The Bahamas.",,1890446336777986135,x.com,False,2025-02-18 18:21:00,2025,True,True
2083,gfyervmp8by0wqoxj4lhrr2u,Starlink Mission,sl-12-8,final,starlink,Falcon 9,"SLC-40, Florida",2025-02-15,01:14:00,Droneship,,,,True,False,"On Saturday, February 15 at 1:14 a.m. ET, Falcon 9 launched 21 Starlink satellites, including 13 with Direct to Cell capabilities, to low-Earth orbit from Space Launch Complex 40 (SLC-40) at Cape Canaveral Space Force Station in Florida.

This was the 26th flight for the first stage booster supporting this mission, which previously launched CRS-22, Crew-3, Turksat 5B, Crew-4, CRS-25, Eutelsat HOTBIRD 13G, O3B mPOWER, PSN SATRIA, Telkomsat Marah Putih 2, Galileo L13, Koreasat-6A, and now 15 Starlink missions.",,1890198160167034901,x.com,False,2025-02-15 01:14:00,2025,True,True
2421,cc4hpnhdf2pbl10m2a8c36hf,STARLINK MISSION,sl-12-18,final,starlink,Falcon 9,"SLC-40, Florida",2025-02-11,13:53:00,Droneship,,,,True,False,"On Tuesday, February 11 at 1:53 p.m. ET, Falcon 9 launched 21 Starlink satellites, including 13 with Direct to Cell capabilities, to low-Earth orbit from Space Launch Complex 40 (SLC-40) at Cape Canaveral Space Force Station in Florida.

This was the 18th flight for the first stage booster supporting this mission, which previously Crew-5, CRS-28, Intelsat G-37, TD-7, Immarsat I6-F2, GPS III-6, NG-20, and now 11 Starlink missions.",,1888981001902133403,x.com,False,2025-02-11 13:53:00,2025,True,True
1946,fpdwowssvcp46w44f0rij0q2,Starlink Mission,sl-11-10,final,starlink,Falcon 9,"SLC-4E, California",2025-02-10,18:09:00,Droneship,,,,False,False,"On Monday, February 10 at 6:09 p.m. PT, Falcon 9 launched 23 Starlink satellites to low-Earth orbit from Space Launch Complex 4 East (SLC-4E) at Vandenberg Space Force Base in California.

This was the 23rd flight for the first stage booster supporting this mission, which previously launched NROL-153, NROL-87, NROL-85, SARah-1, SWOT, Transporter-8, Transporter-9, NROL-146, Bandwagon-2, and now 14 Starlink missions.",,1887906472446804328,x.com,False,2025-02-10 18:09:00,2025,True,True
3228,whbyv2n9dgwp4xdsa9dg2kok,Starlink Mission,sl-12-9,final,starlink,Falcon 9,"SLC-40, Florida",2025-02-08,14:18:00,Droneship,,,,True,False,"On Saturday, February 8 at 2:18 p.m. ET, Falcon 9 launched 21 Starlink satellites, including 13 with Direct to Cell capabilities, to low-Earth orbit from Space Launch Complex 40 (SLC-40) at Cape Canaveral Space Force Station in Florida.

This was the 17th flight for the first stage booster supporting this mission, which previously launched Crew-6, O3b mPOWER, Bluebird 1-5, USSF-124, and now 13 Starlink missions.",,1887701576380522948,x.com,False,2025-02-08 14:18:00,2025,True,True
1951,x925vp9fp0p0sm45hbbc0aro,Maxar 3 Mission,maxar3,final,commercialSatellite,Falcon 9,"LC-39A, Florida",2025-02-04,18:07:00,Landing Zone,,,,False,False,"On Tuesday, February 4 at 6:13 p.m. ET, Falcon 9 launched the Maxar 3 mission to orbit from Launch Complex 39A (LC-39A) at Kennedy Space Center in Florida.

This was the fourth flight for the Falcon 9 first stage booster supporting this mission, which previously launched GOES-U and two Starlink missions.",,1885496650480968171,x.com,False,2025-02-04 18:07:00,2025,True,True
2405,vegpp6ryk85mystjcoxvsa6j,Starlink Mission,sl-12-3,final,starlink,Falcon 9,"SLC-40, Florida",2025-02-04,05:15:00,Droneship,,,,True,False,"On Tuesday, February 4 at 5:15 a.m. ET, Falcon 9 launched 21 Starlink satellites, including 13 with Direct to Cell capabilities, to low-Earth orbit from Space Launch Complex 40 (SLC-40) at Cape Canaveral Space Force Station in Florida.

This was the 21st flight for the first stage booster supporting this mission, which previously launched OneWeb 1, SES 18+19, Eutelsat HOTBIRD-F1, CRS-24, and now 17 Starlink missions.",,1885497587882455401,x.com,False,2025-02-04 05:15:00,2025,True,True
1976,wblk2m70esdque29rvp26hey,Starlink Mission,sl-11-4,final,starlink,Falcon 9,"SLC-4E, California",2025-02-01,15:02:00,Droneship,,,,False,False,"On Saturday, February 1 at 3:02 p.m. PT, Falcon 9 launched 22 Starlink satellites to low-Earth orbit from Space Launch Complex 4 East (SLC-4E) at Vandenberg Space Force Base in California.

This was the 17th flight for the first stage booster supporting this mission, which previously launched SDA-0A, SARah-2, Transporter-11, and now 14 Starlink missions.

SpaceX actively and propulsively deorbits its Falcon second stages for most missions, performing a controlled disposal into broad ocean areas. The vehicle has an excellent track record of successfully doing so, including 115 successful deorbits of second stages out of 116 attempted in 2024. During the coast phase of this Starlink mission, a small liquid oxygen leak developed, which ultimately drove higher than expected vehicle body rates. As a result, following safe mission conops, the deorbit burn was not performed and the vehicle was successfully passivated on-orbit to remove sources of stored energy. The teams are actively assessing root cause of the source of the leak and have already implemented mitigations for future flights. Of the remaining 2024 missions, they were either GTO (geostationary transfer orbit), interplanetary, or are in ODMSP (orbital debris mitigation standard practices) compliant disposal orbits.

On Wednesday, February 19, the passivated Falcon 9 second stage supporting this mission reentered Earth’s atmosphere over Europe. SpaceX is working closely with the government of Poland on recovery and cleanup efforts. There are no toxic materials present in the debris. If you believe you have identified a piece of debris, please do not attempt to handle or retrieve the debris directly. Instead, please contact your local authorities or the SpaceX Debris Hotline at 1-866-623-0234 or at recovery@spacex.com.",,1885019877939044767,x.com,False,2025-02-01 15:02:00,2025,True,True
1926,lnlddvfkqd28zs984qngc4nt,SpainSat NG I Mission,spainsatng1,final,commercialSatellite,Falcon 9,"LC-39A, Florida",2025-01-29,20:34:00,Expended,,,,False,False,"On Wednesday, January 29 at 8:34 p.m. ET, Falcon 9 launched the Hisdesat SpainSat NG I  mission to geosynchronous transfer orbit from Launch Complex 39A (LC-39A) at Kennedy Space Center in Florida.

This was the 21st and final flight for the Falcon 9 first stage booster supporting this mission, which previously launched SES-22, ispace's HAKUTO-R MISSION 1, Amazonas-6, CRS-27, Bandwagon-1, GSAT-20, Thuraya-4, and 13 Starlink missions.",,1884369718724706713,x.com,False,2025-01-29 20:34:00,2025,True,True
2410,skl0j6n8ynbdwty50fsmajjn,Starlink Mission,sl-12-7,final,starlink,Falcon 9,"SLC-40, Florida",2025-01-27,17:05:00,Droneship,,,,True,False,"On Monday, January 27 at 5:05 p.m. ET, Falcon 9 launched 21 Starlink satellites, including 13 with Direct to Cell capabilities, to low-Earth orbit from Space Launch Complex 40 (SLC-40) at Cape Canaveral Space Force Station in Florida.

This was the 20th flight for the first stage booster supporting this mission, which previously CRS-26, SXM-9, OneWeb Launch 16, Instelsat IS-40e, O3B mPOWER, Ovzon 3, Eutelsat 36D, Turksat 6A, Maxar 2, and now 11 Starlink missions.",,1883749046579524007,x.com,False,2025-01-27 17:05:00,2025,True,True
1985,zd61gjp719kub1ek79jh8eu7,Starlink Mission,sl-11-6,final,starlink,Falcon 9,"SLC-4E, California",2025-01-24,06:07:00,Droneship,,,,False,False,"On Friday, January 24 at 6:07 a.m. PT, Falcon 9 launched 23 Starlink satellites to low-Earth orbit from Space Launch Complex 4 East (SLC-4E) at Vandenberg Space Force Base in California.

This was the 23rd flight for the first stage booster supporting this mission, which previously launched Sentinel-6, DART, SDA-0B, Iridium OneWeb, Transporter-7, NROL-113, NROL-167, NROL-149, and now 15 Starlink missions.",,1882523270047834291,x.com,False,2025-01-24 06:07:00,2025,True,True
1977,rbciod6kkousir83v33p408p,Starlink Mission,sl-11-8,final,starlink,Falcon 9,"SLC-4E, California",2025-01-21,07:45:00,Droneship,,,,False,False,"On Tuesday, January 21 at 7:45 a.m. PT, Falcon 9 launched 27 Starlink satellites to low-Earth orbit from Space Launch Complex 4 East (SLC-4E) at Vandenberg Space Force Base in California.

This was the 10th flight for the first stage booster supporting this mission, which previously launched OneWeb Launch 20 mission, USSF-62, and now eight Starlink missions.",,1881719339780632588,x.com,False,2025-01-21 07:45:00,2025,True,True
1963,ug9sc9f5tshwbc6g6u8tnx83,Starlink Mission,sl-13-1,final,starlink,Falcon 9,"LC-39A, Florida",2025-01-21,00:24:00,Droneship,,,,False,False,"On Tuesday, January 21 at 12:24 a.m. ET, Falcon 9 launched 21 Starlink satellites to low-Earth orbit from Launch Complex 39A (LC-39A) at NASA’s Kennedy Space Center in Florida.

This was the 8th flight for the first stage booster supporting this mission, which previously launched Crew-8, Polaris Dawn, CRS-31, Astranis: From One to Many, and now four Starlink missions.",,1881574250684793318,x.com,False,2025-01-21 00:24:00,2025,True,True
3738,qzn0mpgdfhkwunm5j6p0exli,Starship's Seventh Flight Test,starship-flight-7,final,starship,Starship,"Pad 1, Starbase",2025-01-16,16:00:00,Mechazilla,,,,False,False,"The first Starship flight test of 2025 flew with ambitious goals: seeking to repeat our previous success of launching and catching the world’s most powerful launch vehicle while putting a redesigned and upgraded Starship through a rigorous set of flight demonstrations.

It served as a reminder that development testing, by definition, can be unpredictable.

On its seventh flight test, Starship successfully lifted off from Starbase in Texas at 4:37 p.m. CT on Thursday, January 16. At launch, all 33 Raptor engines powered the Super Heavy booster and Starship on a nominal ascent. Following a successful hot-stage separation, the booster successfully transitioned to its boostback burn, with 12 of the planned 13 Raptor engines relighting, to begin its return to the launch site.

Super Heavy then relit all 13 planned middle ring and center Raptor engines and performed its landing burn, including the engine that did not relight for boostback burn. The landing burn slowed Super Heavy down and maneuvered itself to the launch and catch tower arms, resulting in the second successful catch of a Super Heavy booster.

Following stage separation, the Starship upper stage successfully lit all six Raptor engines and performed its ascent burn to space. Prior to the burn’s completion, telemetry was lost with the vehicle after approximately eight and a half minutes of flight. Initial data indicates a fire developed in the aft section of the ship, leading to a rapid unscheduled disassembly.

Starship flew within its designated launch corridor – as all U.S. launches do to safeguard the public both on the ground, on water and in the air. Any surviving pieces of debris would have fallen within areas identified in pre-flight analysis shared with the FAA and ATO (air traffic controllers) in advance. SpaceX is working closely with the government of Turks and Caicos as well as the United Kingdom on recovery and cleanup efforts. There are no hazardous materials present in the debris, and there are no significant impacts expected to occur to marine species or water quality. However, if you believe you have identified a piece of debris, please do not attempt to handle or retrieve the debris directly. Instead, please contact your local authorities or the SpaceX Debris Hotline at 1-866-623-0234 or at recovery@spacex.com.

As always, success comes from what we learn, and this flight test will help us improve Starship’s reliability as SpaceX seeks to make life multiplanetary. Data review is already underway as we seek out root cause. We will conduct a thorough investigation, in coordination with the FAA, and implement corrective actions to make improvements on future Starship flight tests.

The ship and booster for Starship’s eighth flight test are built and going through prelaunch testing and preparing to fly as we continue a rapid iterative development process to build a fully and rapidly reusable space transportation system.",,1879288668101497144,x.com,False,2025-01-16 16:00:00,2025,True,True
1911,rb3qs45kfz6y5st1vvx6feru,Firefly Blue Ghost Mission 1,firefly-blueghost-mission-1,final,science,Falcon 9,"LC-39A, Florida",2025-01-15,01:11:00,Droneship,,,,False,False,"On Wednesday, January 15 at 1:11 a.m. ET, Falcon 9 launched Firefly Aerospace’s  Blue Ghost Mission 1  from Launch Complex 39A (LC-39A) at NASA’s Kennedy Space Center in Florida. Also on board this mission was ispace’s RESILIENCE lunar lander.

This was the fifth flight for the first stage booster supporting this mission, which previously launched Crew-9, RRT-1, and two Starlink missions.

After it deployed into a lunar transfer orbit, the Blue Ghost lander began its approximate 45-day journey to the Moon, where it will land in Mare Crisium for NASA’s payloads to perform numerous science and technology demonstrations, including lunar subsurface drilling, sample collection, and X-ray imaging of Earth’s magnetic field to advance research for future human missions on the Moon and provide insights into how space weather impacts the planet.

After its deployment, the ispace RESILIENCE lander began its 4-5 month journey to the Moon. During their mission, ispace aims to achieve a soft landing on the lunar surface, deploy its TENACIOUS Micro Rover, explore the Moon’s surface, and collect regolith.",,1878891982778482964,x.com,False,2025-01-15 01:11:00,2025,True,True
1896,i2hvhf4o28coh2gabi7qdg1r,Transporter-12 Mission,transporter12,final,rideshare,Falcon 9,"SLC-4E, California",2025-01-14,10:49:00,Landing Zone,,,,False,False,"On Tuesday, January 14 at 11:09 a.m. PT, Falcon 9 launched the Transporter-12 mission to low-Earth orbit from Space Launch Complex 4E (SLC-4E) at Vandenberg Space Force Base in California. This was the second flight for the first stage booster supporting this mission, which previously launched NROL-126.

Transporter-12 is a dedicated smallsat rideshare mission with 131 payloads, including CubeSats, MicroSats, and orbital transfer vehicles carrying 30 of those payloads, 14 of which will be deployed at a later time. To date, SpaceX has launched more than 1,100 payloads to orbit for 130+ customers across our entire Rideshare program.",,1878987232184549429,x.com,False,2025-01-14 10:49:00,2025,True,True
2391,xjvoqwy4bjg6aswczucxd0op,Starlink Mission,sl-12-4,final,starlink,Falcon 9,"SLC-40, Florida",2025-01-13,11:47:00,Droneship,,,,True,False,"On Monday, January 13 at 11:47 a.m. ET, Falcon 9 launched 21 Starlink satellites, including 13 with Direct to Cell capabilities, to low-Earth orbit from Space Launch Complex 40 (SLC-40) at Cape Canaveral Space Force Station in Florida.

This was the 15th flight for the first stage booster supporting this mission, which previously launched Ax-2, Ax-3, CRS-30, SES 24, NG-21, Euclid, and now nine Starlink missions.",,1877860688003301781,x.com,False,2025-01-13 11:47:00,2025,True,True
2390,aa6mdteo71tqgbrncaz4lqe1,Starlink Mission,sl-12-12,final,starlink,Falcon 9,"SLC-40, Florida",2025-01-10,14:11:00,Droneship,,,,True,False,"On Friday, January 10 at 2:11 p.m. ET, Falcon 9 launched 21 Starlink satellites, including 13 with Direct to Cell capabilities, to low-Earth orbit from Space Launch Complex 40 (SLC-40) at Cape Canaveral Space Force Station in Florida.

This was the 25th flight for the first stage booster supporting this mission, which previously launched CRS-22, CRS-25, Crew-3, Crew-4, TelkomSat-113BT, Turksat-5B, Koreasat-6A, Eutelsat HOTBIRD-F2, Galileo L13, mPOWER-A, PSN MFS, and now 14 Starlink missions.",,1877383009248133359,x.com,False,2025-01-10 14:11:00,2025,True,True
2317,zeqhty8d59zi39znuu81s28l,NROL-153 Mission,nrol153,final,nssl,Falcon 9,"SLC-4E, California",2025-01-09,19:53:00,Droneship,,,,False,False,"On Thursday, January 9 at 7:53 p.m. PT, Falcon 9 launched the NROL-153 mission from Space Launch Complex 4 East (SLC-4E) at Vandenberg Space Force Base in California.

This was the 22nd flight of the first stage booster supporting this mission, which previously launched NROL-87, NROL-85, SARah-1, SWOT, Transporter-8, Transporter-9, NROL-146, Bandwagon-2, and 13 Starlink missions.",,1877031115770253595,x.com,False,2025-01-09 19:53:00,2025,True,True
2403,twbh4ogbpueqfo0yv2zp1djo,Starlink Mission,sl-12-11,final,starlink,Falcon 9,"LC-39A, Florida",2025-01-08,10:27:00,Droneship,,,,True,False,"On Wednesday, January 8 at 10:27 a.m. ET, Falcon 9 launched 21 Starlink satellites, including 13 with Direct to Cell capabilities, to low-Earth orbit from Launch Complex 39A (LC-39A) at NASA’s Kennedy Space Center in Florida.

This was the third flight for the first stage booster supporting this mission, which previously launched GOES-U and now two Starlink missions.",,1876320095703851104,x.com,False,2025-01-08 10:27:00,2025,True,True
2408,v82k5wzkgntdi6disl14m124,Starlink Mission,sl-6-71,final,starlink,Falcon 9,"SLC-40, Florida",2025-01-06,15:43:00,Droneship,,,,False,False,"On Monday, January 6 at 3:43 p.m. ET, Falcon 9 launched 24 Starlink satellites to low-Earth orbit from Space Launch Complex 40 (SLC-40) at Cape Canaveral Space Force Station in Florida.

This was the 17th flight for the first stage booster supporting this mission, which previously launched Crew-5, CRS-28, Intelsat G-37, Optus-X, Immarsat I6-F2, GPS III-6, NG-20, and now 10 Starlink missions.",,1875263062334435817,x.com,False,2025-01-06 15:43:00,2025,True,True
1925,edgbyfage9nzhn4y7gvfm3ol,Thuraya 4 Mission,thuraya4,final,commercialSatellite,Falcon 9,"SLC-40, Florida",2025-01-03,20:27:00,Droneship,,,,False,False,"On Friday, January 3 at 8:27 p.m. ET, Falcon 9 launched the Space42 Thuraya 4 mission to a geosynchronous transfer orbit from Space Launch Complex 40 (SLC-40) at Cape Canaveral Space Force Station in Florida.

This was the 20th flight for the Falcon 9 first stage booster supporting this mission, which previously launched SES-22, ispace's HAKUTO-R MISSION 1, Amazonas-6, CRS-27, Bandwagon-1, GSAT-20, and 13 Starlink missions.",,1875002161974616282,x.com,False,2025-01-03 20:27:00,2025,True,True
2413,lua5npdjsadtyaslkqaxovtj,Starlink Mission,sl-12-6,final,starlink,Falcon 9,"LC-39A, Florida",2024-12-31,00:39:00,Droneship,,,,True,False,"On Tuesday, December 31 at 12:39 a.m. ET, Falcon 9 launched 21 Starlink satellites, including 13 with Direct to Cell capabilities, to low-Earth orbit from Launch Complex 39A (LC-39A) at NASA’s Kennedy Space Center in Florida.

This was the 16th flight for the first stage booster supporting this mission, which previously launched Crew-6, Bluebird-1, mPOWER-B, USSF-124, and now 12 Starlink missions.",,1872754538593304935,x.com,False,2024-12-31 00:39:00,2024,True,True
1949,blxik8gy4pfue8kqmg9g8e56,Astranis: From One to Many Mission,astranis-from-one-to-many,final,commercialSatellite,Falcon 9,"SLC-40, Florida",2024-12-29,00:00:00,Droneship,,,,False,False,"On Sunday, December 29 at 12:00 a.m. ET, Falcon 9 launched the Astranis: From One to Many mission to a geosynchronous transfer orbit from Space Launch Complex 40 (SLC-40) at Cape Canaveral Space Force Station in Florida.

This was the seventh flight for the Falcon 9 first stage booster supporting this mission, which previously launched Crew-8, Polaris Dawn, CRS-31, and three Starlink missions.",,1872738102940451206,x.com,False,2024-12-29 00:00:00,2024,True,True
2418,ijwjd7kiukmslmnpix9pth6w,Starlink Mission,sl-11-3,final,starlink,Falcon 9,"SLC-4E, California",2024-12-28,17:58:00,Droneship,,,,False,False,"On Saturday, December 28 at 5:58 p.m. PT, Falcon 9 launched 22 Starlink satellites to low-Earth orbit from Space Launch Complex 4 East (SLC-4E) at Vandenberg Space Force Base in California.

This was the 16th flight for the first stage booster supporting this mission, which previously launched SARah-2, Transporter-11, SDA-0A and now 13 Starlink missions.",,1872753971284328511,x.com,False,2024-12-28 17:58:00,2024,True,True
2419,b55808o6s4ny6in9ky0lyt4m,Starlink Mission,sl-12-2,final,starlink,Falcon 9,"LC-39A, Florida",2024-12-23,00:35:00,Droneship,,,,True,False,"On Monday, December 23 at 12:35 a.m. ET, Falcon 9 launched 21 Starlink satellites, including 13 with Direct to Cell capabilities, to low-Earth orbit from Launch Complex 39A (LC-39A) at NASA’s Kennedy Space Center in Florida.

This was the 14th flight for the first stage booster supporting this mission, which previously launched Axiom-2, Axiom-3, CRS-30, SES 24, Cygnus NG-21, Euclid, and now eight Starlink mission.",,1870521432624754775,x.com,False,2024-12-23 00:35:00,2024,True,True
1950,xa4kpbibvs10cto3l2l68txt,Bandwagon-2 Mission,bandwagon-2,final,rideshare,Falcon 9,"SLC-4E, California",2024-12-21,03:34:00,Landing Zone,,,,False,False,"On Saturday, December 21 at 3:34 a.m. PT, Falcon 9 launched the Bandwagon-2 mission to orbit from Space Launch Complex 4 East (SLC-4E) at Vandenberg Space Force Base in California. On board this mission were 30 payloads for KOREA ADD, Arrow Science and Technology, Exolaunch, HawkEye 360, Maverick Space Systems, Sidus Space, Tomorrow Companies Inc., True Anomaly, and Think Orbital.

This was the 21st flight of the first stage booster supporting this mission, which previously launched NROL-87, NROL-85, SARah-1, SWOT, Transporter-8, Transporter-9, NROL-146, and 13 Starlink missions.",,1869897441564369207,x.com,False,2024-12-21 03:34:00,2024,True,True
2024,fkilgcrzy1k2imymk8o52wb8,SES O3b mPOWER Mission,SES-O3b-mPOWER-e,final,commercialSatellite,Falcon 9,"LC-39A, Florida",2024-12-17,17:26:00,Droneship,,,,False,False,"On Tuesday, December 17 at 5:26 p.m. ET, Falcon 9 launched the SES O3b mPOWER mission to medium Earth orbit from Launch Complex 39A (LC-39A) at Kennedy Space Center in Florida.

This was the first flight for the first stage booster supporting this mission.",,1868808179200802911,x.com,False,2024-12-17 17:26:00,2024,True,True
2345,olw3gsckdigjnjkxdh8aoddo,NROL-149 Mission,nrol149,final,nssl,Falcon 9,"SLC-4E, California",2024-12-17,05:19:00,Droneship,,,,False,False,"On Tuesday, December 17 at 5:19 a.m. PT, Falcon 9 launched the NROL-149 mission from Space Launch Complex 4 East (SLC-4E) at Vandenberg Space Force Base in California.

This was the 22nd flight for the first stage booster supporting this mission, which previously launched Sentinel-6 Michael Freilich, DART, SDA-0B, Iridium OneWeb, Transporter-7, NROL-113, NROL-167, and 14 Starlink missions.",,1868756717468794939,x.com,False,2024-12-17 05:19:00,2024,True,True
2058,u2l68e095p25fauvluwuikif,RRT-1 Mission,rrt-1,final,nssl,Falcon 9,"SLC-40, Florida",2024-12-16,19:52:00,Droneship,,,,False,False,"On Monday, December 16 at 7:52 p.m. ET, Falcon 9 launched the RRT-1 mission from Space Launch Complex 40 (SLC-40) at Cape Canaveral Space Force Station in Florida.

This was the fourth flight for the first stage booster supporting this mission, which previously launched Crew-9 and two Starlink missions.",,1868497938575675844,x.com,False,2024-12-16 19:52:00,2024,True,True
1716,ylg7xe4h0iwe9ilxtk31k9d3,Starlink Mission,sl-11-2,final,starlink,Falcon 9,"SLC-4E, California",2024-12-13,13:55:00,Droneship,,,,False,False,"On Friday, December 13 at 1:55 p.m. PT, Falcon 9 launched 22 Starlink satellites to low-Earth orbit from Space Launch Complex 4 East (SLC-4E) at Vandenberg Space Force Base in California.

This was the ninth flight for the first stage booster supporting this mission, which previously launched Oneweb 4, USSF-62, and now seven Starlink missions.",,1866886456138203592,x.com,False,2024-12-13 13:55:00,2024,True,True
1717,e3v21e6bmiv5wdldfoeiit0o,Starlink Mission,sl-12-5,final,starlink,Falcon 9,"SLC-40, Florida",2024-12-08,00:12:00,Droneship,,,,True,False,"On Sunday, December 8 at 12:12 a.m. ET, Falcon 9 launched 23 Starlink satellites, including 13 with Direct to Cell capabilities, to low-Earth orbit from Space Launch Complex 40 (SLC-40) at Cape Canaveral Space Force Station in Florida.

This was the second flight for the first stage booster supporting this mission, which previously launched GOES-U and now a Starlink mission.",,1865078771809947915,x.com,False,2024-12-08 00:12:00,2024,True,True
2091,gurykovwlnjlcqjz0bva3pp5,SXM-9 Mission,sxm-9,final,commercialSatellite,Falcon 9,"LC-39A, Florida",2024-12-05,11:10:00,Droneship,,,,False,False,"On Thursday, December 5 at 11:10 a.m. ET, Falcon 9 launched the SiriusXM SXM-9 mission to geosynchronous transfer orbit from Launch Complex 39A (LC-39A) at Kennedy Space Center in Florida.

This was the 19th flight for the Falcon 9 first stage booster supporting this mission, which previously launched CRS-26, OneWeb Launch 16, Instelsat IS-40e, O3B mPOWER, Ovzon 3, Eutelsat 36D, Turksat 6A, Maxar 2, and 10 Starlink missions.",,1864416196751446416,x.com,False,2024-12-05 11:10:00,2024,True,True
1742,fd7nw3hfizb5e02iuxsizi6d,Starlink Mission,sl-9-14,final,starlink,Falcon 9,"SLC-4E, California",2024-12-04,19:05:00,Droneship,,,,True,False,"On Wednesday, December 4 at 7:05 p.m. PT, Falcon 9 launched 20 Starlink satellites, including 13 with Direct to Cell capabilities, to low-Earth orbit from Space Launch Complex 4 East (SLC-4E) at Vandenberg Space Force Base in California.

This was the 12th flight for the first stage booster supporting this mission, which previously launched Crew 7, CRS-29, NROL-186, EarthCARE, PACE, Transporter-10, and now six Starlink missions.",,1864506448174305477,x.com,False,2024-12-04 19:05:00,2024,True,True
2321,yqsas35cknhca1obysg0j5hz,Starlink Mission,sl-6-70,final,starlink,Falcon 9,"SLC-40, Florida",2024-12-04,05:13:00,Droneship,,,,False,False,"On Wednesday, December 4 at 5:13 a.m. ET, Falcon 9 launched 24 Starlink satellites, to low-Earth orbit from Space Launch Complex 40 (SLC-40) at Cape Canaveral Space Force Station in Florida.

This was the 24th flight for the first stage booster supporting this mission, which previously launched CRS-22, CRS-25, Crew 3, Crew 4, TelkomSat-113BT, Turksat-5B, Koreasat-6A, Eutelsat HOTBIRD-F2, Galileo L13, mPOWER-A, PSN MFS, and now 13 Starlink mission.",,1863993290397466922,x.com,False,2024-12-04 05:13:00,2024,True,True
2381,qg9ttw2pfl6ikof9cy2m1clu,NROL-126 Mission,nrol126,final,nssl,Falcon 9,"SLC-4E, California",2024-11-30,00:10:00,Droneship,,,,False,False,"On Saturday, November 30 at 12:10 a.m. PT, Falcon 9 launched the NROL-126 mission and 20 Starlink satellites from Space Launch Complex 4 East (SLC-4E) at Vandenberg Space Force Base in California.

This was the first flight for the first stage booster supporting this mission.",,1862771327394009232,x.com,False,2024-11-30 00:10:00,2024,True,True
2284,dmsz3palsg6pgsn5iu6azotq,Starlink Mission,sl-6-65,final,starlink,Falcon 9,"SLC-40, Florida",2024-11-30,00:00:00,Droneship,,,,False,False,"On Saturday, November 30 at 12:00 a.m. ET, Falcon 9 launched 24 Starlink satellites, to low-Earth orbit from Space Launch Complex 40 (SLC-40) at Cape Canaveral Space Force Station in Florida.

This was the sixth flight for the first stage booster supporting this mission, which previously launched CRS-31, Crew 8, Polaris Dawn and now three Starlink mission.",,1862591180254716301,x.com,False,2024-11-30 00:00:00,2024,True,True
1752,tcx6m4ci074yp2g6el3wy0qc,Starlink Mission,sl-6-76,final,starlink,Falcon 9,"LC-39A, Florida",2024-11-26,23:41:00,Droneship,,,,False,False,"On Tuesday, November 26 at 11:41 p.m. ET, Falcon 9 launched 24 Starlink satellites, to low-Earth orbit from Launch Complex 39A (LC-39A) at NASA’s Kennedy Space Center in Florida.

This is the 15th flight for the first stage booster supporting this mission, which previously launched mPOWER-B, BlueBird-1, USSF-124, Crew-6, and now 11 Starlink missions.",,1861072913660780584,x.com,False,2024-11-26 23:41:00,2024,True,True
3271,ih2km92p96dm3oo59tnra5iv,Starlink Mission,sl-12-1,final,starlink,Falcon 9,"SLC-40, Florida",2024-11-25,05:02:00,Droneship,,,,True,False,"On Monday, November 25 at 5:02 a.m. ET, Falcon 9 launched 23 Starlink satellites, including 12 with Direct to Cell capabilities, to low-Earth orbit from Space Launch Complex 40 (SLC-40) at Cape Canaveral Space Force Station in Florida.

This was the 13th flight for the first stage booster supporting this mission, which previously launched Euclid, Ax-2, Ax-3, NG-21, SES 24, CRS-30, and now seven Starlink missions.",,1860057270421279108,x.com,False,2024-11-25 05:02:00,2024,True,True
1771,bef4kwguokpbasv51h0f96o9,Starlink Mission,sl-9-13,final,starlink,Falcon 9,"SLC-4E, California",2024-11-23,21:25:00,Droneship,,,,True,False,"On Saturday, November 23 at 9:25 p.m. PT, Falcon 9 launched 20 Starlink satellites, including 13 with Direct to Cell capabilities, to low-Earth orbit from Space Launch Complex 4 East (SLC-4E) at Vandenberg Space Force Base in California.

This was the 15th flight for the first stage booster supporting this mission, which previously launched SDA-0A, Transporter-11, SARah-2, and now 12 Starlink missions.",,1860555808649654756,x.com,False,2024-11-23 21:25:00,2024,True,True
2235,m8f7n0jl3bxe7p4qq2jdxgwn,Starlink Mission,sl-6-66,final,starlink,Falcon 9,"SLC-40, Florida",2024-11-21,11:07:00,Droneship,,,,False,False,"On Thursday, November 21 at 11:07 a.m. ET, Falcon 9 launched 24 Starlink satellites, to low-Earth orbit from Space Launch Complex 40 (SLC-40) at Cape Canaveral Space Force Station in Florida.

This was the 20th flight for the first stage booster supporting this mission, which previously launched OneWeb 1, SES 18+19, Eutelsat HOTBIRD-F1, CRS-24, and now 16 Starlink missions.",, 1859278873747390560,x.com,False,2024-11-21 11:07:00,2024,True,True
3739,u6ucoapd93kkdeeq6lrndb7u,Starship's Sixth Flight Test,starship-flight-6,final,starship,Starship,"Pad 1, Starbase",2024-11-19,16:00:00,Expended,,,,False,False,"The sixth flight test of Starship launched from Starbase on November 19, 2024, seeking to expand the envelope on ship and booster capabilities and get closer to bringing reuse of the entire system online.

The Super Heavy booster successfully lifted off at the start of the launch window, with all 33 Raptor engines powering it and Starship off the pad from Starbase. Following a nominal ascent and stage separation, the booster successfully transitioned to its boostback burn to begin the return to launch site. During this phase, automated health checks of critical hardware on the launch and catch tower triggered an abort of the catch attempt. The booster then executed a pre-planned divert maneuver, performing a landing burn and soft splashdown in the Gulf of Mexico.

Starship completed another successful ascent, placing it on the expected trajectory. The ship successfully reignited a single Raptor engine while in space, demonstrating the capabilities required to conduct a ship deorbit burn before starting fully orbital missions. With live views and telemetry being relayed by Starlink, the ship successfully made it through reentry and executed a flip, landing burn, and soft splashdown in the Indian Ocean.

Data gathered from the multiple thermal protection experiments, as well as the successful flight through subsonic speeds at a more aggressive angle of attack, provides invaluable feedback on flight hardware performing in a flight environment as we aim for eventual ship return and catch.

With data and flight learnings as our primary payload, Starship’s sixth flight test once again delivered. Lessons learned will directly make the entire Starship system more reliable as we close in on full and rapid reusability.",,1857622520154960080,x.com,False,2024-11-19 16:00:00,2024,True,True
2124,wwoxj7rtra81w1x9uehahvwh,NSIL GSAT-N2 Mission ,gsat-n2,final,commercialSatellite,Falcon 9,"SLC-40, Florida",2024-11-18,13:31:00,Droneship,,,,False,False,"On Monday, November 18 at 1:31 p.m. ET, Falcon 9 launched the NSIL GSAT-N2 mission to a geosynchronous transfer orbit from Space Launch Complex 40 (SLC-40) at Cape Canaveral Space Force Station in Florida.

This was the 19th flight for the Falcon 9 first stage booster supporting this mission, which previously launched SES-22, ispace’s HAKUTO-R MISSION 1, Amazonas-6, CRS-27, Bandwagon-1, and 13 Starlink missions.",,1857906734410641537,x.com,False,2024-11-18 13:31:00,2024,True,True
1772,rpzf8ylhe0mim0aaezu0ufzi,Starlink Mission,sl-9-12,final,starlink,Falcon 9,"SLC-4E, California",2024-11-17,21:53:00,Droneship,,,,True,False,"On Sunday, November 17 at 9:53 p.m. PT, Falcon 9 launched 20 Starlink satellites, including 13 with Direct to Cell capabilities, to low-Earth orbit from Space Launch Complex 4 East (SLC-4E) at Vandenberg Space Force Base in California.

This was the 20th flight for the first stage booster supporting this mission, which previously launched Transporter-8, Transporter-9, NROL-85, NROL-87, SWOT, SARah-1, NROL-146, and now 13 Starlink missions.",,1857471259426304109	,x.com,False,2024-11-17 21:53:00,2024,True,True
2125,mo6ki1mm6ojuz5phoaoapc9w,TD7 Mission,td7,final,commercialSatellite,Falcon 9,"LC-39A, Florida",2024-11-17,17:28:00,Droneship,,,,False,False,"On Sunday, November 17 at 5:28 p.m. ET, Falcon 9 launched the TD7 mission to orbit from Launch Complex 39A (LC-39A) at Kennedy Space Center in Florida.

This was the 16th flight of the first stage booster supporting this mission, which previously launched Crew-5, GPS III Space Vehicle 06, Inmarsat I6-F2, CRS-28, NG-20, and nine Starlink missions.",,1857906398446891271,x.com,False,2024-11-17 17:28:00,2024,True,True
2366,r03f7g8xfsbxd1jutnqtjjjq,Starlink Mission,sl-6-68,final,starlink,Falcon 9,"SLC-40, Florida",2024-11-14,08:21:00,Droneship,,,,False,False,"On Thursday, November 14 at 8:21 a.m. ET, Falcon 9 launched 24 Starlink satellites, to low-Earth orbit from Space Launch Complex 40 (SLC-40) at Cape Canaveral Space Force Station in Florida.

This was the 18th flight for the first stage booster supporting this mission, which previously mPOWER-C, OneWeb2, Intelsat 40e, Digital Globe 2, Turksat-6A, Eutelsat 36X, Ovzon-3, CRS-26, and now 10 Starlink missions.",,1856739490833768485	,x.com,False,2024-11-14 08:21:00,2024,True,True
2213,zadbxsgqtdfskyh9id6e3oth,Starlink Mission,sl-9-11,final,starlink,Falcon 9,"SLC-4E, California",2024-11-13,21:23:00,Droneship,,,,True,False,"On Wednesday, November 13 at 9:23 p.m. PT, Falcon 9 launched 20 Starlink satellites, including 13 with Direct to Cell capabilities, to low-Earth orbit from Space Launch Complex 4 East (SLC-4E) at Vandenberg Space Force Base in California.

This was the eighth flight for the first stage booster supporting this mission, which previously launched Oneweb 4, USSF-62, and now six Starlink missions.",,1856374726052196444,x.com,False,2024-11-13 21:23:00,2024,True,True
2425,u0phkjda5mu1j3i7834k2n1c,Starlink Mission,sl-6-69,final,starlink,Falcon 9,"SLC-40, Florida",2024-11-11,16:28:00,Droneship,,,,False,False,"On Monday, November 11 at 4:28 p.m. ET, Falcon 9 launched 24 Starlink satellites to low-Earth orbit from Space Launch Complex 40 (SLC-40) at Cape Canaveral Space Force Station in Florida.

This was the 12th flight for the first stage booster supporting this mission, which previously launched which previously launched Euclid, Axiom-2, Axiom-3, Cygnus NG-21, SES 24, CRS-30, and now six Starlink missions.",,1856079671391334747	,x.com,False,2024-11-11 16:28:00,2024,True,True
2158,wv8biyhmjx7z7jmi7r65hvr9,Koreasat-6A Mission,koreasat-6a,final,commercialSatellite,Falcon 9,"LC-39A, Florida",2024-11-11,12:07:00,Landing Zone,,,,False,False,"On Monday, November 11 at 12:22 p.m. ET, Falcon 9 launched the Koreasat-6A mission to geosynchronous transfer orbit from Space Launch Complex 40 (SLC-40) at Cape Canaveral Space Force Station in Florida.

This was the 23rd flight for the Falcon 9 first stage booster supporting this mission, which previously launched CRS-22, Crew-3, Turksat 5B, Crew-4, CRS-25, Eutelsat HOTBIRD 13G, O3B mPOWER, PSN SATRIA, Telkomsat Marah Putih 2, Galileo L13, and 12 Starlink missions.",,1855008958551146700,x.com,False,2024-11-11 12:07:00,2024,True,True
2261,jf8milljq4kx9p10lzehjbn0,Starlink Mission,sl-9-10,final,starlink,Falcon 9,"SLC-4E, California",2024-11-08,22:14:00,Droneship,,,,True,False,"On Friday, November 8 at 10:14 p.m. PT, Falcon 9 launched 20 Starlink satellites, including 13 with Direct to Cell capabilities, to low-Earth orbit from Space Launch Complex 4 East (SLC-4E) at Vandenberg Space Force Base in California.

This was the 11th flight for the first stage booster supporting this mission, which previously launched NASA Crew-7, CRS-29, NROL-186, EarthCARE, Transporter-10, PACE and now five Starlink missions.",,1853844789634154921,x.com,False,2024-11-08 22:14:00,2024,True,True
2225,q5s2uqb4etxdxkj7npjx2c5w,Starlink Mission,sl-6-77,final,starlink,Falcon 9,"SLC-40, Florida",2024-11-07,15:19:00,Droneship,,,,False,False,"On Thursday, November 7 at 3:19 p.m. ET, Falcon 9 launched 23 Starlink satellites to low-Earth orbit from Space Launch Complex 40 (SLC-40) at Cape Canaveral Space Force Station in Florida.

This was the third flight for the first stage booster supporting this mission, which previously launched Crew-9 and now two Starlink missions.",,1853492378201727433,x.com,False,2024-11-07 15:19:00,2024,True,True
2184,qcimjbu8elfp85nk0nixrsbe,CRS-31 Mission,crs-31,final,resupply,Falcon 9,"LC-39A, Florida",2024-11-04,21:29:00,Landing Zone,,,,False,False,"On Monday, November 4 at 9:29 p.m. ET, Falcon 9 launched Dragon’s 31st Commercial Resupply Services mission (CRS-31) to the International Space Station from Launch Complex 39A at NASA’s Kennedy Space Center in Florida. Dragon autonomously docked with the space station on Tuesday, November 5 at 9:52 a.m. ET.

After 41 days docked to the International Space Station, Dragon autonomously undocked at 11:05 a.m. ET on Monday, December 16. Dragon completed its 31st Commercial Resupply Services mission to and from the International Space Station for NASA after successfully returning to Earth and splashing down off the coast of Florida on Tuesday, December 17 at 1:39 p.m. ET.

This was the fifth flight for the first stage booster supporting this mission, which previously launched Crew-8, Polaris Dawn, and two Starlink missions. Following stage separation, Falcon 9’s first stage landed at Landing Zone 1 (LZ-1) at Cape Canaveral Space Force Station.",,1853421078317539509,x.com,False,2024-11-04 21:29:00,2024,True,True
2280,stcllft7fjefctmhdp2ogpsj,Starlink Mission,sl-10-13,final,starlink,Falcon 9,"SLC-40, Florida",2024-10-30,17:10:00,Droneship,,,,False,False,"On Wednesday, October 30 at 5:10 p.m. ET, Falcon 9 launched 23 Starlink satellites to low-Earth orbit from Space Launch Complex 40 (SLC-40) at Cape Canaveral Space Force Station in Florida.

This was the 14th flight for the first stage booster supporting this mission, which previously launched mPOWER-B, BlueBird-1, Crew-6, USSF-124, and now 10 Starlink missions.",,1851364771125477464,x.com,False,2024-10-30 17:10:00,2024,True,True
2301,t3fki0eqcl80vvmjspc78lcy,Starlink Mission,sl-9-9,final,starlink,Falcon 9,"SLC-4E, California",2024-10-30,05:07:00,Droneship,,,,True,False,"On Wednesday, October 30 at 5:07 a.m. PT, Falcon 9 launched 20 Starlink satellites, including 13 with Direct to Cell capabilities, to low-Earth orbit from Space Launch Complex 4 East (SLC-4E) at Vandenberg Space Force Base in California.

This was the 14th flight for the first stage booster supporting this mission, which previously launched SDA-0A, Transporter-11, SARah-2, and now 11 Starlink missions.",,1850929052754010462,x.com,False,2024-10-30 05:07:00,2024,True,True
1895,u8g1208p649l3gatyl8jz6xz,Starlink Mission,sl-10-8,final,starlink,Falcon 9,"SLC-40, Florida",2024-10-26,17:47:00,Droneship,,,,False,False,"On Saturday, October 26 at 5:47 p.m. ET, Falcon 9 launched 22 Starlink satellites to low-Earth orbit from Space Launch Complex 40 (SLC-40) at Cape Canaveral Space Force Station in Florida.

This was the the 19th flight for the first stage booster supporting this mission, which previously launched OneWeb 1, SES 18+19, Eutelsat HOTBIRD-F1, CRS-24, and now 15 Starlink missions.",,1849826029457850538,x.com,False,2024-10-26 17:47:00,2024,True,True
2404,l91mwvqbrc00lgwrcs5ump2u,NROL-167 Mission,nrol167,final,nssl,Falcon 9,"SLC-4E, California",2024-10-24,10:13:00,Droneship,,,,False,False,"On Thursday, October 24 at 10:13 a.m. PT, Falcon 9 launched the NROL-167 mission from Space Launch Complex 4 East (SLC-4E) at Vandenberg Space Force Base in California.

This was the 21st flight for the first stage booster supporting this mission, which previously launched NROL-113, Sentinel-6 Michael Freilich, DART, Transporter-7, Iridium OneWeb, SDA-0B, and 14 Starlink missions.",,1848819898673467572,x.com,False,2024-10-24 10:13:00,2024,True,True
2239,bz9vy1z6w16xy6stwuk3b6hn,Starlink Mission,sl-6-61,final,starlink,Falcon 9,"SLC-40, Florida",2024-10-23,17:47:00,Droneship,,,,False,False,"On Wednesday, October 23 at 5:47 p.m. ET, Falcon 9 launched 23 Starlink satellites to low-Earth orbit from Space Launch Complex 40 (SLC-40) at Cape Canaveral Space Force Station in Florida.

This was the 18th flight for the first stage booster supporting this mission, which previously launched Ispace M1, CRS-27, SES 22, Amazonas-6, Bandwagon-1, and now 13 Starlink missions.",,1848389936342606227,x.com,False,2024-10-23 17:47:00,2024,True,True
1639,plcxxis9trba1qzs9s8r46fi,OneWeb Launch 20 Mission,oneweblaunch20,final,commercialSatellite,Falcon 9,"SLC-4E, California",2024-10-19,23:54:00,Landing Zone,,,,False,False,"On Saturday, October 19 at 10:13 p.m. PT, SpaceX launched the OneWeb Launch 20 mission to low-Earth orbit from Space Launch Complex 4 East (SLC-4E) at Vandenberg Space Force Base in California.

This was the seventh flight of the first stage booster supporting this mission, which previously launched USSF-62 and five Starlink missions.",,1847459660246503808,x.com,False,2024-10-19 23:54:00,2024,True,True
1972,fd5108ko2se84j9wfr9ocbhh,Starlink Mission,sl-8-19,final,starlink,Falcon 9,"SLC-40, Florida",2024-10-18,19:31:00,Droneship,,,,True,False,"On Friday, October 18 at 7:13 p.m. ET, Falcon 9 launched 20 Starlink satellites, including 13 with Direct to Cell capabilities, to low-Earth orbit from Space Launch Complex 40 (SLC-40) at Cape Canaveral Space Force Station in Florida.

This is the 17th flight for the first stage booster supporting this mission, which previously launched O3b mPOWER, OneWeb 2, Intelsat 40e, Maxar 2, Turksat-6A, Eutelsat 36X, Ovzon-3, CRS-26, and now nine Starlink missions.",,1847329874245275758,x.com,False,2024-10-18 19:31:00,2024,True,True
1867,wfj4zxo65nj4n7bqidfoyg7a,Starlink Mission,sl-10-10,final,starlink,Falcon 9,"SLC-40, Florida",2024-10-15,02:10:00,Droneship,,,,False,False,"On Tuesday, October 15 at 2:10 a.m. ET, Falcon 9 launched 23 Starlink satellites to low-Earth orbit from Space Launch Complex 40 (SLC-40) at Cape Canaveral Space Force Station in Florida.

This was the 11th flight for the first stage booster supporting this mission, which previously launched Euclid, Axiom-2, Axiom-3, Cygnus NG-21, SES 24, CRS-30 and now five Starlink missions.",,1845879474887577712,x.com,False,2024-10-15 02:10:00,2024,True,True
1947,mo00tpx02gm1x4zzu0y3ojrm,Starlink Mission,sl-9-7,final,starlink,Falcon 9,"SLC-4E, California",2024-10-15,01:21:00,Droneship,,,,True,False,"On Tuesday, October 15 at 1:21 a.m. PT, Falcon 9 launched 20 Starlink satellites, including 13 with Direct to Cell capabilities, to low-Earth orbit from Space Launch Complex 4 East (SLC-4E) at Vandenberg Space Force Base in California.

This was the 19th flight for the first stage booster supporting this mission, which previously launched NROL-87, NROL-85, SARah-1, SWOT, Transporter-8, Transporter-9, NROL-146, and now 12 Starlink missions.",,1845878180521169348,x.com,False,2024-10-15 01:21:00,2024,True,True
1965,i5ybpu12nk58z26u5n51ujhj,Europa Clipper Mission,europa-clipper,final,science,Falcon Heavy,"LC-39A, Florida",2024-10-14,12:06:00,Expended,,,,False,False,"On Monday, October 14 at 12:06 p.m. ET Falcon Heavy launched NASA’s Europa Clipper mission from Launch Complex 39A (LC-39A) at NASA’s Kennedy Space Center in Florida.

This was the sixth and final flight for the first stage boosters supporting this mission, which previously launched NASA’s Psyche one year ago and other missions USSF-44, USSF-52, USSF-67, Hughes JUPITER 3.

Europa Clipper is the largest spacecraft NASA has ever developed for a planetary mission with solar arrays spanning more than 100 feet (~30 meters) when deployed and weighing nearly 13,000 pounds (6,000 kilograms) at launch. Powered by 24 engines, Europa Clipper will make nearly 50 flybys of Jupiter’s icy moon Europa, surveying for conditions suitable to support life. Scientists predict a salty ocean lies beneath Europa’s icy surface which has more water than Earth’s oceans combined. It will take five years to reach Europa, with an anticipated arrival in 2030.",,,,False,2024-10-14 12:06:00,2024,True,True
3740,f1hpojvil1ezcrpf9kf2ii31,Starship's Fifth Flight Test,starship-flight-5,final,starship,Starship,"Pad 1, Starbase",2024-10-13,07:25:00,Mechazilla,,,,False,False,"Starship’s fifth flight test lifted off on October 13, 2024, with our most ambitious test objectives yet as we work to demonstrate techniques fundamental to Starship and Super Heavy’s fully and rapidly reusable design.

And on our first try, Mechazilla caught the booster.

Following a successful liftoff, ascent, stage separation, boostback burn, and coast, the Super Heavy booster performed its landing burn and was caught by the chopstick arms of the launch and catch tower at Starbase. Thousands of distinct vehicle and pad criteria had to be met prior to the catch attempt, and thanks to the tireless work of SpaceX engineers, we succeeded with catch on our first attempt.

Ready to catch a booster? starshipthegame.spacex.com

Prior to catch, Starship executed another successful hot-staging separation, igniting its six Raptor engines and completing ascent into outer space. It coasted along its planned trajectory to the other side of the planet before executing a controlled reentry, passing through the phases of peak heating and maximum aerodynamic pressure, before executing a flip, landing burn, and splashdown at its target area in the Indian Ocean. The flight test concluded at splashdown 1 hour, 5 minutes and 40 seconds after launch.

The entire SpaceX team should take pride in the engineering feat they just accomplished. The world witnessed what the future will look like when Starship starts carrying crew and cargo to destinations on Earth, the Moon, Mars and beyond.

Congratulations to the SpaceX team for taking this leap in our quest to make life multiplanetary. And thank you to our customers, Cameron County, spaceflight fans, and the wider community for the continued support and encouragement.",,1845152255944819015,x.com,False,2024-10-13 07:25:00,2024,True,True
1685,nw81h1j1yvl636tlxqz73mok,Hera Mission,hera,final,commercialSatellite,Falcon 9,"SLC-40, Florida",2024-10-07,10:52:00,Expended,,,,False,False,"On Monday, October 7, SpaceX launched the ESA Hera mission to interplanetary transfer orbit from Space Launch Complex 40 (SLC-40) at Cape Canaveral Space Force Station in Florida.

This was the 23rd and final launch for this Falcon 9 first stage booster, which previously launched Crew-1, Crew-2, SXM-8, CRS-23, IXPE, Transporter-4, Transporter-5, Globalstar FM15, ISI EROS C-3, Korea 425, Maxar 1, ASBM, and 10 Starlink missions

Hera is a planetary defense mission that will study the impact NASA’s Double Asteroid Redirection Test (DART) mission spacecraft had on the Dimorphos asteroid, which Falcon 9 launched in November 2021. Hera will provide valuable data for future asteroid deflection missions and science to help humanity’s understanding of asteroid geophysics as well as solar system formation and evolutionary processes.",,1842918230202909183,x.com,False,2024-10-07 10:52:00,2024,True,True
1868,qq47a759s7op7weor1n4bdqs,CREW-9 MISSION,crew-9,final,hsf,Falcon 9,"SLC-40, Florida",2024-09-28,13:17:00,Landing Zone,,,,False,False,"On Saturday, September 28 at 1:17 p.m. ET, Falcon 9 launched Dragon’s ninth operational human spaceflight mission (Crew-9) to the International Space Station from Space Launch Complex 40 (SLC-40) at Cape Canaveral Space Force Station in Florida. Dragon autonomously docked with the space station approximately 28 hours later on Sunday, September 29 at 5:30 p.m. ET.

After 171 days in space, Dragon and the Crew-9 astronauts returned to Earth, splashing down off the coast of Florida on Tuesday, March 18 at 5:57 p.m. ET.

This was the fourth flight for the Dragon spacecraft supporting this mission, which previously flew Crew-4, Ax-2, and Ax-3 to and from the space station. This was the second flight for the first stage booster supporting this mission, which previously launched one Starlink mission. Following stage separation, Falcon 9’s first stage landed on Landing Zone 1 (LZ-1) at Cape Canaveral Space Force Station.

During their time on the orbiting laboratory, the crew conducted over 200 scientific experiments and technology demonstrations to prepare for human exploration beyond low-Earth orbit and to benefit humanity on Earth.","[{""id"": 1177, ""name"": ""Nick Hague"", ""bioLink"": ""https://www.nasa.gov/people/nick-hague/"", ""description"": null, ""portrait"": {""id"": 5033, ""name"": ""Crew_9_Portrait_PLT_DSC01154_1536x1920.jpg"", ""alternativeText"": null, ""caption"": null, ""width"": 1536, ""height"": 1920, ""formats"": {""large"": {""ext"": "".jpg"", ""url"": ""https://sxcontent9668.azureedge.us/cms-assets/assets/large_Crew_9_Portrait_PLT_DSC_01154_1536x1920_a72dd894a5.jpg"", ""hash"": ""large_Crew_9_Portrait_PLT_DSC_01154_1536x1920_a72dd894a5"", ""mime"": ""image/jpeg"", ""name"": ""large_Crew_9_Portrait_PLT_DSC01154_1536x1920.jpg"", ""path"": null, ""size"": 81.85, ""width"": 800, ""height"": 1000, ""sizeInBytes"": 81845}, ""small"": {""ext"": "".jpg"", ""url"": ""https://sxcontent9668.azureedge.us/cms-assets/assets/small_Crew_9_Portrait_PLT_DSC_01154_1536x1920_a72dd894a5.jpg"", ""hash"": ""small_Crew_9_Portrait_PLT_DSC_01154_1536x1920_a72dd894a5"", ""mime"": ""image/jpeg"", ""name"": ""small_Crew_9_Portrait_PLT_DSC01154_1536x1920.jpg"", ""path"": null, ""size"": 26.71, ""width"": 400, ""height"": 500, ""sizeInBytes"": 26713}, ""medium"": {""ext"": "".jpg"", ""url"": ""https://sxcontent9668.azureedge.us/cms-assets/assets/medium_Crew_9_Portrait_PLT_DSC_01154_1536x1920_a72dd894a5.jpg"", ""hash"": ""medium_Crew_9_Portrait_PLT_DSC_01154_1536x1920_a72dd894a5"", ""mime"": ""image/jpeg"", ""name"": ""medium_Crew_9_Portrait_PLT_DSC01154_1536x1920.jpg"", ""path"": null, ""size"": 51.32, ""width"": 600, ""height"": 750, ""sizeInBytes"": 51316}, ""thumbnail"": {""ext"": "".jpg"", ""url"": ""https://sxcontent9668.azureedge.us/cms-assets/assets/thumbnail_Crew_9_Portrait_PLT_DSC_01154_1536x1920_a72dd894a5.jpg"", ""hash"": ""thumbnail_Crew_9_Portrait_PLT_DSC_01154_1536x1920_a72dd894a5"", ""mime"": ""image/jpeg"", ""name"": ""thumbnail_Crew_9_Portrait_PLT_DSC01154_1536x1920.jpg"", ""path"": null, ""size"": 4.84, ""width"": 125, ""height"": 156, ""sizeInBytes"": 4838}}, ""hash"": ""Crew_9_Portrait_PLT_DSC_01154_1536x1920_a72dd894a5"", ""ext"": "".jpg"", ""mime"": ""image/jpeg"", ""size"": 234.9, ""url"": ""https://sxcontent9668.azureedge.us/cms-assets/assets/Crew_9_Portrait_PLT_DSC_01154_1536x1920_a72dd894a5.jpg"", ""previewUrl"": null, ""provider"": ""strapi-provider-upload-azure-storage"", ""provider_metadata"": null, ""folderPath"": ""/102/290"", ""createdAt"": ""2024-09-23T05:07:01.032Z"", ""updatedAt"": ""2024-09-23T05:07:01.032Z"", ""documentId"": ""ix5w39rkrv5mdve9css558vy"", ""locale"": null, ""publishedAt"": ""2024-10-21T16:04:39.469Z""}}, {""id"": 1178, ""name"": ""Aleksandr Gorbunov"", ""bioLink"": null, ""description"": null, ""portrait"": {""id"": 3840, ""name"": ""Crew_9_Portrait_MS2_DSC00930_1536x1920.jpg"", ""alternativeText"": null, ""caption"": null, ""width"": 1536, ""height"": 1920, ""formats"": {""large"": {""ext"": "".jpg"", ""url"": ""https://sxcontent9668.azureedge.us/cms-assets/assets/large_Crew_9_Portrait_MS_2_DSC_00930_1536x1920_6a18b420e3.jpg"", ""hash"": ""large_Crew_9_Portrait_MS_2_DSC_00930_1536x1920_6a18b420e3"", ""mime"": ""image/jpeg"", ""name"": ""large_Crew_9_Portrait_MS2_DSC00930_1536x1920.jpg"", ""path"": null, ""size"": 96.04, ""width"": 800, ""height"": 1000, ""sizeInBytes"": 96037}, ""small"": {""ext"": "".jpg"", ""url"": ""https://sxcontent9668.azureedge.us/cms-assets/assets/small_Crew_9_Portrait_MS_2_DSC_00930_1536x1920_6a18b420e3.jpg"", ""hash"": ""small_Crew_9_Portrait_MS_2_DSC_00930_1536x1920_6a18b420e3"", ""mime"": ""image/jpeg"", ""name"": ""small_Crew_9_Portrait_MS2_DSC00930_1536x1920.jpg"", ""path"": null, ""size"": 27.82, ""width"": 400, ""height"": 500, ""sizeInBytes"": 27818}, ""medium"": {""ext"": "".jpg"", ""url"": ""https://sxcontent9668.azureedge.us/cms-assets/assets/medium_Crew_9_Portrait_MS_2_DSC_00930_1536x1920_6a18b420e3.jpg"", ""hash"": ""medium_Crew_9_Portrait_MS_2_DSC_00930_1536x1920_6a18b420e3"", ""mime"": ""image/jpeg"", ""name"": ""medium_Crew_9_Portrait_MS2_DSC00930_1536x1920.jpg"", ""path"": null, ""size"": 56.41, ""width"": 600, ""height"": 750, ""sizeInBytes"": 56411}, ""thumbnail"": {""ext"": "".jpg"", ""url"": ""https://sxcontent9668.azureedge.us/cms-assets/assets/thumbnail_Crew_9_Portrait_MS_2_DSC_00930_1536x1920_6a18b420e3.jpg"", ""hash"": ""thumbnail_Crew_9_Portrait_MS_2_DSC_00930_1536x1920_6a18b420e3"", ""mime"": ""image/jpeg"", ""name"": ""thumbnail_Crew_9_Portrait_MS2_DSC00930_1536x1920.jpg"", ""path"": null, ""size"": 4.83, ""width"": 125, ""height"": 156, ""sizeInBytes"": 4834}}, ""hash"": ""Crew_9_Portrait_MS_2_DSC_00930_1536x1920_6a18b420e3"", ""ext"": "".jpg"", ""mime"": ""image/jpeg"", ""size"": 356.7, ""url"": ""https://sxcontent9668.azureedge.us/cms-assets/assets/Crew_9_Portrait_MS_2_DSC_00930_1536x1920_6a18b420e3.jpg"", ""previewUrl"": null, ""provider"": ""strapi-provider-upload-azure-storage"", ""provider_metadata"": null, ""folderPath"": ""/102/290"", ""createdAt"": ""2024-09-23T05:06:58.601Z"", ""updatedAt"": ""2024-09-23T05:06:58.601Z"", ""documentId"": ""ejlg6bn8lqif3yn4qj7lw2xq"", ""locale"": null, ""publishedAt"": ""2024-10-21T16:04:39.469Z""}}]",1838690849116553712,x.com,False,2024-09-28 13:17:00,2024,True,True
1970,lwy1wvvr2sokjnvn7rq37gf5,Starlink Mission,sl-9-8,final,starlink,Falcon 9,"SLC-4E, California",2024-09-24,21:01:00,Droneship,,,,True,False,"On Tuesday, September 24 at 9:01 p.m. PT, Falcon 9 launched 20 Starlink satellites, including 13 with Direct to Cell capabilities, to low-Earth orbit from Space Launch Complex 4 East (SLC-4E) at Vandenberg Space Force Base in California.

This was the 10th flight for the first stage booster supporting this mission, which previously launched NASA Crew-7, CRS-29, NROL-186, EarthCARE, Transporter-10, PACE, and now four Starlink missions.",,1838319037396423031,x.com,False,2024-09-24 21:01:00,2024,True,True
1641,tuprdm34g886rohr7vefsm8r,Starlink Mission,sl-9-17,final,starlink,Falcon 9,"SLC-4E, California",2024-09-20,06:50:00,Droneship,,,,True,False,"On Friday, September 20 at 6:50 a.m. PT, Falcon 9 launched 20 Starlink satellites, including 13 with Direct to Cell capabilities, to low-Earth orbit from Space Launch Complex 4 East (SLC-4E) at Vandenberg Space Force Base in California.

This was the 13th flight for the first stage booster supporting this mission, which previously launched SDA-0A, Transporter-11, SARah-2, and now 10 Starlink missions.",,1836408928911135210,x.com,False,2024-09-20 06:50:00,2024,True,True
1713,nfi2k48se86bz1dswwd4w53d,Galileo L13 Mission,galileol13,final,commercialSatellite,Falcon 9,"SLC-40, Florida",2024-09-17,18:59:00,Droneship,,,,False,False,"On Tuesday, September 17 at 6:50 p.m. ET, Falcon 9 launched the European Commission’s Galileo L13 mission to orbit from to medium Earth orbit from Space Launch Complex 40 (SLC-40) at Cape Canaveral Space Force Station in Florida.

This was the 22nd flight of the first stage booster supporting this mission, which previously launched CRS-22, Crew-3, Turksat 5B, Crew-4, CRS-25, Eutelsat HOTBIRD 13G, O3B mPOWER, PSN SATRIA, Telkomsat Marah Putih 2, and 12 Starlink missions.",,1836065854972400064,x.com,False,2024-09-17 18:59:00,2024,True,True
1643,rchbfdkrpyduxnzlcuh0fy4b,Starlink Mission,sl-9-6,final,starlink,Falcon 9,"SLC-4E, California",2024-09-12,18:45:00,Droneship,,,,True,False,"On Thursday, September 12 at 6:45 p.m. PT, Falcon 9 launched 21 Starlink satellites, including 13 with Direct to Cell capabilities, to low-Earth orbit from Space Launch Complex 4 East (SLC-4E) at Vandenberg Space Force Base in California.

This was the 18th flight for the first stage booster supporting this mission, which previously launched NROL-87, NROL-85, SARah-1, SWOT, Transporter-8, Transporter-9, NROL-146, and now 11 Starlink missions.",,1834214253030768908,x.com,False,2024-09-12 18:45:00,2024,True,True
1749,rd9zjj43evsiwpzb28tmbnvb,BlueBird 1-5 Mission,bluebird1-5,final,commercialSatellite,Falcon 9,"SLC-40, Florida",2024-09-12,04:52:00,Landing Zone,,,,False,False,"On Thursday, September 12 at 4:52 a.m. ET, Falcon 9 launched AST SpaceMobile’s BlueBird 1-5 mission to low-Earth orbit from Space Launch Complex 40 (SLC-40) at Cape Canaveral Space Force Station in Florida.

This was the 13th flight for the Falcon 9 first stage booster supporting this mission, which previously launched Crew-6, O3b mPOWER, USSF-124, and nine Starlink missions.",,1834088037858656682,x.com,False,2024-09-12 04:52:00,2024,True,True
1761,btcukqtmhvhqth6muyotpyej,POLARIS DAWN,polarisdawn,final,hsf,Falcon 9,"LC-39A, Florida",2024-09-10,03:36:00,Droneship,,,,False,False,"On Tuesday, September 10 at 5:23 a.m. ET, Falcon 9 launched Polaris Dawn to low-Earth orbit from Launch Complex 39A (LC-39A) at NASA’s Kennedy Space Center in Florida.

After nearly five days on orbit, Dragon and the Polaris Dawn crew safely splashed down at 3:36 a.m. ET on Sunday, September 15 off the coast of Dry Tortugas, Florida, completing the first human spaceflight mission of the Polaris Program.

This was the third flight for the Dragon spacecraft supporting this mission, which previously flew NASA’s Crew-1 and Inspiration4. This was the fourth flight for the first stage booster supporting this mission, which previously launched Crew-8 and two Starlink missions. Following stage separation, the first stage landed on the Just Read the Instructions droneship, which was stationed in the Atlantic Ocean.

During their multi-day mission to orbit, Dragon and the crew reached 1,408.1 km – the highest Earth orbit ever flown since the Apollo program, participated in the first-ever extravehicular activity (EVA) from Dragon wearing SpaceX-developed EVA suits. They have also conducted ~36 research studies and experiments from 31 partner institutions designed to advance both human health on Earth and during long-duration spaceflight, and tested Starlink laser-based communications in space.

The Polaris Dawn crew combined their expertise, knowledge, and passion for spaceflight to further human space exploration. This was the first human spaceflight for Mission Pilot Kidd Poteet, Mission Specialist Sarah Gillis, and Mission Specialist and Medical Officer Anna Menon. Mission Commander Jared Isaacman previously flew to space as commander of Inspiration4. This was also the first time two SpaceX employees will be part of a human spaceflight crew, providing valuable insight to future missions on the road to making life multiplanetary.","[{""id"": 1083, ""name"": ""Jared Isaacman"", ""bioLink"": ""https://polarisprogram.com/team/jared-isaacman/"", ""description"": null, ""portrait"": {""id"": 4987, ""name"": ""POLARIS_Portraits_Jared_000_DSC08328_1536x1920.jpg"", ""alternativeText"": null, ""caption"": null, ""width"": 1536, ""height"": 1920, ""formats"": {""large"": {""ext"": "".jpg"", ""url"": ""https://sxcontent9668.azureedge.us/cms-assets/assets/large_POLARIS_Portraits_Jared_000_DSC_08328_1536x1920_3ffd0d3887.jpg"", ""hash"": ""large_POLARIS_Portraits_Jared_000_DSC_08328_1536x1920_3ffd0d3887"", ""mime"": ""image/jpeg"", ""name"": ""large_POLARIS_Portraits_Jared_000_DSC08328_1536x1920.jpg"", ""path"": null, ""size"": 85.16, ""width"": 800, ""height"": 1000}, ""small"": {""ext"": "".jpg"", ""url"": ""https://sxcontent9668.azureedge.us/cms-assets/assets/small_POLARIS_Portraits_Jared_000_DSC_08328_1536x1920_3ffd0d3887.jpg"", ""hash"": ""small_POLARIS_Portraits_Jared_000_DSC_08328_1536x1920_3ffd0d3887"", ""mime"": ""image/jpeg"", ""name"": ""small_POLARIS_Portraits_Jared_000_DSC08328_1536x1920.jpg"", ""path"": null, ""size"": 27.3, ""width"": 400, ""height"": 500}, ""medium"": {""ext"": "".jpg"", ""url"": ""https://sxcontent9668.azureedge.us/cms-assets/assets/medium_POLARIS_Portraits_Jared_000_DSC_08328_1536x1920_3ffd0d3887.jpg"", ""hash"": ""medium_POLARIS_Portraits_Jared_000_DSC_08328_1536x1920_3ffd0d3887"", ""mime"": ""image/jpeg"", ""name"": ""medium_POLARIS_Portraits_Jared_000_DSC08328_1536x1920.jpg"", ""path"": null, ""size"": 52.53, ""width"": 600, ""height"": 750}, ""thumbnail"": {""ext"": "".jpg"", ""url"": ""https://sxcontent9668.azureedge.us/cms-assets/assets/thumbnail_POLARIS_Portraits_Jared_000_DSC_08328_1536x1920_3ffd0d3887.jpg"", ""hash"": ""thumbnail_POLARIS_Portraits_Jared_000_DSC_08328_1536x1920_3ffd0d3887"", ""mime"": ""image/jpeg"", ""name"": ""thumbnail_POLARIS_Portraits_Jared_000_DSC08328_1536x1920.jpg"", ""path"": null, ""size"": 4.73, ""width"": 125, ""height"": 156}}, ""hash"": ""POLARIS_Portraits_Jared_000_DSC_08328_1536x1920_3ffd0d3887"", ""ext"": "".jpg"", ""mime"": ""image/jpeg"", ""size"": 284.36, ""url"": ""https://sxcontent9668.azureedge.us/cms-assets/assets/POLARIS_Portraits_Jared_000_DSC_08328_1536x1920_3ffd0d3887.jpg"", ""previewUrl"": null, ""provider"": ""strapi-provider-upload-azure-storage"", ""provider_metadata"": null, ""folderPath"": ""/102/233"", ""createdAt"": ""2024-08-15T18:36:21.795Z"", ""updatedAt"": ""2024-08-15T18:36:21.795Z"", ""documentId"": ""r95c5iw4wdoi52xty9z94l9q"", ""locale"": null, ""publishedAt"": ""2024-10-21T16:04:39.469Z""}}, {""id"": 1084, ""name"": ""Kidd Poteet"", ""bioLink"": ""https://polarisprogram.com/team/scott-poteet/"", ""description"": null, ""portrait"": {""id"": 5126, ""name"": ""POLARIS_Portraits_Kidd_000_DSC08984_1536x1920.jpg"", ""alternativeText"": null, ""caption"": null, ""width"": 1536, ""height"": 1920, ""formats"": {""large"": {""ext"": "".jpg"", ""url"": ""https://sxcontent9668.azureedge.us/cms-assets/assets/large_POLARIS_Portraits_Kidd_000_DSC_08984_1536x1920_5db1b68c7f.jpg"", ""hash"": ""large_POLARIS_Portraits_Kidd_000_DSC_08984_1536x1920_5db1b68c7f"", ""mime"": ""image/jpeg"", ""name"": ""large_POLARIS_Portraits_Kidd_000_DSC08984_1536x1920.jpg"", ""path"": null, ""size"": 86.09, ""width"": 800, ""height"": 1000}, ""small"": {""ext"": "".jpg"", ""url"": ""https://sxcontent9668.azureedge.us/cms-assets/assets/small_POLARIS_Portraits_Kidd_000_DSC_08984_1536x1920_5db1b68c7f.jpg"", ""hash"": ""small_POLARIS_Portraits_Kidd_000_DSC_08984_1536x1920_5db1b68c7f"", ""mime"": ""image/jpeg"", ""name"": ""small_POLARIS_Portraits_Kidd_000_DSC08984_1536x1920.jpg"", ""path"": null, ""size"": 26.56, ""width"": 400, ""height"": 500}, ""medium"": {""ext"": "".jpg"", ""url"": ""https://sxcontent9668.azureedge.us/cms-assets/assets/medium_POLARIS_Portraits_Kidd_000_DSC_08984_1536x1920_5db1b68c7f.jpg"", ""hash"": ""medium_POLARIS_Portraits_Kidd_000_DSC_08984_1536x1920_5db1b68c7f"", ""mime"": ""image/jpeg"", ""name"": ""medium_POLARIS_Portraits_Kidd_000_DSC08984_1536x1920.jpg"", ""path"": null, ""size"": 51.83, ""width"": 600, ""height"": 750}, ""thumbnail"": {""ext"": "".jpg"", ""url"": ""https://sxcontent9668.azureedge.us/cms-assets/assets/thumbnail_POLARIS_Portraits_Kidd_000_DSC_08984_1536x1920_5db1b68c7f.jpg"", ""hash"": ""thumbnail_POLARIS_Portraits_Kidd_000_DSC_08984_1536x1920_5db1b68c7f"", ""mime"": ""image/jpeg"", ""name"": ""thumbnail_POLARIS_Portraits_Kidd_000_DSC08984_1536x1920.jpg"", ""path"": null, ""size"": 4.56, ""width"": 125, ""height"": 156}}, ""hash"": ""POLARIS_Portraits_Kidd_000_DSC_08984_1536x1920_5db1b68c7f"", ""ext"": "".jpg"", ""mime"": ""image/jpeg"", ""size"": 328.26, ""url"": ""https://sxcontent9668.azureedge.us/cms-assets/assets/POLARIS_Portraits_Kidd_000_DSC_08984_1536x1920_5db1b68c7f.jpg"", ""previewUrl"": null, ""provider"": ""strapi-provider-upload-azure-storage"", ""provider_metadata"": null, ""folderPath"": ""/102/233"", ""createdAt"": ""2024-08-15T18:36:18.307Z"", ""updatedAt"": ""2024-08-15T18:36:18.307Z"", ""documentId"": ""e4cy0q2wql163zcdasyd9dy9"", ""locale"": null, ""publishedAt"": ""2024-10-21T16:04:39.469Z""}}, {""id"": 1085, ""name"": ""Sarah Gillis"", ""bioLink"": ""https://polarisprogram.com/team/sarah-gillis/"", ""description"": null, ""portrait"": {""id"": 5099, ""name"": ""POLARIS_Portraits_Sarah_000_DSC00190_1536x1920.jpg"", ""alternativeText"": null, ""caption"": null, ""width"": 1536, ""height"": 1920, ""formats"": {""large"": {""ext"": "".jpg"", ""url"": ""https://sxcontent9668.azureedge.us/cms-assets/assets/large_POLARIS_Portraits_Sarah_000_DSC_00190_1536x1920_890aa08d18.jpg"", ""hash"": ""large_POLARIS_Portraits_Sarah_000_DSC_00190_1536x1920_890aa08d18"", ""mime"": ""image/jpeg"", ""name"": ""large_POLARIS_Portraits_Sarah_000_DSC00190_1536x1920.jpg"", ""path"": null, ""size"": 87.44, ""width"": 800, ""height"": 1000}, ""small"": {""ext"": "".jpg"", ""url"": ""https://sxcontent9668.azureedge.us/cms-assets/assets/small_POLARIS_Portraits_Sarah_000_DSC_00190_1536x1920_890aa08d18.jpg"", ""hash"": ""small_POLARIS_Portraits_Sarah_000_DSC_00190_1536x1920_890aa08d18"", ""mime"": ""image/jpeg"", ""name"": ""small_POLARIS_Portraits_Sarah_000_DSC00190_1536x1920.jpg"", ""path"": null, ""size"": 26.32, ""width"": 400, ""height"": 500}, ""medium"": {""ext"": "".jpg"", ""url"": ""https://sxcontent9668.azureedge.us/cms-assets/assets/medium_POLARIS_Portraits_Sarah_000_DSC_00190_1536x1920_890aa08d18.jpg"", ""hash"": ""medium_POLARIS_Portraits_Sarah_000_DSC_00190_1536x1920_890aa08d18"", ""mime"": ""image/jpeg"", ""name"": ""medium_POLARIS_Portraits_Sarah_000_DSC00190_1536x1920.jpg"", ""path"": null, ""size"": 51.94, ""width"": 600, ""height"": 750}, ""thumbnail"": {""ext"": "".jpg"", ""url"": ""https://sxcontent9668.azureedge.us/cms-assets/assets/thumbnail_POLARIS_Portraits_Sarah_000_DSC_00190_1536x1920_890aa08d18.jpg"", ""hash"": ""thumbnail_POLARIS_Portraits_Sarah_000_DSC_00190_1536x1920_890aa08d18"", ""mime"": ""image/jpeg"", ""name"": ""thumbnail_POLARIS_Portraits_Sarah_000_DSC00190_1536x1920.jpg"", ""path"": null, ""size"": 4.53, ""width"": 125, ""height"": 156}}, ""hash"": ""POLARIS_Portraits_Sarah_000_DSC_00190_1536x1920_890aa08d18"", ""ext"": "".jpg"", ""mime"": ""image/jpeg"", ""size"": 324.59, ""url"": ""https://sxcontent9668.azureedge.us/cms-assets/assets/POLARIS_Portraits_Sarah_000_DSC_00190_1536x1920_890aa08d18.jpg"", ""previewUrl"": null, ""provider"": ""strapi-provider-upload-azure-storage"", ""provider_metadata"": null, ""folderPath"": ""/102/233"", ""createdAt"": ""2024-08-15T18:36:22.111Z"", ""updatedAt"": ""2024-08-15T18:36:22.111Z"", ""documentId"": ""um3hzbatkxrds2vqgllp9bfu"", ""locale"": null, ""publishedAt"": ""2024-10-21T16:04:39.469Z""}}, {""id"": 1086, ""name"": ""Anna Menon"", ""bioLink"": ""https://polarisprogram.com/team/anna-menon/"", ""description"": null, ""portrait"": {""id"": 5127, ""name"": ""POLARIS_Portraits_Anna_000_DSC08248_1536x1920.jpg"", ""alternativeText"": null, ""caption"": null, ""width"": 1536, ""height"": 1920, ""formats"": {""large"": {""ext"": "".jpg"", ""url"": ""https://sxcontent9668.azureedge.us/cms-assets/assets/large_POLARIS_Portraits_Anna_000_DSC_08248_1536x1920_8a127165f4.jpg"", ""hash"": ""large_POLARIS_Portraits_Anna_000_DSC_08248_1536x1920_8a127165f4"", ""mime"": ""image/jpeg"", ""name"": ""large_POLARIS_Portraits_Anna_000_DSC08248_1536x1920.jpg"", ""path"": null, ""size"": 86.25, ""width"": 800, ""height"": 1000}, ""small"": {""ext"": "".jpg"", ""url"": ""https://sxcontent9668.azureedge.us/cms-assets/assets/small_POLARIS_Portraits_Anna_000_DSC_08248_1536x1920_8a127165f4.jpg"", ""hash"": ""small_POLARIS_Portraits_Anna_000_DSC_08248_1536x1920_8a127165f4"", ""mime"": ""image/jpeg"", ""name"": ""small_POLARIS_Portraits_Anna_000_DSC08248_1536x1920.jpg"", ""path"": null, ""size"": 26.82, ""width"": 400, ""height"": 500}, ""medium"": {""ext"": "".jpg"", ""url"": ""https://sxcontent9668.azureedge.us/cms-assets/assets/medium_POLARIS_Portraits_Anna_000_DSC_08248_1536x1920_8a127165f4.jpg"", ""hash"": ""medium_POLARIS_Portraits_Anna_000_DSC_08248_1536x1920_8a127165f4"", ""mime"": ""image/jpeg"", ""name"": ""medium_POLARIS_Portraits_Anna_000_DSC08248_1536x1920.jpg"", ""path"": null, ""size"": 52.12, ""width"": 600, ""height"": 750}, ""thumbnail"": {""ext"": "".jpg"", ""url"": ""https://sxcontent9668.azureedge.us/cms-assets/assets/thumbnail_POLARIS_Portraits_Anna_000_DSC_08248_1536x1920_8a127165f4.jpg"", ""hash"": ""thumbnail_POLARIS_Portraits_Anna_000_DSC_08248_1536x1920_8a127165f4"", ""mime"": ""image/jpeg"", ""name"": ""thumbnail_POLARIS_Portraits_Anna_000_DSC08248_1536x1920.jpg"", ""path"": null, ""size"": 4.6, ""width"": 125, ""height"": 156}}, ""hash"": ""POLARIS_Portraits_Anna_000_DSC_08248_1536x1920_8a127165f4"", ""ext"": "".jpg"", ""mime"": ""image/jpeg"", ""size"": 293.87, ""url"": ""https://sxcontent9668.azureedge.us/cms-assets/assets/POLARIS_Portraits_Anna_000_DSC_08248_1536x1920_8a127165f4.jpg"", ""previewUrl"": null, ""provider"": ""strapi-provider-upload-azure-storage"", ""provider_metadata"": null, ""folderPath"": ""/102/233"", ""createdAt"": ""2024-08-15T18:36:20.598Z"", ""updatedAt"": ""2024-08-15T18:36:20.598Z"", ""documentId"": ""bhj411hvamh6rerbaybyln56"", ""locale"": null, ""publishedAt"": ""2024-10-21T16:04:39.469Z""}}]",1835049784081621058,x.com,False,2024-09-10 03:36:00,2024,True,True
2382,p2fw84n041lvjuh9r1z9r5hi,NROL-113 Mission,nrol113,final,nssl,Falcon 9,"SLC-4E, California",2024-09-05,20:20:00,Droneship,,,,False,False,"On Thursday, September 5 at 8:20 p.m. PT, Falcon 9 launched the NROL-113 mission from Space Launch Complex 4 East (SLC-4E) at Vandenberg Space Force Base in California.

This was the 20th flight for the first stage booster supporting this mission, which previously launched Sentinel-6 Michael Freilich, DART, Transporter-7, Iridium OneWeb, SDA-0B, and 14 Starlink missions.",,1831042926367129675,x.com,False,2024-09-05 20:20:00,2024,True,True
1945,owkz18slkve0j105luvxcbce,Starlink Mission,sl-8-11,final,starlink,Falcon 9,"SLC-40, Florida",2024-09-05,11:33:00,Droneship,,,,True,False,"On Thursday, September 5 at 11:33 a.m. ET, Falcon 9 launched 21 Starlink satellites, including 13 with Direct to Cell capabilities, to low-Earth orbit from Space Launch Complex 40 (SLC-40) at Cape Canaveral Space Force Station in Florida.

This was the 15th flight for the first stage booster supporting this mission, which previously launched Crew-5, GPS III Space Vehicle 06, Inmarsat I6-F2, CRS-28, Intelsat G-37, NG-20, and now nine Starlink missions.",,1831108167717232782,x.com,False,2024-09-05 11:33:00,2024,True,True
1751,y121ceghovqh5fzbpsng0o97,Starlink Mission,sl-8-10,final,starlink,Falcon 9,"SLC-40, Florida",2024-08-31,03:43:00,Droneship,,,,True,False,"On Saturday, August 31 at 3:43 a.m. ET, Falcon 9 launched 21 Starlink satellites, including 13 with Direct to Cell capabilities, to low-Earth orbit from Space Launch Complex 40 (SLC-40) at Cape Canaveral Space Force Station in Florida.

This was the 18th flight for the first stage booster supporting this mission, which previously launched CRS-24, OneWeb 1, SES 18 & 19, Eutelsat HOTBIRD-F1, and now 14 Starlink missions.",,1829609744983867630,x.com,False,2024-08-31 03:43:00,2024,True,True
1644,o2b6qkgs51in8r3wfigifnu5,Starlink Mission,sl-9-5,final,starlink,Falcon 9,"SLC-4E, California",2024-08-31,01:48:00,Droneship,,,,True,False,"On Saturday, August 31 at 1:48 a.m. PT, Falcon 9 launched 21 Starlink satellites, including 13 with Direct to Cell capabilities, to low-Earth orbit from Space Launch Complex 4 East (SLC-4E) at Vandenberg Space Force Base in California.

This was the ninth flight for the first stage booster supporting this mission, which previously launched Crew-7, CRS-29, NROL-186, EarthCARE, Transporter 10, PACE, and now three Starlink missions.",,1829693021027516664,x.com,False,2024-08-31 01:48:00,2024,True,True
1750,u2n01a7b6rpd0eeyy6k54f7k,Starlink Mission,sl-8-6,final,starlink,Falcon 9,"SLC-40, Florida",2024-08-28,03:48:00,Droneship,,,,True,False,"On Wednesday, August 28 at 3:48 a.m. ET, Falcon 9 launched 21 Starlink satellites, including 13 with Direct to Cell capabilities, to low-Earth orbit from Space Launch Complex 40 (SLC-40) at Cape Canaveral Space Force Station in Florida.

This was the 23rd flight for the first stage booster supporting this mission, which previously launched GPS III Space Vehicle 04, GPS III Space Vehicle 05, Inspiration4, Ax-1, Nilesat 301, OneWeb Launch 17, ARABSAT BADR-8, and now 16 Starlink missions.",,1828619190426570771,x.com,False,2024-08-28 03:48:00,2024,True,True
2224,k79b80nq5ndevyuwx97zunc4,Starlink Mission,sl-10-5,final,starlink,Falcon 9,"SLC-40, Florida",2024-08-20,09:20:00,Droneship,,,,False,False,"On Tuesday, August 20 at 9:20 a.m. ET, Falcon 9 launched 22 Starlink satellites to low-Earth orbit from Space Launch Complex 40 (SLC-40) at Cape Canaveral Space Force Station in Florida.

This was the first flight for the first stage booster supporting this mission.",,1825691387591008754,x.com,False,2024-08-20 09:20:00,2024,True,True
1691,w4ub9lllhr2owzrxjzg8otk9,Transporter-11 Mission,transporter11,final,rideshare,Falcon 9,"SLC-4E, California",2024-08-16,11:56:00,Landing Zone,,,,False,False,"On Friday, August 16 at 11:56 a.m. PT, Falcon 9 launched Transporter-11, SpaceX’s 11th dedicated smallsat rideshare program mission, from Space Launch Complex 4E at Vandenberg Space Force Base in California. To date, SpaceX has launched more than 1,000 smallsats for 130+ customers across our entire Rideshare program.

This was the 12th flight for the first stage booster supporting this mission which previously launched SDA-0A, SARah-2, and nine Starlink missions.",,1824162412909793493,x.com,False,2024-08-16 11:56:00,2024,True,True
1763,uqw828cshyn6tzroj918sig6,MAXAR 2 MISSION,maxar2,final,commercialSatellite,Falcon 9,"SLC-40, Florida",2024-08-15,09:00:00,Landing Zone,,,,False,False,"On Thursday, August 15 9:00 a.m. ET, Falcon 9 launched the Maxar 2 mission to low-Earth orbit from Space Launch Complex 40 (SLC-40) at Cape Canaveral Space Force Station in Florida.

This was the 16th flight for the Falcon 9 first stage booster supporting this mission, which previously launched CRS-26, OneWeb Launch 16, Intelsat IS-40e, O3b mPOWER, Ovzon 3, Eutelsat 36D, Turksat 6A, and eight Starlink missions.",,1823802409065566653	,x.com,False,2024-08-15 09:00:00,2024,True,True
1692,qmg0kfuff1wj2elkos86nhp1,Starlink Mission,sl-10-7,final,starlink,Falcon 9,"LC-39A, Florida",2024-08-12,06:37:00,Droneship,,,,False,False,"On Monday, August 12 at 6:37 a.m. ET, Falcon 9 launched 23 Starlink satellites to low-Earth orbit from Launch Complex 39A (LC-39A) at NASA’s Kennedy Space Center in Florida.

This was the 17th flight for the first stage booster supporting this mission, which previously launched SES-22, ispace's HAKUTO-R MISSION 1, Amazonas-6, CRS-27, Bandwagon-1, and now 12 Starlink missions.",,1822673788531585334,x.com,False,2024-08-12 06:37:00,2024,True,True
1779,htb9cfq7a35phqoe0ftks6oz,ASBM Mission,asbm,final,commercialSatellite,Falcon 9,"SLC-4E, California",2024-08-11,22:07:00,Droneship,,,,False,False,"On Sunday, August 11 at 7:02 p.m. PT, SpaceX launched the Space Norway Arctic Satellite Broadband Mission mission (ASBM) to Molniya transfer orbit from Space Launch Complex 4E (SLC-4E) at Vandenberg Space Force Base in California.

This was the 22nd flight of the first stage booster supporting this mission, which previously launched Crew-1, Crew-2, SXM-8, CRS-23, IXPE, Transporter-4, Transporter-5, Globalstar FM15, ISI EROS C-3, Korea 425, Maxar 1, and 10 Starlink missions.",,1822006076876685459,x.com,False,2024-08-11 22:07:00,2024,True,True
1766,uuvnfxf71qw49y524iclwkiu,Starlink Mission,sl-8-3,final,starlink,Falcon 9,"SLC-40, Florida",2024-08-10,08:50:00,Droneship,,,,True,False,"On Saturday, August 10 at 8:50 a.m. ET, Falcon 9 launched 21 Starlink satellites, including 13 with Direct to Cell capabilities, to low-Earth orbit from Space Launch Complex 40 (SLC-40) at Cape Canaveral Space Force Station in Florida.

This was the 21st flight for the first stage booster supporting this mission, which previously launched CRS-22, Crew-3, Turksat 5B, Crew-4, CRS-25, Eutelsat HOTBIRD 13G, mPOWER-a, PSN SATRIA, Telkomsat Merah Putih 2, and now 12 Starlink missions.",,1821949954367352965,x.com,False,2024-08-10 08:50:00,2024,True,True
1789,mxu7pnw7g0kjmv3clhqc3ghi,NG-21 MISSION,ng-21,final,resupply,Falcon 9,"SLC-40, Florida",2024-08-04,11:02:00,Landing Zone,,,,False,False,"On Sunday, August 4 at 11:02 a.m. ET, Falcon 9 launched Northrop Grumman’s 21st Commercial Resupply Services mission (NG-21) to the International Space Station from Space Complex 40 (SLC-40) at Cape Canaveral Space Force Station in Florida.

This was the tenth flight of the first stage booster supporting this mission, which previously launched Ax-2, Euclid, Ax-3, CRS-30, SES ASTRA 1P, and four Starlink missions.",,1819416749155942893,x.com,False,2024-08-04 11:02:00,2024,True,True
1709,yxk40828wappttp7oh9s4a6u,STARLINK MISSION,sl-11-1,final,starlink,Falcon 9,"SLC-4E, California",2024-08-04,00:24:00,Droneship,,,,False,False,"On Sunday, August 4 at 12:24 a.m. PT, Falcon 9 launched 23 Starlink satellites to low-Earth orbit from Space Launch Complex 4 East (SLC-4E) at Vandenberg Space Force Base in California.

This was the sixth flight for the first stage booster supporting this mission, which previously launched USSF-62 and now five Starlink missions.",,1819427332601581638,x.com,False,2024-08-04 00:24:00,2024,True,True
1732,emb70pq97sko5vd36h04s88s,STARLINK MISSION,sl-10-6,final,starlink,Falcon 9,"LC-39A, Florida",2024-08-02,00:19:00,Droneship,,,,False,False,"On Friday, August 2 at 1:01 a.m. ET, Falcon 9 launched 23 Starlink satellites to low-Earth orbit from Launch Complex 39A (LC-39A) at Kennedy Space Center in Florida.

This was the 12th flight for the first stage booster supporting this mission, which previously launched Crew-6, O3b mPOWER, USSF-124, and eight Starlink missions.",,1819035415472677270,x.com,False,2024-08-02 00:19:00,2024,True,True
1670,ukjy73qgw8nfxr6px5hof19b,STARLINK MISSION,sl-9-4,final,starlink,Falcon 9,"SLC-4E, California",2024-07-28,02:22:00,Droneship,,,,True,False,"On Sunday, July 28 at 2:22 a.m. PT, Falcon 9 launched 21 Starlink satellites, including 13 with Direct to Cell capabilities, to low-Earth orbit from Space Launch Complex 4 East (SLC-4E) at Vandenberg Space Force Base in California.

This was the 17th flight for the first stage booster supporting this mission, which previously launched NROL-87, NROL-85, SARah-1, SWOT, Transporter-8, Transporter-9, NROL-146, and now 10 Starlink missions.",,1817302523130396763,x.com,False,2024-07-28 02:22:00,2024,True,True
2218,bo7t10m27fp8g543t1uvi7zp,STARLINK MISSION,sl-10-4,final,starlink,Falcon 9,"SLC-40, Florida",2024-07-28,01:09:00,Droneship,,,,False,False,"On Sunday, July 28 at 1:09 a.m. ET, Falcon 9 launched 23 Starlink satellites to low-Earth orbit from Space Launch Complex 40 (SLC-40) at Cape Canaveral Space Force Station in Florida.

This was the 14th flight for the first stage booster supporting this mission, which previously launched Crew-5, GPS III Space Vehicle 06, Inmarsat I6-F2, CRS-28, Intelsat G-37, NG-20, and now eight Starlink missions.",,1817301999613792525,x.com,False,2024-07-28 01:09:00,2024,True,True
1755,kmx0fujdiqblxvi5sduj9lrp,STARLINK MISSION,sl-10-9,final,starlink,Falcon 9,"LC-39A, Florida",2024-07-27,01:45:00,Droneship,,,,False,False,"On Saturday, July 27 at 1:45 a.m. ET, Falcon 9 launched 23 Starlink satellites to low-Earth orbit from Launch Complex 39A (LC-39A) at NASA’s Kennedy Space Center in Florida.

This was the 17th flight for the first stage booster supporting this mission, which previously launched CRS-24, Eutelsat HOTBIRD 13F, OneWeb 1, SES-18 and SES-19, and now 13 Starlink missions.",,1817062415667986832,x.com,False,2024-07-27 01:45:00,2024,True,True
1762,jwhrnu82537afupyq9ilpaxn,STARLINK MISSION,sl-9-3,final,starlink,Falcon 9,"SLC-4E, California",2024-07-11,19:35:00,Droneship,,,,False,False,"On July 11, 2024, SpaceX launched Falcon 9 with 20 Starlink satellites from Space Launch Complex 4E at Vandenberg Space Force Base. Falcon 9’s first stage performed nominally, carrying the second stage and Starlink satellites to orbit, separating from the second stage as expected, and returning to Earth for a successful droneship landing, representing SpaceX’s 329th recovery of an orbital class rocket to-date.

Falcon 9’s second stage performed its first burn nominally, however a liquid oxygen leak developed on the second stage. After a planned relight of the upper stage engine to raise perigee – or the lowest point of orbit – the Merlin Vacuum engine experienced an anomaly and was unable to complete its second burn. Although the stage survived and still deployed the satellites, it did not successfully circularize its orbit, but it did passivate itself as normally performed at the end of each mission. This left the satellites in an eccentric orbit with a very low perigee of 135 km, which is less than half the expected perigee altitude.

The team worked overnight to make contact with the satellites in order to send early burn commands, but the satellites were left in an enormously high-drag environment only 135 km above the Earth (each pass through perigee removed 5+ km of altitude from the orbit’s apogee, or the highest point in the satellite orbit). At this level of drag, our maximum available thrust is unlikely to be enough to successfully raise the satellites. As such, the satellites will re-enter Earth’s atmosphere and fully demise. They do not pose a threat to other satellites in orbit or to public safety.

We greatly appreciate the team’s effort to learn as much as possible from the satellites and attempt recovery.

This event is a reminder of how technically challenging spaceflight is. To date, we have completed 364 successful Falcon launches – safely carrying astronauts, customer payloads and thousands of Starlink satellites to orbit – making the Falcon family of rockets one of the most reliable in the world. SpaceX will perform a full investigation in coordination with the FAA, determine root cause, and make corrective actions to ensure the success of future missions. With a robust satellite and rocket production capability, and a high launch cadence, we’re positioned to rapidly recover and continue our pace as the world’s most active launch services provider.",,1810765561175101820,x.com,False,2024-07-11 19:35:00,2024,True,True
1802,fy1f0570vf10qu2uecb3mkfy,Turksat 6A Mission,turksat6a,final,commercialSatellite,Falcon 9,"SLC-40, Florida",2024-07-08,17:41:00,Droneship,,,,False,False,"On Sunday, July 8 at 7:30 p.m. ET, SpaceX launched the Turksat 6A mission to geosynchronous transfer orbit from Space Launch Complex 40 (SLC-40) at Cape Canaveral Space Force Station in Florida.

This was the ninth flight of the first stage booster supporting this mission, which previously launched CRS-26, OneWeb Launch 16, Intelsat IS-40e, O3b mPOWER, Ovzon 3, Eutelsat 36D, and eight Starlink missions.",,1810357749865394646,x.com,False,2024-07-08 17:41:00,2024,True,True
1737,bg1u0pr65hd9m572bhsjchah,Starlink Mission,sl-8-9,final,starlink,Falcon 9,"SLC-40, Florida",2024-07-03,04:55:00,Droneship,,,,True,False,"On Wednesday, July 3 at 4:55 a.m. ET, Falcon 9 launched 20 Starlink satellites, including 13 with Direct to Cell capabilities, to low-Earth orbit from Space Launch Complex 40 (SLC-40) at Cape Canaveral Space Force Station in Florida.

This was the 16th flight for the first stage booster supporting this mission, which previously launched SES-22, ispace's HAKUTO-R MISSION 1, Amazonas-6, CRS-27, Bandwagon-1, and now 11 Starlink missions.",,1807779754738872762,x.com,False,2024-07-03 04:55:00,2024,True,True
1645,che367r341bjuqeea00rkw3x,NROL-186 Mission,nrol186,final,nssl,Falcon 9,"SLC-4E, California",2024-06-28,20:14:00,Droneship,,,,False,False,"On Friday, June 28 at 8:14 p.m. PT, Falcon 9 launched the NROL-186 mission from Space Launch Complex 4 East (SLC-4E) at Vandenberg Space Force Base in California.

This was the eighth flight for the first stage booster supporting this mission, which previously launched Crew-7, CRS-29, PACE, Transporter-10, EarthCARE, and two Starlink missions.",,1806408495362949601,x.com,False,2024-06-28 20:14:00,2024,True,True
2220,a2h4gmfd7jtotdp5ww6l180p,Starlink Mission,sl-10-3,final,starlink,Falcon 9,"SLC-40, Florida",2024-06-27,07:14:00,Droneship,,,,False,False,"On Thursday, June 27 at 7:14 a.m. ET, Falcon 9 launched 23 Starlink satellites to low-Earth orbit from Space Launch Complex 40 (SLC-40) at Cape Canaveral Space Force Station in Florida.

This was the 22nd flight for the first stage booster supporting this mission, which previously launched GPS III Space Vehicle 04, GPS III Space Vehicle 05, Inspiration4, Ax-1, Nilesat 301, OneWeb Launch 17, ARABSAT BADR-8, and now 15 Starlink missions.",,1805849007224406448,x.com,False,2024-06-27 07:14:00,2024,True,True
1671,ul7o8kr09utayejk7i8qo04k,GOES-U Mission,goes-u,final,science,Falcon Heavy,"LC-39A, Florida",2024-06-25,17:26:00,Landing Zone / Expended,,,,False,False,"On Tuesday, June 25 at 5:26 p.m. ET, Falcon Heavy launched the National Oceanic and Atmospheric Administration's (NOAA) GOES-U mission to a geostationary orbit from Launch Complex 39A (LC-39A) at NASA's Kennedy Space Center in Florida.

The GOES-U satellite will orbit above the Earth's equator at approximately 35,700 km (22,236 mi) observing weather patterns in the contiguous USA, Central and South America, and Atlantic Ocean. GOES-U is part of NOAA's most sophisticated Geostationary Operational Environmental Satellites (GOES) series and will assist weather forecasters and climate researchers with real-time high-resolution imagery, earlier detection of severe weather that could save lives, and tropical cyclone forecasts. The weather satellite also carries a suite of space weather instruments that will be used to detect solar storms early and help predict their possible impacts.

This was the first launch for Falcon Heavy’s two side boosters. Following booster separation, the boosters successfully landed on SpaceX’s Landing Zones 1 and 2 (LZ-1 and LZ-2) at Cape Canaveral Space Force Station in Florida.",,,,False,2024-06-25 17:26:00,2024,True,True
2020,l7g2gpmodc1j44bogzem6vkm,Starlink Mission,sl-9-2,final,starlink,Falcon 9,"SLC-4E, California",2024-06-23,20:47:00,Droneship,,,,True,False,"On Sunday, June 23 at 8:47 p.m. PT, Falcon 9 launched 20 Starlink satellites, including 13 with Direct to Cell capabilities, to low-Earth orbit from from Space Launch Complex 4 East (SLC-4E) at Vandenberg Space Force Station in California.

This was the 11th flight for the first stage booster supporting this mission, which previously launched SDA-0A, SARah-2, and now nine Starlink missions.",,1803929450956144808,x.com,False,2024-06-23 20:47:00,2024,True,True
2219,o5b7taqe3drwrwz7xk2d0p26,Starlink Mission,sl-10-2,final,starlink,Falcon 9,"SLC-40, Florida",2024-06-23,13:15:00,Droneship,,,,False,False,"On Sunday, June 23 at 1:15 p.m. ET, Falcon 9 launched 22 Starlink satellites to low-Earth orbit from Space Launch Complex 40 (SLC-40) at Cape Canaveral Space Force Station in Florida.

This was the 11th flight for the first stage booster supporting this mission, which previously launched Crew-6, mPOWER-B, USSF-124, and now eight Starlink missions.",,1804205221415129292,x.com,False,2024-06-23 13:15:00,2024,True,True
1815,qam9m5hd9xrzj9it3s7uoz11,ASTRA 1P Mission,astra1p,final,commercialSatellite,Falcon 9,"SLC-40, Florida",2024-06-20,17:35:00,Droneship,,,,False,False,"On Thursday, June 20 at 5:35 p.m. ET, SpaceX launched the SES ASTRA 1P mission to geosynchronous transfer orbit from Space Launch Complex 40 (SLC-40) at Cape Canaveral Space Force Station in Florida.

This was the ninth flight of the first stage booster supporting this mission, which previously launched Ax-2, Euclid, Ax-3, CRS-30, and four Starlink missions.",,1803224094571372658,x.com,False,2024-06-20 17:35:00,2024,True,True
1673,orqim339b06uiwz5mkapmb9q,Starlink Mission,sl-9-1,final,starlink,Falcon 9,"SLC-4E, California",2024-06-18,20:40:00,Droneship,,,,True,False,"On Tuesday, June 18 at 8:40 p.m. PT, Falcon 9 launched 20 Starlink satellites, including 13 with Direct to Cell capabilities, to low-Earth orbit from from Space Launch Complex 4 East (SLC-4E) at Vandenberg Space Force Station in California.

This was the fifth flight for the first stage booster supporting this mission, which previously launched USSF-62 and now four Starlink missions.",,1802758561350713508,x.com,False,2024-06-18 20:40:00,2024,True,True
1991,c7dc66dp4ml8sdmru6cyl7uj,Starlink Mission,sl-8-8,final,starlink,Falcon 9,"SLC-4E, California",2024-06-08,05:58:00,Droneship,,,,True,False,"On Saturday, June 8 at 8:58 a.m. PT, Falcon 9 launched 20 Starlink satellites, including 13 with Direct to Cell capabilities, to low-Earth orbit from from Space Launch Complex 4 East (SLC-4E) at Vandenberg Space Force Station in California.

This was the 21st flight for the first stage booster supporting this mission, which previously launched Crew-1, Crew-2, SXM-8, CRS-23, IXPE, Transporter-4, Transporter-5, Globalstar FM15, ISI EROS C-3, Korea 425, Maxar1, and now 10 Starlink missions.",,1798798242521682250,x.com,False,2024-06-08 05:58:00,2024,True,True
2216,oz3z83gbsraxige6bexj83an,Starlink Mission,sl-10-1,final,starlink,Falcon 9,"SLC-40, Florida",2024-06-07,21:56:00,Droneship,,,,False,False,"On Friday, June 7 at 9:56 p.m. ET, Falcon 9 launched 22 Starlink satellites to low-Earth orbit from Space Launch Complex 40 (SLC-40) at Cape Canaveral Space Force Station in Florida.

This was the 16th flight for the first stage booster supporting this mission, which previously launched CRS-24, Eutelsat HOTBIRD 13F, OneWeb 1, SES-18 and SES-19, and now 12 Starlink missions.",,1798797719282307270,x.com,False,2024-06-07 21:56:00,2024,True,True
3741,p2oaa444elw6ahria1sdn3u4,Starship's Fourth Flight Test,starship-flight-4,final,starship,Starship,"Pad 1, Starbase",2024-06-06,07:50:00,Expended,,,,False,False,"Starship’s fourth flight test launched with ambitious goals, attempting to go farther than any previous test before and begin demonstrating capabilities central to return and reuse of Starship and Super Heavy. The payload for this test was the data.

Starship delivered.

On June 6, 2024, Starship successfully lifted off at 7:50 a.m. CT from Starbase in Texas and went on to deliver maximum excitement:

The Super Heavy booster lifted off successfully and completed a full-duration ascent burn.

Starship executed another successful hot-stage separation, powering down all but three of Super Heavy’s Raptor engines and successfully igniting the six second stage Raptor engines before separating the vehicles.

Following separation, the Super Heavy booster successfully completed its flip maneuver, boostback burn to send it towards the splashdown zone, and jettison of the hot-stage adapter.

The booster’s flight ended with a landing burn and soft splashdown in the Gulf of Mexico seven minutes and 24 seconds into the flight.

Starship's six second stage Raptor engines successfully powered the vehicle to space and placed it on the planned trajectory for coast.

Starship made a controlled reentry, successfully making it through the phases of peak heating and max aerodynamic pressure and demonstrating the ability to control the vehicle using its flaps while descending through the atmosphere at hypersonic speeds.

Starlink on Starship once again enabled real-time telemetry and live high-definition video throughout every phase of entry, with external cameras providing views all the way to the flight’s conclusion.

Flight 4 ended with Starship igniting its three center Raptor engines and executing the first flip maneuver and landing burn since our suborbital campaign, followed by a soft splashdown of the ship in the Indian Ocean one hour and six minutes after launch.

The fourth flight of Starship made major strides to bring us closer to a rapidly reusable future. Its accomplishments will provide data to drive improvements as we continue rapidly developing Starship into a fully reusable transportation system designed to carry crew and cargo to Earth orbit, the Moon, Mars and beyond.

Congratulations to the entire SpaceX team on an inspired fourth flight test of Starship! And thank you to our customers, Cameron County, spaceflight fans, and the wider community for the continued support and encouragement.",,1798098040588480826,x.com,False,2024-06-06 07:50:00,2024,True,True
1666,tngutbirk2g9vuu8d02iqzzl,Starlink Mission,sl-8-5,final,starlink,Falcon 9,"SLC-40, Florida",2024-06-04,22:16:00,Droneship,,,,True,False,"On Tuesday, June 4 at 7:16 p.m. ET, Falcon 9 launched 20 Starlink satellites, including 13 with Direct to Cell capabilities, to low-Earth orbit from Space Launch Complex 40 (SLC-40) at Cape Canaveral Space Force Station in Florida.

This was the 20th flight for the first stage booster supporting this mission, which previously launched CRS-22, Crew-3, Turksat 5B, Crew-4, CRS-25, Eutelsat HOTBIRD 13G, mPOWER-a, PSN SATRIA, Telkomsat Merah Putih 2, and now 11 Starlink missions.",,1797736141720035702,x.com,False,2024-06-04 22:16:00,2024,True,True
2207,zimauapvlve0x6uphizjs5pq,Starlink Mission,sl-6-64,final,starlink,Falcon 9,"SLC-40, Florida",2024-05-31,22:37:00,Droneship,,,,False,False,"On Friday, May 31 at 10:37 p.m. ET, Falcon 9 launched 23 Starlink satellites to low-Earth orbit from Space Launch Complex 40 (SLC-40) at Cape Canaveral Space Force Station in Florida.

This was the 14th flight for the first stage booster supporting this mission, which previously launched CRS-26, OneWeb Launch 16, Intelsat IS-40e, O3b mPOWER, Ovzon 3, EUTELSAT 36D, and now eight Starlink missions.",,1795539061740020030,x.com,False,2024-05-31 22:37:00,2024,True,True
1828,ep4w30nycfxu3gwpom3pfchg,ESA EarthCARE Mission,earthcare,final,commercialSatellite,Falcon 9,"SLC-4E, California",2024-05-28,15:30:00,Landing Zone,,,,False,False,"On Tuesday, May 28 at 3:20 p.m. PT, SpaceX launched the ESA EarthCARE (Earth Cloud Aerosol and Radiation Explorer) mission to low-Earth orbit from Space Launch Complex 4 East (SLC-4E) at Vandenberg Space Force Base in California.

This was the seventh launch and landing for this Falcon 9 first stage booster, which previously launched Crew-7, CRS-29, PACE, Transporter-10, and two Starlink missions.",,1795147849455501630,x.com,False,2024-05-28 15:30:00,2024,True,True
2217,s9ekvpsdphmqj9dz6b6d8tii,Starlink Mission,sl-6-60,final,starlink,Falcon 9,"SLC-40, Florida",2024-05-28,10:24:00,Droneship,,,,False,False,"On Tuesday, May 28 at 10:24 a.m. ET, Falcon 9 launched 23 Starlink satellites to low-Earth orbit from Space Launch Complex 40 (SLC-40) at Cape Canaveral Space Force Station in Florida.

This was the 10th flight for the first stage booster supporting this mission, which previously launched Crew-6, SES O3b mPOWER, USSF-124, and now seven Starlink missions.",,1794033037711475035,x.com,False,2024-05-28 10:24:00,2024,True,True
1830,ugjgka22fvpu425gnsty0k5v,Starlink Mission,sl-6-63,final,starlink,Falcon 9,"LC-39A, Florida",2024-05-23,22:45:00,Droneship,,,,False,False,"On Thursday, May 23 at 10:45 p.m. ET, Falcon 9 launched 23 Starlink satellites to low-Earth orbit from Launch Complex 39A (LC-39A) at NASA’s Kennedy Space Center in Florida.

This was the 13th flight for the first stage booster supporting this mission, which previously launched Crew-5, GPS III Space Vehicle 06, Inmarsat I6-F2, CRS-28, Intelsat G-37, NG-20, and now seven Starlink missions.",,1793011770535346456,x.com,False,2024-05-23 22:45:00,2024,True,True
2208,f0apxj5zwvxorc28d4bby5ni,Starlink Mission,sl-6-62,final,starlink,Falcon 9,"SLC-40, Florida",2024-05-22,22:35:00,Droneship,,,,False,False,"On Wednesday, May 22 at 10:35 p.m. ET, Falcon 9 launched 23 Starlink satellites to low-Earth orbit from Space Launch Complex 40 (SLC-40) at Cape Canaveral Space Force Station in Florida.

This was the eighth flight for the first stage booster supporting this mission, which previously launched ESA Euclid, Ax-2, Ax-3, CRS-30, and now four Starlink missions.",,1793011170628264248,x.com,False,2024-05-22 22:35:00,2024,True,True
2409,a73kazjyyvqbgnsrdnyivhdb,NROL-146 Mission,nrol146,final,nssl,Falcon 9,"SLC-4E, California",2024-05-22,01:00:00,Droneship,,,,False,False,"On Wednesday, May 22 at 1:00 a.m. PT, Falcon 9 launched the NROL-146 mission from Space Launch Complex 4 East (SLC-4E) at Vandenberg Space Force Base in California.

This was the 16th flight for the first stage booster supporting this mission, which previously launched NROL-87, NROL-85, SARah-1, SWOT, Transporter-8, Transporter-9, and nine Starlink missions.",,1791527626844311687,x.com,False,2024-05-22 01:00:00,2024,True,True
2195,zt8e084ahqnfz5x5m8ar7cjq,Starlink Mission,sl-6-59,final,starlink,Falcon 9,"SLC-40, Florida",2024-05-17,20:32:00,Droneship,,,,False,False,"On Friday, May 17 at 8:32 p.m. ET, Falcon 9 launched 23 Starlink satellites to low-Earth orbit from Space Launch Complex 40 (SLC-40) at Cape Canaveral Space Force Station in Florida.

This was the 21st flight for the first stage booster supporting this mission, which previously launched GPS III Space Vehicle 04, GPS III Space Vehicle 05, Inspiration4, Ax-1, Nilesat 301, OneWeb Launch 17, ARABSAT BADR-8, and now 14 Starlink missions.",,1790886141438402944,x.com,False,2024-05-17 20:32:00,2024,True,True
1980,f2e9qvne6k3t7m10uybomi57,Starlink Mission,sl-8-7,final,starlink,Falcon 9,"SLC-4E, California",2024-05-14,11:39:00,Droneship,,,,True,False,"On Tuesday, May 14 at 11:39 a.m. PT, Falcon 9 launched 20 Starlink satellites, including 13 with Direct to Cell capabilities, to low-Earth orbit from Space Launch Complex 4 East (SLC-4E) at Vandenberg Space Force Base in California.

This was the 18th flight for the first stage booster supporting this mission, which previously launched Sentinel-6 Michael Freilich, DART, Transporter-7, Iridium OneWeb, SDA-0B, and now 13 Starlink missions.",,1788305952548298804,x.com,False,2024-05-14 11:39:00,2024,True,True
1857,g4zhlj3xty8yw6ia9gi6endo,Starlink Mission,sl-6-58,final,starlink,Falcon 9,"SLC-40, Florida",2024-05-12,20:53:00,Droneship,,,,False,False,"On Sunday, May 12 at 8:53 p.m. ET, Falcon 9 launched 23 Starlink satellites to low-Earth orbit from Space Launch Complex 40 (SLC-40) at Cape Canaveral Space Force Station in Florida.

This was the 15th flight for the first stage booster supporting this mission, which previously launched SES-22, ispace's HAKUTO-R MISSION 1, Amazonas-6, CRS-27, Bandwagon-1, and now 10 Starlink missions.",,1788290381924409803,x.com,False,2024-05-12 20:53:00,2024,True,True
1872,bxh00z99i5i0t2rigmgorpz1,Starlink Mission,sl-8-2,final,starlink,Falcon 9,"SLC-4E, California",2024-05-09,20:20:00,Droneship,,,,True,False,"On Thursday, May 9 at 9:30 p.m. PT, Falcon 9 launched 20 Starlink satellites, including 13 with Direct to Cell capabilities, to low-Earth orbit from Space Launch Complex 4 East (SLC-4E) at Vandenberg Space Force Base in California.

This was the fourth flight for the first stage booster supporting this mission, which previously launched USSF-62, and now three Starlink missions.",,1787946165423796318,x.com,False,2024-05-09 20:20:00,2024,True,True
1885,joym0mirp39hdlijkhzu4ajn,Starlink Mission,sl-6-56,final,starlink,Falcon 9,"LC-39A, Florida",2024-05-08,14:42:00,Droneship,,,,False,False,"On Wednesday, May 8 at 2:42 p.m. ET, Falcon 9 launched 23 Starlink satellites to low-Earth orbit from Launch Complex 39A (LC-39A) at NASA’s Kennedy Space Center in Florida.

This was the third flight for the first stage booster supporting this mission, which previously launched Crew-8 and now two Starlink missions.",,1787186213725913434,x.com,False,2024-05-08 14:42:00,2024,True,True
2603,he0dr3ltdiq8rmgc1b08i8s9,Starlink Mission,sl-6-57,final,starlink,Falcon 9,"SLC-40, Florida",2024-05-06,14:14:00,Droneship,,,,False,False,"On Monday, May 6 at 2:14 p.m. ET, Falcon 9 launched 23 Starlink satellites to low-Earth orbit from Space Launch Complex 40 (SLC-40) at Cape Canaveral Space Force Station in Florida.

This was the 15th flight for the first stage booster supporting this mission, which previously launched CRS-24, Eutelsat HOTBIRD 13F, OneWeb 1, SES-18 and SES-19, and now 11 Starlink missions.",,1786090769029423522,x.com,False,2024-05-06 14:14:00,2024,True,True
2136,vqywnqbqza25jgcgr4dwcpo2,Starlink Mission,sl-6-55,final,starlink,Falcon 9,"SLC-40, Florida",2024-05-02,22:37:00,Droneship,,,,False,False,"On Thursday, May 2 at 10:37 p.m. ET, Falcon 9 launched 23 Starlink satellites to low-Earth orbit from Space Launch Complex 40 (SLC-40) at Cape Canaveral Space Force Station in Florida.

This was the 19th flight for the first stage booster supporting this mission, which previously launched CRS-22, Crew-3, Turksat 5B, Crew-4, CRS-25, Eutelsat HOTBIRD 13G, mPOWER-a, PSN SATRIA, Telkomsat Merah Putih 2, and now 10 Starlink missions.",,1785441182040158305,x.com,False,2024-05-02 22:37:00,2024,True,True
1829,y7ywyksdm2qsibysqek7b3i2,Maxar 1 Mission,maxar1,final,commercialSatellite,Falcon 9,"SLC-4E, California",2024-05-02,11:36:00,Landing Zone,,,,False,False,"On Thursday, May 2 at 11:36 a.m. PT, Falcon 9 launched the Maxar 1 mission to low-Earth orbit from Space Launch Complex 4E (SLC-4E) at Vandenberg Space Force Base in California.

This was the 20th launch of this booster, which previously supported the launch of Crew-1, Crew-2, SXM-8, CRS-23, IXPE, Transporter-4, Transporter-5, Globalstar FM15, ISI EROS C-3, Korea 425, and nine Starlink missions.",,1785756397835268147,x.com,False,2024-05-02 11:36:00,2024,True,True
2128,fvsydyokof1x14wozsiu5n5k,Starlink Mission,sl-6-54,final,starlink,Falcon 9,"SLC-40, Florida",2024-04-28,18:08:00,Droneship,,,,False,False,"On Sunday, April 28 at 6:08 p.m. ET, Falcon 9 launched 23 Starlink satellites to low-Earth orbit from Space Launch Complex 40 (SLC-40) at Cape Canaveral Space Force Station in Florida.

This was the 13th flight for the first stage booster supporting this mission, which previously launched CRS-26, OneWeb Launch 16, Intelsat IS-40e, O3b mPOWER, Ovzon 3, EUTELSAT 36D, and now seven Starlink missions.",,1783894356845527210,x.com,False,2024-04-28 18:08:00,2024,True,True
1735,e53npex8hs5029vs28gx2ymu,Galileo L12 Mission,galileol12,final,commercialSatellite,Falcon 9,"LC-39A, Florida",2024-04-27,20:34:00,Expended,,,,False,False,"On Saturday, April 27 at 8:34 p.m. ET, Falcon 9 launched the European Commission’s Galileo L12 mission to medium Earth orbit from Launch Complex 39A (LC-39A) at Kennedy Space Center in Florida.

This was the 20th flight of the first stage booster supporting this mission, which previously launched GPS III-3, Turksat 5A, Transporter-2, Intelsat G-33/G-34, Transporter-6, Intuitive Machines IM-1, and 13 Starlink missions.",,1783959128643383367,x.com,False,2024-04-27 20:34:00,2024,True,True
2099,t7wf9gdw3uo5ucemmzyaen3j,Starlink Mission,sl-6-53,final,starlink,Falcon 9,"SLC-40, Florida",2024-04-23,18:17:00,Droneship,,,,False,False,"On Tuesday, April 23 at 6:17 p.m. ET, Falcon 9 launched 23 Starlink satellites to low-Earth orbit from Space Launch Complex 40 (SLC-40) at Cape Canaveral Space Force Station in Florida.

This was the ninth flight for the first stage booster supporting this mission, which previously launched Crew-6, SES O3b mPOWER, USSF-124, and now six Starlink missions.",,1780702231123345875,x.com,False,2024-04-23 18:17:00,2024,True,True
2204,clhq6uur68pm18ccy0oezxae,Starlink Mission,sl-6-52,final,starlink,Falcon 9,"SLC-40, Florida",2024-04-18,18:40:00,Droneship,,,,False,False,"On Thursday, April 18 at 6:40 p.m. ET, Falcon 9 launched 23 Starlink satellites to low-Earth orbit from Space Launch Complex 40 (SLC-40) at Cape Canaveral Space Force Station in Florida.

This was the seventh flight for the first stage booster supporting this mission, which previously launched ESA Euclid, Ax-2, Ax-3, CRS-30, and now three Starlink missions.",,1779965004940476525,x.com,False,2024-04-18 18:40:00,2024,True,True
3242,p3mvk7kuhicmjffb1ulefykf,Starlink Mission,sl-6-51,final,starlink,Falcon 9,"LC-39A, Florida",2024-04-17,17:26:00,Droneship,,,,False,False,"On Wednesday, April 17 at 5:26 p.m. ET, Falcon 9 launched 23 Starlink satellites to low-Earth orbit from Launch Complex 39A (LC-39A) at NASA’s Kennedy Space Center in Florida.

This was the 12th flight for the first stage booster supporting this mission, which previously launched Crew-5, GPS III Space Vehicle 06, Inmarsat I6-F2, CRS-28, Intelsat G-37, NG-20, and now six Starlink missions.",,1779961144972804320,x.com,False,2024-04-17 17:26:00,2024,True,True
2135,t77y4bjt0m7qkpivnnvj588b,Starlink Mission,sl-6-49,final,starlink,Falcon 9,"SLC-40, Florida",2024-04-12,21:22:00,Droneship,,,,False,False,"On Friday, April 12 at 9:40 p.m. ET, Falcon 9 launched 23 Starlink satellites to low-Earth orbit from Space Launch Complex 40 (SLC-40) at Cape Canaveral Space Force Station in Florida.

This was the 20th flight for the first stage booster supporting this mission, which previously launched GPS III Space Vehicle 04, GPS III Space Vehicle 05, Inspiration4, Ax-1, Nilesat 301, OneWeb Launch 17, ARABSAT BADR-8, and now 13 Starlink missions.",,1778464774894072023,x.com,False,2024-04-12 21:22:00,2024,True,True
3289,hm36rq1xajx9kui4ia90dyp0,USSF-62,ussf62,final,nssl,Falcon 9,"SLC-4E, California ",2024-04-11,07:25:00,Landing Zone,,,,False,False,"On Thursday, April 11 at 7:25 a.m. PT, Falcon 9 launched the USSF-62 mission to low-Earth orbit from Space Launch Complex 4 East (SLC-4E) at Vandenberg Space Force Base in California.

This was the third launch of the first stage booster, which previously launched two Starlink missions.",,1778136733806371003,x.com,False,2024-04-11 07:25:00,2024,True,True
2134,f30tl001nvnv6mj6rbewet8q,Starlink Mission,sl-6-48,final,starlink,Falcon 9,"SLC-40, Florida",2024-04-10,01:40:00,Droneship,,,,False,False,"On Wednesday, April 10 at 1:40 a.m. ET, Falcon 9 launched 23 Starlink satellites to low-Earth orbit from Space Launch Complex 40 (SLC-40) at Cape Canaveral Space Force Station in Florida.

This was the second flight for the first stage booster supporting this mission, which previously launched Crew-8, and now one Starlink mission.",,1777376635848905067,x.com,False,2024-04-10 01:40:00,2024,True,True
1989,qfmx85hn0lsko2w2qst5z8x4,Bandwagon-1 Mission,bandwagon-1,final,rideshare,Falcon 9,"SLC-40, Florida",2024-04-07,19:16:00,Landing Zone,,,,False,False,"On Sunday, April 7 at 7:16 p.m. ET, Falcon 9 launched the Bandwagon-1 mission to orbit from Launch Complex 39A (LC-39A) at Kennedy Space Center in Florida. On board this mission were 11 spacecraft including KOREA's 425Sat, HawkEye 360’s Clusters 8 & 9, Tyvak International’s CENTAURI-6, iQPS’s QPS-SAR-7 TSUKUYOMI-II, Capella Space’s Capella-14, and Tata Advanced Systems Limited’s TSAT-1A.

This was the 14th flight of the first stage booster supporting this mission, which previously launched SES-22, ispace's HAKUTO-R MISSION 1, Amazonas-6, CRS-27, and nine Starlink missions.",,1776363219546001451,x.com,False,2024-04-07 19:16:00,2024,True,True
1923,fr0qkwjojevuasmq3fg8jyj9,Starlink Mission,sl-8-1,final,starlink,Falcon 9,"SLC-4E, California",2024-04-06,19:25:00,Droneship,,,,True,False,"On Saturday, April 6 at 7:25 p.m. PT, Falcon 9 launched 21 Starlink satellites, including six with Direct to Cell capabilities, to low-Earth orbit from Space Launch Complex 4 East (SLC-4E) at Vandenberg Space Force Base in California.

This was the sixth flight for the first stage booster supporting this mission, which previously launched Crew-7, CRS-29, PACE, Transporter-10, and now two Starlink mission.",,1775990403109433527,x.com,False,2024-04-06 19:25:00,2024,True,True
3241,u4g60ahs166foqkxb9xyr4da,Starlink Mission,sl-6-47,final,starlink,Falcon 9,"SLC-40, Florida",2024-04-05,05:12:00,Droneship,,,,False,False,"On Friday, April 5 at 5:12 a.m. ET, Falcon 9 launched 23 Starlink satellites to low-Earth orbit from Space Launch Complex 40 (SLC-40) at Cape Canaveral Space Force Station in Florida.

This was the 14th flight for the first stage booster supporting this mission, which previously launched CRS-24, Eutelsat HOTBIRD 13F, OneWeb 1, SES-18 and SES-19, and nine Starlink missions.",,1775989130805068128,x.com,False,2024-04-05 05:12:00,2024,True,True
3260,va189vxpev7yhjq7s2kvkxx5,Starlink Mission,sl-7-18,final,starlink,Falcon 9,"SLC-4E, California ",2024-04-01,19:30:00,Droneship,,,,False,False,"On Monday, April 1 at 7:30 p.m. PT, Falcon 9 launched 22 Starlink satellites to low-Earth orbit from Space Launch Complex 4 East (SLC-4E) at Vandenberg Space Force Base in California.

This was the 15th flight for the first stage booster supporting this mission, which previously launched NROL-87, NROL-85, SARah-1, SWOT, Transporter-8, Transporter-9, and now nine Starlink missions.",,1774493696047915343,x.com,False,2024-04-01 19:30:00,2024,True,True
2132,vaswcmrhxcww1lwb6vzczo0h,Starlink Mission,sl-6-45,final,starlink,Falcon 9,"SLC-40, Florida",2024-03-30,21:30:00,Droneship,,,,False,False,"On Saturday, March 30 at 9:30 p.m. ET, Falcon 9 launched 23 Starlink satellites to low-Earth orbit from Space Launch Complex 40 (SLC-40) at Cape Canaveral Space Force Station in Florida.

This was the 18th flight for the first stage booster supporting this mission, which previously launched CRS-22, Crew-3, Turksat 5B, Crew-4, CRS-25, Eutelsat HOTBIRD 13G, mPOWER-a, PSN SATRIA, Telkomsat Merah Putih 2 and now nine Starlink missions.",,1773808692754026874,x.com,False,2024-03-30 21:30:00,2024,True,True
2052,xi1gkdf2q0sql43ci9lhtc5q,EUTELSAT 36D Mission,eutelsat36d,final,commercialSatellite,Falcon 9,"LC-39A, Florida",2024-03-30,17:52:00,Droneship,,,,False,False,"On Saturday, March 30 at 5:52 p.m. ET, Falcon 9 launched the EUTELSAT 36D mission to a geosynchronous transfer orbit from Launch Complex 39A (LC-39A) at the Kennedy Space Center in Florida.

This was the 12th launch of the first stage booster supporting this mission, which previously launched CRS-26, OneWeb Launch 16, Intelsat IS-40e, O3b mPOWER, Ovzon 3, and six Starlink missions.",,1773850160856228119,x.com,False,2024-03-30 17:52:00,2024,True,True
2203,zu963blot5g179jf2myexylz,Starlink Mission,sl-6-46,final,starlink,Falcon 9,"SLC-40, Florida",2024-03-25,19:42:00,Droneship,,,,False,False,"On Monday, March 25 at 7:42 p.m. ET, Falcon 9 launched 23 Starlink satellites to low-Earth orbit from Space Launch Complex 40 (SLC-40) at Cape Canaveral Space Force Station in Florida.

This was the eighth flight for the first stage booster supporting this mission, which previously launched Crew-6, SES O3b mPOWER, USSF-124, and now five Starlink missions.",,1771279480541364406,x.com,False,2024-03-25 19:42:00,2024,True,True
2131,vpn7ip183meqvtsi1vdph5js,Starlink Mission,sl-6-42,final,starlink,Falcon 9,"SLC-40, Florida",2024-03-23,23:09:00,Droneship,,,,False,False,"On Saturday, March 23 at 11:09 p.m. ET, Falcon 9 launched 23 Starlink satellites to low-Earth orbit from Launch Complex 39A (LC-39A) at NASA’s Kennedy Space Center in Florida.

This was the 19th flight for the first stage booster supporting this mission, which previously launched GPS III-3, Turksat 5A, Transporter-2, Intelsat G-33/G-34, Transporter-6, Intuitive Machines IM-1, and now 13 Starlink missions.",,1770969007325409676,x.com,False,2024-03-23 23:09:00,2024,True,True
1747,gmp0ka4021m0adunnkogo1ys,CRS-30 Mission,crs-30,final,resupply,Falcon 9,"SLC-40, Florida",2024-03-21,16:55:00,Landing Zone,,,,False,False,"On Thursday, March 21, 2024, at 4:55 p.m. ET, Falcon 9 launched Dragon’s 30th Commercial Resupply Services mission (CRS-30) to the International Space Station from Space Launch Complex 40 (SLC-40) at Cape Canaveral Space Force Station in Florida. Dragon autonomously docked with the space station on Saturday, March 23 at 7:19 a.m. ET.

After 36 days docked to the International Space Station, Dragon autonomously undocked at 1:10 p.m. ET on Sunday, April 28. Dragon completed its 30th Commercial Resupply Services mission to and from the International Space Station for NASA after successfully returning to Earth and splashing down off the coast of Florida on Tuesday, April 30 at 1:38 a.m. ET.

This was the sixth flight for the first stage booster supporting this mission, which previously launched Ax-2, Euclid, Ax-3, and two Starlink missions. Following stage separation, Falcon 9’s first stage landed at Landing Zone 1 (LZ-1) at Cape Canaveral Space Force Station.",,1770517564118212761,x.com,False,2024-03-21 16:55:00,2024,True,True
3258,j1yg8zri8vby3y69pnry5ao6,Starlink Mission,sl-7-16,final,starlink,Falcon 9,"SLC-4E, California ",2024-03-18,19:28:00,Droneship,,,,False,False,"On Monday, March 18 at 7:28 p.m. PT, Falcon 9 launched Starlink satellites to low-Earth orbit from Space Launch Complex 4 East (SLC-4E) at Vandenberg Space Force Base in California.

This was the 10th flight for the first stage booster supporting this mission, which previously launched SDA-0A, SARah-2, and now eight Starlink missions.",,1769855345600721403,x.com,False,2024-03-18 19:28:00,2024,True,True
3240,ku9fze1c4ydpfbcahkfzvty4,Starlink Mission,sl-6-44,final,starlink,Falcon 9,"LC-39A, Florida",2024-03-15,20:21:00,Droneship,,,,False,False,"On Friday, March 15 at 8:21 p.m. ET, Falcon 9 launched 23 Starlink satellites to low-Earth orbit from Launch Complex 39A (LC-39A) at NASA’s Kennedy Space Center in Florida.

This was the 19th flight for the first stage booster supporting this mission, which previously launched GPS III Space Vehicle 04, GPS III Space Vehicle 05, Inspiration4, Ax-1, Nilesat 301, OneWeb Launch 17, ARABSAT BADR-8, and now 12 Starlink missions.",,1768422236023914558,x.com,False,2024-03-15 20:21:00,2024,True,True
3742,t3s329o03huu2x7jxyeiedrl,Starship's Third Flight Test,starship-flight-3,final,starship,Starship,"Pad 1, Starbase",2024-03-14,07:00:00,Expended,,,,False,False,"Starship returned to integrated flight testing with its third launch from Starbase in Texas. While it didn’t happen in a lab or on a test stand, it was absolutely a test. What we achieved on this flight will provide invaluable data to continue rapidly developing Starship.

On March 14, 2024, Starship successfully lifted off at 8:25 a.m. CT from Starbase in Texas and went on to accomplish several major milestones and firsts:

For the second time, all 33 Raptor engines on the Super Heavy Booster started up successfully and completed a full-duration burn during ascent.

Starship executed its second successful hot-stage separation, powering down all but three of Super Heavy’s Raptor engines and successfully igniting the six second stage Raptor engines before separating the vehicles.

Following separation, the Super Heavy booster successfully completed its flip maneuver and initiated the boostback burn to send it towards its splashdown point in the Gulf of Mexico.

Super Heavy successfully lit several engines for its first ever landing burn before the vehicle experienced a RUD (that’s SpaceX-speak for “rapid unscheduled disassembly”). The booster’s flight concluded at approximately 462 meters in altitude and just under seven minutes into the mission.

Starship's six second stage Raptor engines all started successfully and powered the vehicle to its expected orbit, becoming the first Starship to complete its full-duration ascent burn.

While coasting, Starship accomplished several of the flight test’s additional objectives, including the opening and closing of its payload door (aka the pez dispenser,) and initiating a propellant transfer demonstration. Starship did not attempt its planned on-orbit relight of a single Raptor engine due to vehicle roll rates during coast. Results from these demonstrations will come after postflight data review is complete.

Starship went on to experience its first ever entry from space, providing valuable data on heating and vehicle control during hypersonic reentry. Live views of entry were made possible by Starlink terminals operating on Starship.

The flight test’s conclusion came during entry, with the last telemetry signals received via Starlink from Starship at approximately 49 minutes into the mission.

While our team reviews the data collected from this flight, Starship and Super Heavy vehicles are preparing for upcoming flights as we seek to increase our launch cadence throughout the year.

This rapid iterative development approach has been the basis for all of SpaceX’s major innovative advancements, including Falcon, Dragon, and Starlink. Recursive improvement is essential as we work to build a fully reusable transportation system capable of carrying both crew and cargo to Earth orbit, help humanity return to the Moon, and ultimately travel to Mars and beyond.

Thank you to our customers, Cameron County, spaceflight fans, and the wider community for the continued support and encouragement. And congratulations to the entire SpaceX team on an exciting third flight test of Starship!",,1768258691319689232,x.com,False,2024-03-14 07:00:00,2024,True,True
3259,gwun9s12ouwks2w59dofyrty,Starlink Mission,sl-7-17,final,starlink,Falcon 9,"SLC-4E, California ",2024-03-10,21:09:00,Droneship,,,,False,False,"On Sunday, March 10 at 9:09 p.m. PT, Falcon 9 launched 23 Starlink satellites to low-Earth orbit from Space Launch Complex 4 East (SLC-4E) at Vandenberg Space Force Base in California.

This is the 17th flight for the first stage booster supporting this mission, which previously launched Sentinel-6 Michael Freilich, DART, Transporter-7, Iridium OneWeb, SDA-0B, and now 12 Starlink missions.",,1766246254403879167,x.com,False,2024-03-10 21:09:00,2024,True,True
2192,xmbzq06kh7waax6dqwfzw9yt,Starlink Mission,sl-6-43,final,starlink,Falcon 9,"SLC-40, Florida",2024-03-10,19:05:00,Droneship,,,,False,False,"On Sunday, March 10 at 7:05 p.m. ET, Falcon 9 launched 23 Starlink satellites to low-Earth orbit from Space Launch Complex 40 (SLC-40) at Cape Canaveral Space Force Station in Florida.

This was the 11th flight for the first stage booster supporting this mission, which previously launched Crew-5, GPS III Space Vehicle 06, Inmarsat I6-F2, CRS-28, Intelsat G-37, NG-20, and now five Starlink missions.",,1766245845744427076,x.com,False,2024-03-10 19:05:00,2024,True,True
2190,c1kqch666fqfbrzllrlb9sp0,Starlink Mission,sl-6-41,final,starlink,Falcon 9,"SLC-40, Florida",2024-03-04,18:56:00,Droneship,,,,False,False,"On Monday, March 4 at 6:56 p.m. ET, Falcon 9 launched 23 Starlink satellites to low-Earth orbit from Space Launch Complex 40 (SLC-40) at Cape Canaveral Space Force Station in Florida.

This was the 13th flight for the first stage booster supporting this mission, which previously launched SES-22, ispace’s HAKUTO-R Mission 1, Hispasat Amazonas Nexus, CRS-27, and now nine Starlink missions.",,1763434296898126020,x.com,False,2024-03-04 18:56:00,2024,True,True
1988,jzue6qcquy8lojvwrx17u3wk,Transporter-10 Mission,transporter10,final,rideshare,Falcon 9,"SLC-4E, California",2024-03-04,14:05:00,Landing Zone,,,,False,False,"On Monday, March 4 at 2:05 p.m. PT, Falcon 9 launched Transporter-10, SpaceX’s 10th dedicated smallsat rideshare program mission, from Space Launch Complex 4E at Vandenberg Space Force Base in California.

This was the fifth flight for the first stage booster supporting this mission which previously launched Crew-7, CRS-29, PACE, and one Starlink mission. On board this flight were 53 spacecraft, including CubeSats, MicroSats, and a hosted payload. To date, SpaceX has launched nearly 1,000 smallsats for more than 130 customers across our entire Rideshare program.",,1764521487569158655,x.com,False,2024-03-04 14:05:00,2024,True,True
2785,igv79gvvcklbt6mi6awxgclt,Crew-8 Mission,crew8,final,hsf,Falcon 9,"LC-39A, Florida",2024-03-03,22:53:00,Landing Zone,,,,False,False,"On Sunday, March 3 at 10:53 p.m. ET, Falcon 9 launched Dragon’s eighth operational human spaceflight mission (Crew-8) to the International Space Station from Launch Complex 39A (LC-39A) at NASA’s Kennedy Space Center in Florida. Dragon autonomously docked with the space station approximately 27 hours later on Tuesday, March 5 at 2:28 a.m. ET.

After 235 days in space, Dragon and the Crew-8 astronauts returned to Earth, splashing down off the coast of Florida at on Friday, October 25 at 3:29 a.m. ET.

This was the fifth flight for the Dragon spacecraft supporting this mission, which previously flew Demo-2, Crew-2, Ax-1, and Crew-6 to and from the space station. This was the first flight for the first stage booster supporting this mission. Following stage separation, Falcon 9’s first stage landed on Landing Zone 1 (LZ-1) at Cape Canaveral Space Force Station.

During their time on the orbiting laboratory, the crew conducted over 200 scientific experiments and technology demonstrations, including new research to prepare human exploration beyond low-Earth orbit and benefit humanity on Earth.","[{""id"": 1173, ""name"": ""Matthew Dominick"", ""bioLink"": ""https://www.nasa.gov/people/matthew-dominick/"", ""description"": null, ""portrait"": {""id"": 4675, ""name"": ""Crew_8_CMD_Portrait_20240129_DSC05381_1536x1920.jpg"", ""alternativeText"": null, ""caption"": null, ""width"": 1536, ""height"": 1920, ""formats"": {""large"": {""ext"": "".jpg"", ""url"": ""https://sxcontent9668.azureedge.us/cms-assets/assets/large_Crew_8_CMD_Portrait_20240129_DSC_05381_1536x1920_7394d6cf71.jpg"", ""hash"": ""large_Crew_8_CMD_Portrait_20240129_DSC_05381_1536x1920_7394d6cf71"", ""mime"": ""image/jpeg"", ""name"": ""large_Crew_8_CMD_Portrait_20240129_DSC05381_1536x1920.jpg"", ""path"": null, ""size"": 96.41, ""width"": 800, ""height"": 1000}, ""small"": {""ext"": "".jpg"", ""url"": ""https://sxcontent9668.azureedge.us/cms-assets/assets/small_Crew_8_CMD_Portrait_20240129_DSC_05381_1536x1920_7394d6cf71.jpg"", ""hash"": ""small_Crew_8_CMD_Portrait_20240129_DSC_05381_1536x1920_7394d6cf71"", ""mime"": ""image/jpeg"", ""name"": ""small_Crew_8_CMD_Portrait_20240129_DSC05381_1536x1920.jpg"", ""path"": null, ""size"": 27.82, ""width"": 400, ""height"": 500}, ""medium"": {""ext"": "".jpg"", ""url"": ""https://sxcontent9668.azureedge.us/cms-assets/assets/medium_Crew_8_CMD_Portrait_20240129_DSC_05381_1536x1920_7394d6cf71.jpg"", ""hash"": ""medium_Crew_8_CMD_Portrait_20240129_DSC_05381_1536x1920_7394d6cf71"", ""mime"": ""image/jpeg"", ""name"": ""medium_Crew_8_CMD_Portrait_20240129_DSC05381_1536x1920.jpg"", ""path"": null, ""size"": 56.25, ""width"": 600, ""height"": 750}, ""thumbnail"": {""ext"": "".jpg"", ""url"": ""https://sxcontent9668.azureedge.us/cms-assets/assets/thumbnail_Crew_8_CMD_Portrait_20240129_DSC_05381_1536x1920_7394d6cf71.jpg"", ""hash"": ""thumbnail_Crew_8_CMD_Portrait_20240129_DSC_05381_1536x1920_7394d6cf71"", ""mime"": ""image/jpeg"", ""name"": ""thumbnail_Crew_8_CMD_Portrait_20240129_DSC05381_1536x1920.jpg"", ""path"": null, ""size"": 4.81, ""width"": 125, ""height"": 156}}, ""hash"": ""Crew_8_CMD_Portrait_20240129_DSC_05381_1536x1920_7394d6cf71"", ""ext"": "".jpg"", ""mime"": ""image/jpeg"", ""size"": 357.17, ""url"": ""https://sxcontent9668.azureedge.us/cms-assets/assets/Crew_8_CMD_Portrait_20240129_DSC_05381_1536x1920_7394d6cf71.jpg"", ""previewUrl"": null, ""provider"": ""strapi-provider-upload-azure-storage"", ""provider_metadata"": null, ""folderPath"": ""/102/203"", ""createdAt"": ""2024-02-26T01:51:03.747Z"", ""updatedAt"": ""2024-02-26T01:51:03.747Z"", ""documentId"": ""c2r0aqytwd94ibpsdynvmgok"", ""locale"": null, ""publishedAt"": ""2024-10-21T16:04:39.469Z""}}, {""id"": 1174, ""name"": ""Michael Barratt"", ""bioLink"": ""https://www.nasa.gov/people/michael-reed-barratt/"", ""description"": null, ""portrait"": {""id"": 4008, ""name"": ""Crew_8_PLT_Portrait_20240129_DSC05138_1536x1920.jpg"", ""alternativeText"": null, ""caption"": null, ""width"": 1536, ""height"": 1920, ""formats"": {""large"": {""ext"": "".jpg"", ""url"": ""https://sxcontent9668.azureedge.us/cms-assets/assets/large_Crew_8_PLT_Portrait_20240129_DSC_05138_1536x1920_a5d0cd34b2.jpg"", ""hash"": ""large_Crew_8_PLT_Portrait_20240129_DSC_05138_1536x1920_a5d0cd34b2"", ""mime"": ""image/jpeg"", ""name"": ""large_Crew_8_PLT_Portrait_20240129_DSC05138_1536x1920.jpg"", ""path"": null, ""size"": 94.8, ""width"": 800, ""height"": 1000}, ""small"": {""ext"": "".jpg"", ""url"": ""https://sxcontent9668.azureedge.us/cms-assets/assets/small_Crew_8_PLT_Portrait_20240129_DSC_05138_1536x1920_a5d0cd34b2.jpg"", ""hash"": ""small_Crew_8_PLT_Portrait_20240129_DSC_05138_1536x1920_a5d0cd34b2"", ""mime"": ""image/jpeg"", ""name"": ""small_Crew_8_PLT_Portrait_20240129_DSC05138_1536x1920.jpg"", ""path"": null, ""size"": 27.85, ""width"": 400, ""height"": 500}, ""medium"": {""ext"": "".jpg"", ""url"": ""https://sxcontent9668.azureedge.us/cms-assets/assets/medium_Crew_8_PLT_Portrait_20240129_DSC_05138_1536x1920_a5d0cd34b2.jpg"", ""hash"": ""medium_Crew_8_PLT_Portrait_20240129_DSC_05138_1536x1920_a5d0cd34b2"", ""mime"": ""image/jpeg"", ""name"": ""medium_Crew_8_PLT_Portrait_20240129_DSC05138_1536x1920.jpg"", ""path"": null, ""size"": 55.71, ""width"": 600, ""height"": 750}, ""thumbnail"": {""ext"": "".jpg"", ""url"": ""https://sxcontent9668.azureedge.us/cms-assets/assets/thumbnail_Crew_8_PLT_Portrait_20240129_DSC_05138_1536x1920_a5d0cd34b2.jpg"", ""hash"": ""thumbnail_Crew_8_PLT_Portrait_20240129_DSC_05138_1536x1920_a5d0cd34b2"", ""mime"": ""image/jpeg"", ""name"": ""thumbnail_Crew_8_PLT_Portrait_20240129_DSC05138_1536x1920.jpg"", ""path"": null, ""size"": 4.87, ""width"": 125, ""height"": 156}}, ""hash"": ""Crew_8_PLT_Portrait_20240129_DSC_05138_1536x1920_a5d0cd34b2"", ""ext"": "".jpg"", ""mime"": ""image/jpeg"", ""size"": 351.35, ""url"": ""https://sxcontent9668.azureedge.us/cms-assets/assets/Crew_8_PLT_Portrait_20240129_DSC_05138_1536x1920_a5d0cd34b2.jpg"", ""previewUrl"": null, ""provider"": ""strapi-provider-upload-azure-storage"", ""provider_metadata"": null, ""folderPath"": ""/102/203"", ""createdAt"": ""2024-02-26T01:51:02.035Z"", ""updatedAt"": ""2024-02-26T01:51:02.035Z"", ""documentId"": ""ohs3xtilpte725fndfz15pyj"", ""locale"": null, ""publishedAt"": ""2024-10-21T16:04:39.469Z""}}, {""id"": 1175, ""name"": ""Jeanette Epps"", ""bioLink"": ""https://www.nasa.gov/people/jeanette-j-epps/"", ""description"": null, ""portrait"": {""id"": 4615, ""name"": ""Crew_8_MS1_Portrait_20240129_DSC05300_1536x1920.jpg"", ""alternativeText"": null, ""caption"": null, ""width"": 1536, ""height"": 1920, ""formats"": {""large"": {""ext"": "".jpg"", ""url"": ""https://sxcontent9668.azureedge.us/cms-assets/assets/large_Crew_8_MS_1_Portrait_20240129_DSC_05300_1536x1920_a57d6f2363.jpg"", ""hash"": ""large_Crew_8_MS_1_Portrait_20240129_DSC_05300_1536x1920_a57d6f2363"", ""mime"": ""image/jpeg"", ""name"": ""large_Crew_8_MS1_Portrait_20240129_DSC05300_1536x1920.jpg"", ""path"": null, ""size"": 93.46, ""width"": 800, ""height"": 1000}, ""small"": {""ext"": "".jpg"", ""url"": ""https://sxcontent9668.azureedge.us/cms-assets/assets/small_Crew_8_MS_1_Portrait_20240129_DSC_05300_1536x1920_a57d6f2363.jpg"", ""hash"": ""small_Crew_8_MS_1_Portrait_20240129_DSC_05300_1536x1920_a57d6f2363"", ""mime"": ""image/jpeg"", ""name"": ""small_Crew_8_MS1_Portrait_20240129_DSC05300_1536x1920.jpg"", ""path"": null, ""size"": 29.04, ""width"": 400, ""height"": 500}, ""medium"": {""ext"": "".jpg"", ""url"": ""https://sxcontent9668.azureedge.us/cms-assets/assets/medium_Crew_8_MS_1_Portrait_20240129_DSC_05300_1536x1920_a57d6f2363.jpg"", ""hash"": ""medium_Crew_8_MS_1_Portrait_20240129_DSC_05300_1536x1920_a57d6f2363"", ""mime"": ""image/jpeg"", ""name"": ""medium_Crew_8_MS1_Portrait_20240129_DSC05300_1536x1920.jpg"", ""path"": null, ""size"": 57.22, ""width"": 600, ""height"": 750}, ""thumbnail"": {""ext"": "".jpg"", ""url"": ""https://sxcontent9668.azureedge.us/cms-assets/assets/thumbnail_Crew_8_MS_1_Portrait_20240129_DSC_05300_1536x1920_a57d6f2363.jpg"", ""hash"": ""thumbnail_Crew_8_MS_1_Portrait_20240129_DSC_05300_1536x1920_a57d6f2363"", ""mime"": ""image/jpeg"", ""name"": ""thumbnail_Crew_8_MS1_Portrait_20240129_DSC05300_1536x1920.jpg"", ""path"": null, ""size"": 5.19, ""width"": 125, ""height"": 156}}, ""hash"": ""Crew_8_MS_1_Portrait_20240129_DSC_05300_1536x1920_a57d6f2363"", ""ext"": "".jpg"", ""mime"": ""image/jpeg"", ""size"": 292.08, ""url"": ""https://sxcontent9668.azureedge.us/cms-assets/assets/Crew_8_MS_1_Portrait_20240129_DSC_05300_1536x1920_a57d6f2363.jpg"", ""previewUrl"": null, ""provider"": ""strapi-provider-upload-azure-storage"", ""provider_metadata"": null, ""folderPath"": ""/102/203"", ""createdAt"": ""2024-02-26T01:51:04.662Z"", ""updatedAt"": ""2024-02-26T01:51:04.662Z"", ""documentId"": ""z0puf1erj7d0z2yof5j1o7xj"", ""locale"": null, ""publishedAt"": ""2024-10-21T16:04:39.469Z""}}, {""id"": 1176, ""name"": ""Alexander Grebenkin"", ""bioLink"": null, ""description"": null, ""portrait"": {""id"": 4708, ""name"": ""Crew_8_MS2_Portrait_20240129_DSC05795_1536x1920.jpg"", ""alternativeText"": null, ""caption"": null, ""width"": 1536, ""height"": 1920, ""formats"": {""large"": {""ext"": "".jpg"", ""url"": ""https://sxcontent9668.azureedge.us/cms-assets/assets/large_Crew_8_MS_2_Portrait_20240129_DSC_05795_1536x1920_3ee6f5ac0a.jpg"", ""hash"": ""large_Crew_8_MS_2_Portrait_20240129_DSC_05795_1536x1920_3ee6f5ac0a"", ""mime"": ""image/jpeg"", ""name"": ""large_Crew_8_MS2_Portrait_20240129_DSC05795_1536x1920.jpg"", ""path"": null, ""size"": 91.34, ""width"": 800, ""height"": 1000}, ""small"": {""ext"": "".jpg"", ""url"": ""https://sxcontent9668.azureedge.us/cms-assets/assets/small_Crew_8_MS_2_Portrait_20240129_DSC_05795_1536x1920_3ee6f5ac0a.jpg"", ""hash"": ""small_Crew_8_MS_2_Portrait_20240129_DSC_05795_1536x1920_3ee6f5ac0a"", ""mime"": ""image/jpeg"", ""name"": ""small_Crew_8_MS2_Portrait_20240129_DSC05795_1536x1920.jpg"", ""path"": null, ""size"": 27.11, ""width"": 400, ""height"": 500}, ""medium"": {""ext"": "".jpg"", ""url"": ""https://sxcontent9668.azureedge.us/cms-assets/assets/medium_Crew_8_MS_2_Portrait_20240129_DSC_05795_1536x1920_3ee6f5ac0a.jpg"", ""hash"": ""medium_Crew_8_MS_2_Portrait_20240129_DSC_05795_1536x1920_3ee6f5ac0a"", ""mime"": ""image/jpeg"", ""name"": ""medium_Crew_8_MS2_Portrait_20240129_DSC05795_1536x1920.jpg"", ""path"": null, ""size"": 54.2, ""width"": 600, ""height"": 750}, ""thumbnail"": {""ext"": "".jpg"", ""url"": ""https://sxcontent9668.azureedge.us/cms-assets/assets/thumbnail_Crew_8_MS_2_Portrait_20240129_DSC_05795_1536x1920_3ee6f5ac0a.jpg"", ""hash"": ""thumbnail_Crew_8_MS_2_Portrait_20240129_DSC_05795_1536x1920_3ee6f5ac0a"", ""mime"": ""image/jpeg"", ""name"": ""thumbnail_Crew_8_MS2_Portrait_20240129_DSC05795_1536x1920.jpg"", ""path"": null, ""size"": 4.8, ""width"": 125, ""height"": 156}}, ""hash"": ""Crew_8_MS_2_Portrait_20240129_DSC_05795_1536x1920_3ee6f5ac0a"", ""ext"": "".jpg"", ""mime"": ""image/jpeg"", ""size"": 317.17, ""url"": ""https://sxcontent9668.azureedge.us/cms-assets/assets/Crew_8_MS_2_Portrait_20240129_DSC_05795_1536x1920_3ee6f5ac0a.jpg"", ""previewUrl"": null, ""provider"": ""strapi-provider-upload-azure-storage"", ""provider_metadata"": null, ""folderPath"": ""/102/203"", ""createdAt"": ""2024-02-26T01:51:05.427Z"", ""updatedAt"": ""2024-02-26T01:51:05.427Z"", ""documentId"": ""rwnx3ommbiebrtxpae76mq6v"", ""locale"": null, ""publishedAt"": ""2024-10-21T16:04:39.469Z""}}]",1762018489827770675,x.com,False,2024-03-03 22:53:00,2024,True,True
2201,iv9p8q16cr3rajspyqg5h879,Starlink Mission,sl-6-40,final,starlink,Falcon 9,"SLC-40, Florida",2024-02-29,10:30:00,Droneship,,,,False,False,"On Thursday, February 29 at 10:30 a.m. ET, Falcon 9 launched 23 Starlink satellites to low-Earth orbit from Space Launch Complex 40 (SLC-40) at Cape Canaveral Space Force Station in Florida.

This was the 11th flight for the first stage booster supporting this mission, which previously launched CRS-26, OneWeb Launch 16, Intelsat IS-40e, O3b mPOWER, Ovzon 3, and now six Starlink missions.",,1761143626112061678,x.com,False,2024-02-29 10:30:00,2024,True,True
2189,d35x9bwo1h42n7kjkchtvblt,Starlink Mission,sl-6-39,final,starlink,Falcon 9,"SLC-40, Florida",2024-02-25,17:06:00,Droneship,,,,False,False,"On Sunday, February 25 at 5:06 p.m. ET, Falcon 9 launched 24 Starlink satellites to low-Earth orbit from Space Launch Complex 40 (SLC-40) at Cape Canaveral Space Force Station in Florida.

This was the 13th flight for the first stage booster supporting this mission, which previously launched CRS-24, Eutelsat HOTBIRD 13F, OneWeb 1, SES-18 and SES-19, and now nine Starlink missions.",,1761108026503901605,x.com,False,2024-02-25 17:06:00,2024,True,True
3257,yv6oci9rq1f7ocwn3w6eh4lc,Starlink Mission,sl-7-15,final,starlink,Falcon 9,"SLC-4E, California ",2024-02-22,20:11:00,Droneship,,,,False,False,"On Thursday, February 22 at 8:11 p.m. PT, Falcon 9 launched 22 Starlink satellites to low-Earth orbit from Space Launch Complex 4 East (SLC-4E) at Vandenberg Space Force Base in California.

This was the 19th flight for the first stage booster supporting this mission, which previously launched Crew-1, Crew-2, SXM-8, CRS-23, IXPE, Transporter-4, Transporter-5, Globalstar FM15, ISI EROS C-3, Korea 425, and now nine Starlink missions.",,1760359340354281689,x.com,False,2024-02-22 20:11:00,2024,True,True
1979,ac6b6v0bm6rsqulbgamfvhco,Telkomsat Merah Putih 2 Mission,merahputih2,final,commercialSatellite,Falcon 9,"SLC-40, Florida",2024-02-20,15:11:00,Droneship,,,,False,False,"On Tuesday, February 20 at 3:11 p.m. ET, Falcon 9 launched the Telkomsat Merah Putih 2 mission to geosynchronous transfer orbit from Space Launch Complex 40 (SLC-40) at Cape Canaveral Space Force Station in Florida.

This was the 17th launch of the first stage booster supporting this mission, which previously launched CRS-22, Crew-3, Turksat 5B, Crew-4, CRS-25, Eutelsat HOTBIRD 13G, mPOWER-a, PSN SATRIA, and eight Starlink missions.",,1759670157419651441,x.com,False,2024-02-20 15:11:00,2024,True,True
3256,hcw2n1qo500bodfxxj631pd1,Starlink Mission,sl-7-14,final,starlink,Falcon 9,"SLC-4E, California ",2024-02-15,13:34:00,Droneship,,,,False,False,"On Thursday, February 15 at 1:34 p.m. PT, Falcon 9 launched 22 Starlink satellites to low-Earth orbit from Space Launch Complex 4 East (SLC-4E) at Vandenberg Space Force Base in California.

This was the second flight for the first stage booster supporting this mission, which has now launched two Starlink missions.",,1757930029416382573,x.com,False,2024-02-15 13:34:00,2024,True,True
1952,bj8wlylyy4giknyxeahh7xb3,Intuitive Machines IM-1 Mission,im1,final,science,Falcon 9,"LC-39A, Florida",2024-02-15,01:05:00,Landing Zone,,,,False,False,"On Thursday, February 15 at 1:05 a.m. ET, SpaceX launched the Intuitive Machines IM-1 mission to lunar transfer orbit from Launch Complex 39A (LC-39A) at Kennedy Space Center in Florida.

This was the 18th flight of the first stage booster supporting this mission, which previously launched GPS III-3, Turksat 5A, Transporter-2, Intelsat G-33/G-34, Transporter-6, and 12 Starlink missions.",,1757987172035317818,x.com,False,2024-02-15 01:05:00,2024,True,True
1915,jn6qrrgb7m8boru1w6rasf4w,USSF-124 Mission,ussf124,final,nssl,Falcon 9,"SLC-40, Florida",2024-02-14,17:30:00,Landing Zone,,,,False,False,"On Wednesday, February 14 at 5:30 p.m. ET, Falcon 9 launched the USSF-124 mission to low-Earth orbit from Space Launch Complex 40 (SLC-40) at Cape Canaveral Space Force Station in Florida.

This was the seventh launch of the first stage booster, which previously supported Crew-6, SES O3b mPOWER, and four Starlink missions.",,1757890317888663999,x.com,False,2024-02-14 17:30:00,2024,True,True
3255,k3fb4myy4k9vzusu0ieoxp9a,Starlink Mission,sl-7-13,final,starlink,Falcon 9,"SLC-4E, California ",2024-02-09,16:34:00,Droneship,,,,False,False,"On Friday, February 9 at 4:34 p.m. PT, Falcon 9 launched 22 Starlink satellites to low-Earth orbit from Space Launch Complex 4 East (SLC-4E) at Vandenberg Space Force Base in California.

This was the 14th flight for the first stage booster supporting this mission, which previously launched NROL-87, NROL-85, SARah-1, SWOT, Transporter-8, Transporter-9, and now eight Starlink missions.",,1755764269524918319,x.com,False,2024-02-09 16:34:00,2024,True,True
2155,elava7vy90c7gspv8t0plpca,PACE Mission,pace,final,science,Falcon 9,"SLC-40, Florida",2024-02-08,01:33:00,Landing Zone,,,,False,False,"On Thursday, February 8 at 1:33 a.m. ET, Falcon 9 launched NASA’s PACE (Plankton, Aerosol, Cloud, ocean Ecosystem) mission to a sun-synchronous orbit from Space Launch Complex 40 (SLC-40) at Cape Canaveral Space Force Station in Florida.

This was the fourth flight of the first stage booster supporting this mission, which previously launched Crew-7, CRS-29, and one Starlink mission.",,,,False,2024-02-08 01:33:00,2024,True,True
2212,iladpuxaayzl4g2kjegtqvgd,NG-20 MISSION,ng-20,final,resupply,Falcon 9,"SLC-40, Florida",2024-01-30,12:07:00,Landing Zone,,,,False,False,"On Tuesday, January 30 at 12:07 p.m. ET, Falcon 9 launched Northrop Grumman’s 20th Commercial Resupply Services mission (NG-20) to the International Space Station from Space Complex 40 (SLC-40) at Cape Canaveral Space Force Station in Florida.

This was the tenth flight of the first stage booster supporting this mission, which previously launched Crew-5, GPS III Space Vehicle 06, Inmarsat I6-F2, CRS-28, Intelsat G-37, and four Starlink missions.",,1752144147103055918,x.com,False,2024-01-30 12:07:00,2024,True,True
3261,uadcicz5jlf45mubssba4low,Starlink Mission,sl-7-12,final,starlink,Falcon 9,"SLC-40, Florida",2024-01-29,01:57:00,Droneship,,,,False,False,"On Monday, January 29 at 1:57 a.m. ET, Falcon 9 launched 22 Starlink satellites to low-Earth orbit from Space Launch Complex 40 (SLC-40) at Cape Canaveral Space Force Station in Florida.

This was the ninth flight for the first stage booster supporting this mission, which previously launched SDA-0A, SARah-2, and now seven Starlink missions.",,1751851132073497066,x.com,False,2024-01-29 01:57:00,2024,True,True
2127,s7ceh2sxe83pjz6u1tqt4gzu,Starlink Mission,sl-6-38,final,starlink,Falcon 9,"SLC-40, Florida",2024-01-28,20:10:00,Droneship,,,,False,False,"On Sunday, January 28 at 8:10 p.m. ET, Falcon 9 launched 23 Starlink satellites to low-Earth orbit from Space Launch Complex 40 (SLC-40) at Cape Canaveral Space Force Station in Florida.

This is the 18th flight for the first stage booster supporting this mission, which previously launched GPS III Space Vehicle 04, GPS III Space Vehicle 05, Inspiration4, Ax-1, Nilesat 301, OneWeb Launch 17, ARABSAT BADR-8, and now 11 Starlink missions.",,,,False,2024-01-28 20:10:00,2024,True,True
3254,ukm2h7yci6la4mrsarcp001w,Starlink Mission,sl-7-11,final,starlink,Falcon 9,"SLC-4E, California ",2024-01-23,16:35:00,Droneship,,,,False,False,"On Tuesday, January 23 at 4:35 p.m. PT, Falcon 9 launched 22 Starlink satellites to low-Earth orbit from Space Launch Complex 4 East (SLC-4E) at Vandenberg Space Force Base in California.

This was the 16th flight for the first stage booster supporting this mission, which previously launched Sentinel-6 Michael Freilich, DART, Transporter-7, Iridium OneWeb, SDA-0B, and now 11 Starlink missions.",,,,False,2024-01-23 16:35:00,2024,True,True
3160,ecbicit0xi828ymxhi085moo,Ax-3 Mission,ax3,final,hsf,Falcon 9,"LC-39A, Florida",2024-01-18,16:49:00,Landing Zone,,2024-02-09,08:30:00,False,False,"On Thursday, January 18 at 4:49 p.m. ET, Falcon 9 launched Axiom Space's Axiom Mission 3 (Ax-3) to the International Space Station from Launch Complex 39A (LC-39A) at NASA's Kennedy Space Center in Florida. Dragon docked with the space station at 5:42 a.m. ET on Saturday, January 20.

After 21 days in space, Dragon and the Ax-3 astronauts returned to Earth, splashing down off the coast of Floridaon Friday, February 9 at 8:30 a.m. ET.

This was the third flight for the Dragon spacecraft supporting this mission, which previously flew NASA's Crew-4 and Ax-2 to and from the space station. This was the fifth flight for the Falcon 9 booster supporting this mission, which previously launched Ax-2, Euclid, and two Starlink missions.","[{""id"": 1099, ""name"": ""Michael L\u00f3pez-Alegr\u00eda"", ""bioLink"": ""https://www.axiomspace.com/astronaut/michael-lopez-alegria"", ""description"": ""Commander"", ""portrait"": {""id"": 4019, ""name"": ""SPACEX_AX-3_Portrait-MLA_DSC08916_F1_1536x1920.jpg"", ""alternativeText"": null, ""caption"": null, ""width"": 1536, ""height"": 1920, ""formats"": {""large"": {""ext"": "".jpg"", ""url"": ""https://sxcontent9668.azureedge.us/cms-assets/assets/large_SPACEX_AX_3_Portrait_MLA_DSC_08916_F1_1536x1920_7718d5559e.jpg"", ""hash"": ""large_SPACEX_AX_3_Portrait_MLA_DSC_08916_F1_1536x1920_7718d5559e"", ""mime"": ""image/jpeg"", ""name"": ""large_SPACEX_AX-3_Portrait-MLA_DSC08916_F1_1536x1920.jpg"", ""path"": null, ""size"": 76.38, ""width"": 800, ""height"": 1000}, ""small"": {""ext"": "".jpg"", ""url"": ""https://sxcontent9668.azureedge.us/cms-assets/assets/small_SPACEX_AX_3_Portrait_MLA_DSC_08916_F1_1536x1920_7718d5559e.jpg"", ""hash"": ""small_SPACEX_AX_3_Portrait_MLA_DSC_08916_F1_1536x1920_7718d5559e"", ""mime"": ""image/jpeg"", ""name"": ""small_SPACEX_AX-3_Portrait-MLA_DSC08916_F1_1536x1920.jpg"", ""path"": null, ""size"": 24.19, ""width"": 400, ""height"": 500}, ""medium"": {""ext"": "".jpg"", ""url"": ""https://sxcontent9668.azureedge.us/cms-assets/assets/medium_SPACEX_AX_3_Portrait_MLA_DSC_08916_F1_1536x1920_7718d5559e.jpg"", ""hash"": ""medium_SPACEX_AX_3_Portrait_MLA_DSC_08916_F1_1536x1920_7718d5559e"", ""mime"": ""image/jpeg"", ""name"": ""medium_SPACEX_AX-3_Portrait-MLA_DSC08916_F1_1536x1920.jpg"", ""path"": null, ""size"": 46.69, ""width"": 600, ""height"": 750}, ""thumbnail"": {""ext"": "".jpg"", ""url"": ""https://sxcontent9668.azureedge.us/cms-assets/assets/thumbnail_SPACEX_AX_3_Portrait_MLA_DSC_08916_F1_1536x1920_7718d5559e.jpg"", ""hash"": ""thumbnail_SPACEX_AX_3_Portrait_MLA_DSC_08916_F1_1536x1920_7718d5559e"", ""mime"": ""image/jpeg"", ""name"": ""thumbnail_SPACEX_AX-3_Portrait-MLA_DSC08916_F1_1536x1920.jpg"", ""path"": null, ""size"": 4.26, ""width"": 125, ""height"": 156}}, ""hash"": ""SPACEX_AX_3_Portrait_MLA_DSC_08916_F1_1536x1920_7718d5559e"", ""ext"": "".jpg"", ""mime"": ""image/jpeg"", ""size"": 247.27, ""url"": ""https://sxcontent9668.azureedge.us/cms-assets/assets/SPACEX_AX_3_Portrait_MLA_DSC_08916_F1_1536x1920_7718d5559e.jpg"", ""previewUrl"": null, ""provider"": ""strapi-provider-upload-azure-storage"", ""provider_metadata"": null, ""folderPath"": ""/102/184"", ""createdAt"": ""2024-01-14T10:21:59.321Z"", ""updatedAt"": ""2024-01-14T10:21:59.321Z"", ""documentId"": ""la7jj7l2w8i3wru0s6mddgae"", ""locale"": null, ""publishedAt"": ""2024-10-21T16:04:39.469Z""}}, {""id"": 1100, ""name"": ""Walter Villadei "", ""bioLink"": ""https://www.axiomspace.com/astronaut/walter-villadei"", ""description"": ""Pilot"", ""portrait"": {""id"": 4722, ""name"": ""SPACEX_AX-3_Portrait-WV_DSC09056_F1_1536x1920.jpg"", ""alternativeText"": null, ""caption"": null, ""width"": 1536, ""height"": 1920, ""formats"": {""large"": {""ext"": "".jpg"", ""url"": ""https://sxcontent9668.azureedge.us/cms-assets/assets/large_SPACEX_AX_3_Portrait_WV_DSC_09056_F1_1536x1920_7e86bc4eb7.jpg"", ""hash"": ""large_SPACEX_AX_3_Portrait_WV_DSC_09056_F1_1536x1920_7e86bc4eb7"", ""mime"": ""image/jpeg"", ""name"": ""large_SPACEX_AX-3_Portrait-WV_DSC09056_F1_1536x1920.jpg"", ""path"": null, ""size"": 76.36, ""width"": 800, ""height"": 1000}, ""small"": {""ext"": "".jpg"", ""url"": ""https://sxcontent9668.azureedge.us/cms-assets/assets/small_SPACEX_AX_3_Portrait_WV_DSC_09056_F1_1536x1920_7e86bc4eb7.jpg"", ""hash"": ""small_SPACEX_AX_3_Portrait_WV_DSC_09056_F1_1536x1920_7e86bc4eb7"", ""mime"": ""image/jpeg"", ""name"": ""small_SPACEX_AX-3_Portrait-WV_DSC09056_F1_1536x1920.jpg"", ""path"": null, ""size"": 24.21, ""width"": 400, ""height"": 500}, ""medium"": {""ext"": "".jpg"", ""url"": ""https://sxcontent9668.azureedge.us/cms-assets/assets/medium_SPACEX_AX_3_Portrait_WV_DSC_09056_F1_1536x1920_7e86bc4eb7.jpg"", ""hash"": ""medium_SPACEX_AX_3_Portrait_WV_DSC_09056_F1_1536x1920_7e86bc4eb7"", ""mime"": ""image/jpeg"", ""name"": ""medium_SPACEX_AX-3_Portrait-WV_DSC09056_F1_1536x1920.jpg"", ""path"": null, ""size"": 46.59, ""width"": 600, ""height"": 750}, ""thumbnail"": {""ext"": "".jpg"", ""url"": ""https://sxcontent9668.azureedge.us/cms-assets/assets/thumbnail_SPACEX_AX_3_Portrait_WV_DSC_09056_F1_1536x1920_7e86bc4eb7.jpg"", ""hash"": ""thumbnail_SPACEX_AX_3_Portrait_WV_DSC_09056_F1_1536x1920_7e86bc4eb7"", ""mime"": ""image/jpeg"", ""name"": ""thumbnail_SPACEX_AX-3_Portrait-WV_DSC09056_F1_1536x1920.jpg"", ""path"": null, ""size"": 4.53, ""width"": 125, ""height"": 156}}, ""hash"": ""SPACEX_AX_3_Portrait_WV_DSC_09056_F1_1536x1920_7e86bc4eb7"", ""ext"": "".jpg"", ""mime"": ""image/jpeg"", ""size"": 251.41, ""url"": ""https://sxcontent9668.azureedge.us/cms-assets/assets/SPACEX_AX_3_Portrait_WV_DSC_09056_F1_1536x1920_7e86bc4eb7.jpg"", ""previewUrl"": null, ""provider"": ""strapi-provider-upload-azure-storage"", ""provider_metadata"": null, ""folderPath"": ""/102/184"", ""createdAt"": ""2024-01-14T10:21:59.065Z"", ""updatedAt"": ""2024-01-14T10:21:59.065Z"", ""documentId"": ""n95p1ehn6glqrafzwpm4nrdi"", ""locale"": null, ""publishedAt"": ""2024-10-21T16:04:39.469Z""}}, {""id"": 1101, ""name"": ""Alper Gezeravc\u0131 "", ""bioLink"": ""https://www.axiomspace.com/astronaut/alper-gezeravci"", ""description"": ""Mission Specialist"", ""portrait"": {""id"": 4738, ""name"": ""AX-3_Portrait-AG_DSC09201_1536x1920.jpg"", ""alternativeText"": null, ""caption"": null, ""width"": 1536, ""height"": 1920, ""formats"": {""large"": {""ext"": "".jpg"", ""url"": ""https://sxcontent9668.azureedge.us/cms-assets/assets/large_AX_3_Portrait_AG_DSC_09201_1536x1920_53550d1353.jpg"", ""hash"": ""large_AX_3_Portrait_AG_DSC_09201_1536x1920_53550d1353"", ""mime"": ""image/jpeg"", ""name"": ""large_AX-3_Portrait-AG_DSC09201_1536x1920.jpg"", ""path"": null, ""size"": 75.63, ""width"": 800, ""height"": 1000}, ""small"": {""ext"": "".jpg"", ""url"": ""https://sxcontent9668.azureedge.us/cms-assets/assets/small_AX_3_Portrait_AG_DSC_09201_1536x1920_53550d1353.jpg"", ""hash"": ""small_AX_3_Portrait_AG_DSC_09201_1536x1920_53550d1353"", ""mime"": ""image/jpeg"", ""name"": ""small_AX-3_Portrait-AG_DSC09201_1536x1920.jpg"", ""path"": null, ""size"": 24.56, ""width"": 400, ""height"": 500}, ""medium"": {""ext"": "".jpg"", ""url"": ""https://sxcontent9668.azureedge.us/cms-assets/assets/medium_AX_3_Portrait_AG_DSC_09201_1536x1920_53550d1353.jpg"", ""hash"": ""medium_AX_3_Portrait_AG_DSC_09201_1536x1920_53550d1353"", ""mime"": ""image/jpeg"", ""name"": ""medium_AX-3_Portrait-AG_DSC09201_1536x1920.jpg"", ""path"": null, ""size"": 46.7, ""width"": 600, ""height"": 750}, ""thumbnail"": {""ext"": "".jpg"", ""url"": ""https://sxcontent9668.azureedge.us/cms-assets/assets/thumbnail_AX_3_Portrait_AG_DSC_09201_1536x1920_53550d1353.jpg"", ""hash"": ""thumbnail_AX_3_Portrait_AG_DSC_09201_1536x1920_53550d1353"", ""mime"": ""image/jpeg"", ""name"": ""thumbnail_AX-3_Portrait-AG_DSC09201_1536x1920.jpg"", ""path"": null, ""size"": 4.44, ""width"": 125, ""height"": 156}}, ""hash"": ""AX_3_Portrait_AG_DSC_09201_1536x1920_53550d1353"", ""ext"": "".jpg"", ""mime"": ""image/jpeg"", ""size"": 234.78, ""url"": ""https://sxcontent9668.azureedge.us/cms-assets/assets/AX_3_Portrait_AG_DSC_09201_1536x1920_53550d1353.jpg"", ""previewUrl"": null, ""provider"": ""strapi-provider-upload-azure-storage"", ""provider_metadata"": null, ""folderPath"": ""/102/184"", ""createdAt"": ""2024-01-14T10:21:58.407Z"", ""updatedAt"": ""2024-01-14T10:21:58.407Z"", ""documentId"": ""rrjz37mywii7unhbl7awdru4"", ""locale"": null, ""publishedAt"": ""2024-10-21T16:04:39.469Z""}}, {""id"": 1102, ""name"": ""Marcus Wandt"", ""bioLink"": ""https://www.axiomspace.com/astronaut/marcus-wandt"", ""description"": ""Mission Specialist"", ""portrait"": {""id"": 4733, ""name"": ""SPACEX_AX-3_Portrait-MW_DSC09451_F1_1536x1920.jpg"", ""alternativeText"": null, ""caption"": null, ""width"": 1536, ""height"": 1920, ""formats"": {""large"": {""ext"": "".jpg"", ""url"": ""https://sxcontent9668.azureedge.us/cms-assets/assets/large_SPACEX_AX_3_Portrait_MW_DSC_09451_F1_1536x1920_fd9c465628.jpg"", ""hash"": ""large_SPACEX_AX_3_Portrait_MW_DSC_09451_F1_1536x1920_fd9c465628"", ""mime"": ""image/jpeg"", ""name"": ""large_SPACEX_AX-3_Portrait-MW_DSC09451_F1_1536x1920.jpg"", ""path"": null, ""size"": 75.69, ""width"": 800, ""height"": 1000}, ""small"": {""ext"": "".jpg"", ""url"": ""https://sxcontent9668.azureedge.us/cms-assets/assets/small_SPACEX_AX_3_Portrait_MW_DSC_09451_F1_1536x1920_fd9c465628.jpg"", ""hash"": ""small_SPACEX_AX_3_Portrait_MW_DSC_09451_F1_1536x1920_fd9c465628"", ""mime"": ""image/jpeg"", ""name"": ""small_SPACEX_AX-3_Portrait-MW_DSC09451_F1_1536x1920.jpg"", ""path"": null, ""size"": 24.03, ""width"": 400, ""height"": 500}, ""medium"": {""ext"": "".jpg"", ""url"": ""https://sxcontent9668.azureedge.us/cms-assets/assets/medium_SPACEX_AX_3_Portrait_MW_DSC_09451_F1_1536x1920_fd9c465628.jpg"", ""hash"": ""medium_SPACEX_AX_3_Portrait_MW_DSC_09451_F1_1536x1920_fd9c465628"", ""mime"": ""image/jpeg"", ""name"": ""medium_SPACEX_AX-3_Portrait-MW_DSC09451_F1_1536x1920.jpg"", ""path"": null, ""size"": 46.52, ""width"": 600, ""height"": 750}, ""thumbnail"": {""ext"": "".jpg"", ""url"": ""https://sxcontent9668.azureedge.us/cms-assets/assets/thumbnail_SPACEX_AX_3_Portrait_MW_DSC_09451_F1_1536x1920_fd9c465628.jpg"", ""hash"": ""thumbnail_SPACEX_AX_3_Portrait_MW_DSC_09451_F1_1536x1920_fd9c465628"", ""mime"": ""image/jpeg"", ""name"": ""thumbnail_SPACEX_AX-3_Portrait-MW_DSC09451_F1_1536x1920.jpg"", ""path"": null, ""size"": 4.31, ""width"": 125, ""height"": 156}}, ""hash"": ""SPACEX_AX_3_Portrait_MW_DSC_09451_F1_1536x1920_fd9c465628"", ""ext"": "".jpg"", ""mime"": ""image/jpeg"", ""size"": 247.88, ""url"": ""https://sxcontent9668.azureedge.us/cms-assets/assets/SPACEX_AX_3_Portrait_MW_DSC_09451_F1_1536x1920_fd9c465628.jpg"", ""previewUrl"": null, ""provider"": ""strapi-provider-upload-azure-storage"", ""provider_metadata"": null, ""folderPath"": ""/102/184"", ""createdAt"": ""2024-01-14T10:21:59.852Z"", ""updatedAt"": ""2024-01-14T10:21:59.852Z"", ""documentId"": ""cik0lh8q48qopq4hgjef0w6n"", ""locale"": null, ""publishedAt"": ""2024-10-21T16:04:39.469Z""}}]",1755766537779335342,x.com,False,2024-01-18 16:49:00,2024,True,True
2110,y718tcq8xzdxauq72fflv12z,Starlink Mission,sl-6-37,final,starlink,Falcon 9,"SLC-40, Florida",2024-01-14,19:15:00,Droneship,,,,False,False,"On Sunday, January 14 at 8:52 p.m. ET, Falcon 9 launched 23 Starlink satellites to low-Earth orbit from Space Launch Complex 40 (SLC-40) at Cape Canaveral Space Force Station in Florida.

This was the 12th flight for the first stage booster supporting this mission, which previously launched SES-22, ispace’s HAKUTO-R Mission 1, Hispasat Amazonas Nexus, CRS-27, and now eights Starlink missions.",,1745682817873490091,x.com,False,2024-01-14 19:15:00,2024,True,True
3253,eyykn9r9iyuz2p2ll4dcry7v,Starlink Mission,sl-7-10,final,starlink,Falcon 9,"SLC-4E, California ",2024-01-14,00:59:00,Droneship,,,,False,False,"On Sunday, January 14 at 12:59 a.m. PT, Falcon 9 launched 22 Starlink satellites to low-Earth orbit from Space Launch Complex 4 East (SLC-4E) at Vandenberg Space Force Base in California.

This was the 18th flight for the first stage booster supporting this mission, which previously launched Crew-1, Crew-2, SXM-8, CRS-23, IXPE, Transporter-4, Transporter-5, Globalstar FM15, ISI EROS C-3, Korea 425, and now eight Starlink missions.",,1746093677787967987,x.com,False,2024-01-14 00:59:00,2024,True,True
2173,t1gxbfuahof5udde7hurz6r3,Starlink Mission,sl-6-35,final,starlink,Falcon 9,"SLC-40, Florida",2024-01-07,17:35:00,Droneship,,,,False,False,"On Sunday, January 7 at 5:35 p.m. ET, Falcon 9 launched 23 Starlink satellites to low-Earth orbit from Space Launch Complex 40 (SLC-40) at Cape Canaveral Space Force Station in Florida.

This was the 16th flight for the first stage booster supporting this mission, which previously launched CRS-22, Crew-3, Turksat 5B, Crew-4, CRS-25, Eutelsat HOTBIRD 13G, mPOWER-a, PSN SATRIA, and now eight Starlink missions.",,1743280632942514402,x.com,False,2024-01-07 17:35:00,2024,True,True
1672,chou4vpm3ft4fth5awgcioe0,Ovzon 3 Mission,ovzon3,final,commercialSatellite,Falcon 9,"SLC-40, Florida",2024-01-03,18:00:00,Landing Zone,,,,False,False,"On Wednesday, January 3 at 6:04 p.m. ET, SpaceX launched the Ovzon 3 mission to geosynchronous transfer orbit from Space Launch Complex 40 (SLC-40) at Cape Canaveral Space Force Station in Florida.

This was the 10th flight of the first stage booster supporting this mission, which previously launched CRS-26, OneWeb Launch 16, Intelsat IS-40e, O3b mPOWER, and five Starlink missions.",,1742306814170222832,x.com,False,2024-01-03 18:00:00,2024,True,True
1711,vp75n7g59li1fm5vsvp26ihy,Starlink Mission,sl-7-9,final,starlink,Falcon 9,"SLC-40, Florida",2024-01-02,19:44:00,Droneship,,,,True,False,"On Tuesday, January 2 at 7:44 p.m. PT, Falcon 9 launched 21 Starlink satellites to low-Earth orbit from Space Launch Complex 4 East (SLC-4E) at Vandenberg Space Force Base in California.

This was the first flight for the first stage booster supporting this mission.

This launch included the first six Starlink satellites with Direct to Cell capabilities that enable mobile network operators around the world to provide seamless global access to texting, calling, and browsing wherever you may be on land, lakes, or coastal waters without changing hardware or firmware. The enhanced Starlink satellites have an advanced modem that acts as a cellphone tower in space, eliminating deadzones with network integration similar to a standard roaming partner.

Global cellular providers using Direct to Cell
to gain reciprocal access in all partner nations include T-Mobile in the U.S., Rogers in Canada, KDDI in Japan, Optus in Australia, One NZ in New Zealand, Salt in Switzerland, and Entel in Chile and Peru.",,1739727403910652117,x.com,False,2024-01-02 19:44:00,2024,True,True
2108,edfftfwgtokb1gu0cfozslw6,Starlink Mission,sl-6-36,final,starlink,Falcon 9,"SLC-40, Florida",2023-12-28,23:01:00,Droneship,,,,False,False,"On Thursday, December 28 at 11:01 p.m. ET, Falcon 9 launched 23 Starlink satellites to low-Earth orbit from Space Launch Complex 40 (SLC-40) at Cape Canaveral Space Force Station in Florida.

This was the 12th flight for the first stage booster supporting this mission, which previously launched CRS-24, Eutelsat HOTBIRD 13F, OneWeb 1, SES-18 and SES-19, and now eight Starlink missions.",,1740100003891462396,x.com,False,2023-12-28 23:01:00,2023,True,True
1933,j3i2iqmbg89nyki6n7weydyh,USSF-52 Mission,ussf52,final,nssl,Falcon Heavy,"LC-39A, Florida",2023-12-28,20:07:00,Landing Zone / Expended,,,,False,False,"On Thursday, December 28 at 8:07 p.m. ET, Falcon Heavy launched the USSF-52 mission to orbit from Launch Complex 39A (LC-39A) at Kennedy Space Center in Florida.

This was the fifth launch and landing of these Falcon Heavy side boosters, which previously supported USSF-44, USSF-67, Hughes JUPTER 3, and NASA’s Psyche mission.",,1739719161834856640,x.com,False,2023-12-28 20:07:00,2023,True,True
1674,k60vfovetvd403n3pv1ztvmg,SARah-2 Mission,sarah-2,final,commercialSatellite,Falcon 9,"SLC-4E, California",2023-12-24,05:00:00,Landing Zone,,,,False,False,"On Sunday, December 24 at 5:11 a.m. PT, SpaceX launched the SARah-2 mission low-Earth orbit from Space Launch Complex 4 East (SLC-4E) at Vandenberg Space Force Base in California.

This was the eighth flight of the first stage booster supporting this mission, which previously launched SDA-0A and six Starlink missions.",,1738322990214099340,x.com,False,2023-12-24 05:00:00,2023,True,True
2147,z5mwjhgob8mez4jj1nxp0xcv,Starlink Mission,sl-6-32,final,starlink,Falcon 9,"SLC-40, Florida",2023-12-23,00:33:00,Droneship,,,,False,False,"On Saturday, December 23 at 12:33 a.m. ET, Falcon 9 launched 23 Starlink satellites to low-Earth orbit from Space Launch Complex 40 (SLC-40) at Cape Canaveral Space Force Station in Florida.

This was the 19th flight for the first stage booster supporting this mission, which previously launched Crew Demo-2, ANASIS-11, CRS-21, Transporter-1, Transporter-3, and now 14 Starlink missions.",,1738376640181489912,x.com,False,2023-12-23 00:33:00,2023,True,True
2172,jpiwawhekukxohlc3kg78suy,Starlink Mission,sl-6-34,final,starlink,Falcon 9,"SLC-40, Florida",2023-12-18,23:01:00,Droneship,,,,False,False,"On Monday, December 18 at 11:01 p.m. ET, Falcon 9 launched 23 Starlink satellites to low-Earth orbit from Space Launch Complex 40 (SLC-40) at Cape Canaveral Space Force Station in Florida.

This was the third flight for the first stage booster supporting this mission, which previously launched Crew-7, CRS-29, and now one Starlink mission.",,1736827175356313788,x.com,False,2023-12-18 23:01:00,2023,True,True
3252,etju3fzq4kkpieyqjptwahni,Starlink Mission,sl-7-8,final,starlink,Falcon 9,"SLC-4E, California ",2023-12-08,00:03:00,Droneship,,,,False,False,"On Friday, December 8 at 12:03 a.m. PT, Falcon 9 launched 22 Starlink satellites to low-Earth orbit from Space Launch Complex 4 East (SLC-4E) at Vandenberg Space Force Base in California.

This was the 13th flight for the first stage booster supporting this mission, which previously launched NROL-87, NROL-85, SARah-1, SWOT, Transporter-8, Transporter-9, and now seven Starlink missions.",,1732458862656037316,x.com,False,2023-12-08 00:03:00,2023,True,True
2111,yhjo4cj5gmf8hpdvs0143h14,Starlink Mission,sl-6-33,final,starlink,Falcon 9,"SLC-40, Florida",2023-12-07,00:07:00,Droneship,,,,False,False,"On Thursday, December 7 at 12:07 a.m. ET, Falcon 9 launched 23 Starlink satellites to low-Earth orbit from Space Launch Complex 40 (SLC-40) at Cape Canaveral Space Force Station in Florida.

This was the ninth flight for the first stage booster supporting this mission, which previously launched Crew-5, GPS III Space Vehicle 06, Inmarsat I6-F2, CRS-28, Intelsat G-37, and now four Starlink missions.",,1732554229309689978,x.com,False,2023-12-07 00:07:00,2023,True,True
2568,n3w647hxdvxttzf2yicp2fsy,Starlink Mission,sl-6-31,final,starlink,Falcon 9,"SLC-40, Florida",2023-12-02,23:00:00,Droneship,,,,False,False,"On Saturday, December 2 at 11:00 p.m. ET, Falcon 9 launched 23 Starlink satellites to low-Earth orbit from Space Launch Complex 40 (SLC-40) at Cape Canaveral Space Force Station in Florida.

This was the sixth flight for the first stage booster supporting this mission, which previously launched Crew-6, SES O3b mPOWER, and now four Starlink missions.",,1730972818303770818,x.com,False,2023-12-02 23:00:00,2023,True,True
3210,ajehfdiui3od8xfxccxg8u09,Korea 425 Mission,korea425,final,commercialSatellite,Falcon 9,"SLC-4E, California",2023-12-01,10:19:00,Landing Zone,,,,False,False,"On Friday, December 1 at 10:19 a.m. PT, Falcon 9 launched the Korea 425 mission to low-Earth orbit from Space Launch Complex 4 East (SLC-4E) at Vandenberg Space Force Base in California. There were a total of 25 spacecraft on board this mission, including KOREA's 425, Space BD’s ISL48, SITAEL’s microHETSat, D-Orbit’s ION SCV Daring Diego, York Space Systems’ Bane, and PlanetIQ’s GNOMES-4.

This was the 17th flight of the first stage booster supporting this mission, which previously launched Crew-1, Crew-2, SXM-8, CRS-23, IXPE, Transporter-4, Transporter-5, Globalstar FM15, ISI EROS C-3, and seven Starlink missions.",,1730644175304225114,x.com,False,2023-12-01 10:19:00,2023,True,True
2198,kpofdawp5rex50cvfjbhfwdx,Starlink Mission,sl-6-30,final,starlink,Falcon 9,"SLC-40, Florida",2023-11-27,23:20:00,Droneship,,,,False,False,"On Monday, November 27 at 11:20 p.m. ET, Falcon 9 launched 23 Starlink satellites to low-Earth orbit from Space Launch Complex 40 (SLC-40) at Cape Canaveral Space Force Station in Florida.

This was the 17th flight for the first stage booster supporting this mission, which previously launched GPS III Space Vehicle 04, GPS III Space Vehicle 05, Inspiration4, Ax-1, Nilesat 301, OneWeb Launch 17, ARABSAT BADR-8, and now 10 Starlink missions.",,1729250817977569317,x.com,False,2023-11-27 23:20:00,2023,True,True
2188,h85im9voyhtvn6azjmh9f2i3,Starlink Mission,sl-6-29,final,starlink,Falcon 9,"SLC-40, Florida",2023-11-22,02:47:00,Droneship,,,,False,False,"On Wednesday, November 22 at 2:47 a.m. ET, Falcon 9 launched 23 Starlink satellites to low-Earth orbit from Space Launch Complex 40 (SLC-40) at Cape Canaveral Space Force Station in Florida.

This was the 15th flight for the first stage booster supporting this mission, which previously launched CRS-22, Crew-3, Turksat 5B, Crew-4, CRS-25, Eutelsat HOTBIRD 13G, mPOWER-a, PSN SATRIA, and now seven Starlink missions.",,1727218057263849753,x.com,False,2023-11-22 02:47:00,2023,True,True
3251,ijtv4oryv0p8o6oxqbdxgwnd,Starlink Mission,sl-7-7,final,starlink,Falcon 9,"SLC-4E, California ",2023-11-20,02:30:00,Droneship,,,,False,False,"On Monday, November 20 at 2:30 a.m. PT, Falcon 9 launched 22 Starlink satellites to low-Earth orbit from Space Launch Complex 4 East (SLC-4E) at Vandenberg Space Force Base in California.

This was the 15th flight for the first stage booster supporting this mission, which previously launched Sentinel-6 Michael Freilich, DART, Transporter-7, Iridium OneWeb, SDA-0B, and 10 Starlink missions.",,1726195067055149208,x.com,False,2023-11-20 02:30:00,2023,True,True
3743,eqs3oqfvm7otblakmu1tjbw9,Starship's Second Flight Test,starship-flight-2,final,starship,Starship,"Pad 1, Starbase",2023-11-18,07:00:00,Expended,,,,False,False,"Starship returned to integrated flight testing with its second launch from Starbase in Texas. While it didn’t happen in a lab or on a test stand, it was absolutely a test. What we did with this second flight will provide invaluable data to continue rapidly developing Starship.

On November 18, 2023, Starship successfully lifted off at 7:02 a.m. CT from Starbase in Texas and achieved a number of major milestones:

All 33 Raptor engines on the Super Heavy Booster started up successfully and, for the first time, completed a full-duration burn during ascent.

Starship executed a successful hot-stage separation, powering down all but three of Super Heavy’s Raptor engines and successfully igniting the six second stage Raptor engines before separating the vehicles. This was the first time this technique has been done successfully with a vehicle of this size.

Following separation, the Super Heavy booster successfully completed its flip maneuver and initiated the boostback burn before it experienced a rapid unscheduled disassembly. The vehicle breakup occurred more than three and a half minutes into the flight at an altitude of ~90 km over the Gulf of Mexico.

Starship's six second stage Raptor engines all started successfully and powered the vehicle to an altitude of ~150 km and a velocity of ~24,000 km/h, becoming the first Starship to reach outer space and nearly completing its full-duration burn.

The flight test’s conclusion came when telemetry was lost near the end of second stage burn prior to engine cutoff after more than eight minutes of flight. The team verified a safe command destruct was appropriately triggered based on available vehicle performance data.

The water-cooled flame deflector and other pad upgrades performed as expected, requiring minimal post-launch work to be ready for upcoming vehicle tests and the next integrated flight test.

With a test like this, success comes from what we learn, and this flight test will help us improve Starship’s reliability as SpaceX seeks to make life multiplanetary. Data review is ongoing as we look for improvements to make for the next flight. The team at Starbase is already working final preparations on the vehicles slated for use in Starship’s third flight test, with Ship and Booster static fires coming up next.

Thank you to our customers, Cameron County, spaceflight fans, and the wider community for the continued support and encouragement. And congratulations to the entire SpaceX team on an exciting second flight test of Starship!",,1725637151176659003,x.com,False,2023-11-18 07:00:00,2023,True,True
2105,r5s6h8rpq218adwx9sogrcuj,Starlink Mission,sl-6-28,final,starlink,Falcon 9,"SLC-40, Florida",2023-11-18,00:05:00,Droneship,,,,False,False,"On Saturday, November 18 at 12:05 a.m. ET, Falcon 9 launched 23 Starlink satellites to low-Earth orbit from Space Launch Complex 40 (SLC-40) at Cape Canaveral Space Force Station in Florida.

This is the 11th flight for the first stage booster supporting this mission, which previously launched CRS-24, Eutelsat HOTBIRD 13F, OneWeb 1, SES-18 and SES-19, and now seven Starlink missions.",,1725193534788288741,x.com,False,2023-11-18 00:05:00,2023,True,True
1707,b8idv7ih17a9pzjodaei221o,SES O3b mPOWER Mission,mpower-c,final,commercialSatellite,Falcon 9,"SLC-40, Florida",2023-11-12,16:08:00,Droneship,,,,False,False,"On Sunday, November 12 at 4:08 p.m. ET, SpaceX launched the SES O3b mPOWER mission to medium-Earth orbit from Space Launch Complex 40 (SLC-40) at Cape Canaveral Space Force Station in Florida.

This was the ninth flight of the first stage booster supporting this mission, which previously launched CRS-26, OneWeb Launch 16, Intelsat IS-40e, and five Starlink missions.",,1722685279008620719,x.com,False,2023-11-12 16:08:00,2023,True,True
1667,mus28adwyyhvknvvg2ho9zp0,Transporter-9 Mission,transporter-9,final,rideshare,Falcon 9,"SLC-4E, California",2023-11-11,10:49:00,Landing Zone,,,,False,False,"On Saturday, November 11 at 10:49 a.m. PT, Falcon 9 launched Transporter-9, SpaceX’s ninth dedicated smallsat rideshare program mission, from Space Launch Complex 4E at Vandenberg Space Force Base in California. This was the 12th launch and landing of this Falcon 9 stage booster, which previously supported the launch of NROL-87, NROL-85, SARah-1, SWOT, Transporter-8, and six Starlink missions

During this mission, 90 payloads were expected to deploy from Falcon 9 across 89 deployments, and 86 deployments have been confirmed. Teams are continuing to review data for the remaining payloads, though it may take customers some time to provide additional information on the status of their payloads.",,1723426357265481994,x.com,False,2023-11-11 10:49:00,2023,True,True
1765,n54fjlfdhwiboabq0okmykje,CRS-29 Mission,crs-29,final,resupply,Falcon 9,"LC-39A, Florida",2023-11-09,20:28:00,Landing Zone,,,,False,False,,,,,,2023-11-09 20:28:00,2023,True,True
2107,gej7zj0riayrz13ra8v84fzi,Starlink Mission,sl-6-27,final,starlink,Falcon 9,"SLC-40, Florida",2023-11-08,00:05:00,Droneship,,,,False,False,"On Wednesday, November 8 at 12:05 a.m. ET, Falcon 9 launched 23 Starlink satellites to low-Earth orbit from Space Launch Complex 40 (SLC-40) at Cape Canaveral Space Force Station in Florida.

This was the 11th flight for the first stage booster supporting this mission, which previously launched SES-22, ispace’s HAKUTO-R Mission 1, Hispasat Amazonas Nexus mission, CRS-27, and now seven Starlink missions.",,1722044977893765502,x.com,False,2023-11-08 00:05:00,2023,True,True
2199,be3g7gs05xlkn8wk9959kg0s,Starlink Mission,sl-6-26,final,starlink,Falcon 9,"SLC-40, Florida",2023-11-03,20:37:00,Droneship,,,,False,False,"On Friday, November 3 at 8:37 p.m. ET, Falcon 9 launched 23 Starlink satellites to low-Earth orbit from Space Launch Complex 40 (SLC-40) at Cape Canaveral Space Force Station in Florida.

This was the 18th flight for the first stage booster supporting this mission, which previously launched Crew Demo-2, ANASIS-11, CRS-21, Transporter-1, Transporter-3, and now 13 Starlink missions.",,1720573725387686240,x.com,False,2023-11-03 20:37:00,2023,True,True
2104,y04golddgaruz391dj8z9a9q,Starlink Mission,sl-6-25,final,starlink,Falcon 9,"SLC-40, Florida",2023-10-30,19:20:00,Droneship,,,,False,False,"On Monday, October 30 at 7:20 p.m. ET, Falcon 9 launched 23 Starlink satellites to low-Earth orbit from Space Launch Complex 40 (SLC-40) at Cape Canaveral Space Force Station in Florida.

This was the eighth flight for the first stage booster supporting this mission, which previously launched Crew-5, GPS III Space Vehicle 06, Inmarsat I6-F2, CRS-28, Intelsat G-37, and now three Starlink missions.",,1718789434152202739,x.com,False,2023-10-30 19:20:00,2023,True,True
3250,vf6um61nzz923injcb4uh5nu,Starlink Mission,sl-7-6,final,starlink,Falcon 9,"SLC-4E, California ",2023-10-29,02:00:00,Droneship,,,,False,False,"On Sunday, October 29 at 2:00 a.m. PT, Falcon 9 launched 22 Starlink satellites to low-Earth orbit from Space Launch Complex 4 East (SLC-4E) at Vandenberg Space Force Base in California.

This was the seventh flight for the first stage booster supporting this mission, which previously launched Space Development Agency’s Tranche 0 mission and now six Starlink missions.",,1718024913431531850,x.com,False,2023-10-29 02:00:00,2023,True,True
2177,qnh9n8u6lbpz25fcjdtyj8cl,Starlink Mission,sl-6-24,final,starlink,Falcon 9,"SLC-40, Florida",2023-10-21,22:17:00,Droneship,,,,False,False,"On Saturday, October 21 at 10:17 p.m. ET, Falcon 9 launched 23 Starlink satellites to low-Earth orbit from Space Launch Complex 40 (SLC-40) at Cape Canaveral Space Force Station in Florida.

This was the fourth flight for the first stage booster supporting this mission, which previously launched ESA Euclid, Ax-2, and now two Starlink missions.",,1715467893444599883,x.com,False,2023-10-21 22:17:00,2023,True,True
3249,vlkxdublda6k1oewuv43qdbt,Starlink Mission,sl-7-5,final,starlink,Falcon 9,"SLC-4E, California ",2023-10-21,01:23:00,Droneship,,,,False,False,"On Saturday, October 21 at 1:23 a.m. PT, Falcon 9 launched 21 Starlink satellites to low-Earth orbit from Space Launch Complex 4 East (SLC-4E) at Vandenberg Space Force Base in California.

This was the 16th flight for the first stage booster supporting this mission, which previously launched Crew-1, Crew-2, SXM-8, CRS-23, IXPE, Transporter-4, Transporter-5, Globalstar FM15, ISI EROS C-3, and now seven Starlink missions.",,1715465391680725147,x.com,False,2023-10-21 01:23:00,2023,True,True
2109,ax6nwsszuntutta5865rqe80,Starlink Mission,sl-6-23,final,starlink,Falcon 9,"SLC-40, Florida",2023-10-17,19:45:00,Droneship,,,,False,False,"On Tuesday, October 17 at 8:39 p.m. ET, Falcon 9 launched 22 Starlink satellites to low-Earth orbit from Space Launch Complex 40 (SLC-40) at Cape Canaveral Space Force Station in Florida.

This is the 16th flight for the first stage booster supporting this mission, which previously launched GPS III Space Vehicle 04, GPS III Space Vehicle 05, Inspiration4, Ax-1, Nilesat 301, OneWeb Launch 17, ARABSAT BADR-8, and now nine Starlink missions.",,,,False,2023-10-17 19:45:00,2023,True,True
2140,e8n18vw7gokt5c5ewifi0oc1,Starlink Mission,sl-6-22,final,starlink,Falcon 9,"SLC-40, Florida",2023-10-13,19:01:00,Droneship,,,,False,False,"On Friday, October 13 at 7:01 p.m. ET, Falcon 9 launched 22 Starlink satellites to low-Earth orbit from Space Launch Complex 40 (SLC-40) at Cape Canaveral Space Force Station in Florida.

This was the 14th flight for the first stage booster supporting this mission, which previously launched CRS-22, Crew-3, Turksat 5B, Crew-4, CRS-25, Eutelsat HOTBIRD 13G, mPOWER-a, PSN SATRIA, and now six Starlink missions.",,,,False,2023-10-13 19:01:00,2023,True,True
2228,ga965e4gxlm72ulex3cp2spz,Psyche Mission,psyche,final,science,Falcon Heavy,"LC-39A, Florida",2023-10-13,10:19:00,Landing Zone / Expended,,,,False,False,"On Friday, October 13 at 10:19 a.m. ET, Falcon Heavy launched NASA's Psyche mission to an interplanetary transfer orbit from Launch Complex 39A (LC-39A) at Kennedy Space Center in Florida. This was the fourth launch for the side boosters, both of which previously supported the USSF-44, USSF-67, and Hughes JUPTER 3 missions.

The Psyche spacecraft  will travel to a metal-rich asteroid of the same name orbiting the Sun between Jupiter and Mars in pursuit of studying the exposed nickel-iron core of an early planet, one of the building blocks of our solar system. The mission will also demonstrate NASA’s first deep space test of the Deep Space Optical Communications (DSOC) system – high-bandwidth optical communications through space and back to Earth – from distances far exceeding the Moon – using a near-infrared laser.",,,,False,2023-10-13 10:19:00,2023,True,True
3248,zibzpirferip2qtqchtu5azv,Starlink Mission,sl-7-4,final,starlink,Falcon 9,"SLC-4E, California ",2023-10-09,00:23:00,Droneship,,,,False,False,"On Monday, October 9 at 12:23 a.m. PT, Falcon 9 launched 21 Starlink satellites to low-Earth orbit from Space Launch Complex 4 East (SLC-4E) at Vandenberg Space Force Base in California

This was the 14th flight for the first stage booster supporting this mission, which previously launched Sentinel-6 Michael Freilich, DART, Transporter-7, Iridium OneWeb, SDA-0B, and nine Starlink missions.",,,,False,2023-10-09 00:23:00,2023,True,True
2187,hf3p86n4ooyly83u13bueqxa,Starlink Mission,sl-6-21,final,starlink,Falcon 9,"SLC-40, Florida",2023-10-05,01:36:00,Droneship,,,,False,False,"On Thursday, October 5 at 1:36 a.m. ET, Falcon 9 launched 22 Starlink satellites to low-Earth orbit from Space Launch Complex 40 (SLC-40) at Cape Canaveral Space Force Station in Florida.

This was the eighth flight for the first stage booster supporting this mission, which previously launched CRS-26, OneWeb Launch 16, Intelsat IS-40e, and now five Starlink missions",,,,False,2023-10-05 01:36:00,2023,True,True
3238,xblr9e9amau9i4aahhvhf33d,Starlink Mission,sl-6-19,final,starlink,Falcon 9,"SLC-40, Florida",2023-09-29,22:00:00,Droneship,,,,False,False,"On Friday, September 29 at 10:00 p.m. ET, Falcon 9 launched 22 Starlink satellites to low-Earth orbit from Space Launch Complex 40 (SLC-40) at Cape Canaveral Space Force Station in Florida.

This was the 10th flight for the first stage booster supporting this mission, which previously launched CRS-24, Eutelsat HOTBIRD 13F, OneWeb 1, SES-18 and SES-19, and now six Starlink missions.",,,,False,2023-09-29 22:00:00,2023,True,True
3247,j4qgdqhqpisysw9xseoymv1y,Starlink Mission,sl-7-3,final,starlink,Falcon 9,"SLC-4E, California ",2023-09-25,01:48:00,Droneship,,,,False,False,"On Monday, September 25 at 1:48 a.m. PT, Falcon 9 launched 21 Starlink satellites to low-Earth orbit from Space Launch Complex 4 East (SLC-4E) at Vandenberg Space Force Base in California.

This was the sixth flight for the first stage booster supporting this mission, which previously launched SDA-0A and now five Starlink missions.",,,,False,2023-09-25 01:48:00,2023,True,True
1853,twovakl0x95ifvvq5kb4h5xz,Starlink Mission,sl-6-18,final,starlink,Falcon 9,"SLC-40, Florida",2023-09-23,23:38:00,Droneship,,,,False,False,"On Saturday, September 23 at 11:38 p.m. ET, Falcon 9 launched 22 Starlink satellites to low-Earth orbit from Space Launch Complex 40 (SLC-40) at Cape Canaveral Space Force Station in Florida.

This was the 17th flight for the first stage booster supporting this mission, which previously launched GPS III-3, Turksat 5A, Transporter-2, Intelsat G-33/G-34, Transporter-6, and now 12 Starlink missions.",,,,False,2023-09-23 23:38:00,2023,True,True
2175,z45b76b3x240dg4aeyrna3oq,Starlink Mission,sl-6-17,final,starlink,Falcon 9,"SLC-40, Florida",2023-09-19,22:22:00,Droneship,,,,False,False,"On Tuesday, September 19 at 11:38 p.m. ET, Falcon 9 launched 22 Starlink satellites to low-Earth orbit from from Space Launch Complex 40 (SLC-40) at Cape Canaveral Space Force Station in Florida.

This was the 17th flight for the first stage booster supporting this mission, which previously launched Crew Demo-2, ANASIS-11, CRS-21, Transporter-1, Transporter-3, and now 12 Starlink missions.",,,,False,2023-09-19 22:22:00,2023,True,True
3237,ygz6d0c61b7yhpyw95j2qdgh,Starlink Mission,sl-6-16,final,starlink,Falcon 9,"SLC-40, Florida",2023-09-15,23:38:00,Droneship,,,,False,False,"On Friday, September 15 at 11:38 p.m. ET, Falcon 9 launched 22 Starlink satellites to low-Earth orbit from Space Launch Complex 40 (SLC-40) at Cape Canaveral Space Force Station in Florida.

This was the fifth flight for the first stage booster supporting this mission, which previously launched Crew-6, SES O3b mPOWER, and now three Starlink missions.",,,,False,2023-09-15 23:38:00,2023,True,True
3246,arqraulyf8wxy0ovp0zkuny3,Starlink Mission,sl-7-2,final,starlink,Falcon 9,"SLC-4E, California ",2023-09-11,23:57:00,Droneship,,,,False,False,"On Monday, September 11 at 11:57 p.m. PT, Falcon 9 launched 21 Starlink satellites to low-Earth orbit from from Space Launch Complex 4 East (SLC-4E) at Vandenberg Space Force Base in California.

This was the 11th flight for the first stage booster supporting this mission, which previously launched NROL-87, NROL-85, SARah-1, SWOT, Transporter-8, and now six Starlink missions.",,,,False,2023-09-11 23:57:00,2023,True,True
1851,xnccxy94dydgfnfg14cosfat,Starlink Mission,sl-6-14,final,starlink,Falcon 9,"SLC-40, Florida",2023-09-08,23:12:00,Droneship,,,,False,False,"On Friday, September 8 at 11:12 p.m. ET, Falcon 9 launched 22 Starlink satellites to low-Earth orbit from from Space Launch Complex 40 (SLC-40) at Cape Canaveral Space Force Station in Florida.

This was the seventh flight for the first stage booster supporting this mission, which previously launched CRS-26, OneWeb Launch 16, Intelsat IS-40e, and now four Starlink missions.",,,,False,2023-09-08 23:12:00,2023,True,True
3235,xa2o2hs7b51j2z4pn4hctpk6,Starlink Mission,sl-6-12,final,starlink,Falcon 9,"LC-39A, Florida",2023-09-03,22:47:00,Droneship,,,,False,False,"On Sunday, September 3 at 10:47 p.m. ET, Falcon 9 launched 21 Starlink satellites to low-Earth orbit from from Launch Complex 39A (LC-39A) at NASA’s Kennedy Space Center in Florida.

This was the 10th flight for the first stage booster supporting this mission, which previously launched SES-22, ispace’s HAKUTO-R Mission 1, Hispasat Amazonas Nexus mission, CRS-27, and now six Starlink missions.",,,,False,2023-09-03 22:47:00,2023,True,True
3218,l96ck5y2bbjle5kq18vbwqdu,Space Development Agency's Second Tranche 0 Mission,SDA-Tranche0B,final,nssl,Falcon 9,"SLC-4E, California",2023-09-02,07:56:00,Landing Zone,,,,False,False,"On Saturday, September 2 at 7:25 a.m. PT (14:25 UTC), SpaceX launched the  Space Development Agency’s second Tranche 0  mission to low-Earth orbit from Space Launch Complex 4E (SLC-4E) at Vandenberg Space Force Base in California.

The space vehicles launched during this mission will serve a part of SDA’s Proliferated Warfighter Space Architecture, a new layered network of satellites in low-Earth orbit and supporting elements that will provide global military communication and missile warning, indication, and tracking capabilities.

This was the thirteenth launch and landing of this Falcon 9 first stage booster, which previously supported the Sentinel-6 Michael Freilich, DART, Transporter-7, Iridium OneWeb, and eight Starlink missions.",,,,False,2023-09-02 07:56:00,2023,True,True
2141,ovdrz7517g4wavxh9ymt1adr,Starlink Mission,sl-6-13,final,starlink,Falcon 9,"SLC-40, Florida",2023-08-31,19:28:00,Droneship,,,,False,False,"On Thursday, August 31 at 10:21 p.m. ET, Falcon 9 launched 22 Starlink satellites to low-Earth orbit from Space Launch Complex 40 (SLC-40) at Cape Canaveral Space Force Station in Florida.

This was the seventh flight for the first stage booster supporting this mission, which previously launched Crew-5, GPS III Space Vehicle 06, Inmarsat I6-F2, CRS-28, Intelsat G-37, and now two Starlink missions.",,,,False,2023-08-31 19:28:00,2023,True,True
2142,vhnxnfr679n9524tnh0l8lyz,Starlink Mission,sl-6-11,final,starlink,Falcon 9,"SLC-40, Florida",2023-08-26,21:05:00,Droneship,,,,False,False,"On Saturday, August 26 at 9:05 p.m. ET, Falcon 9 launched 22 Starlink satellites to low-Earth orbit from Space Launch Complex 40 (SLC-40) at Cape Canaveral Space Force Station in Florida. Following stage separation, the first stage landed on the Just Read the Instructions droneship, which was stationed in the Atlantic Ocean.

This was the third flight for the first stage booster supporting this mission, which previously launched ESA Euclid, Ax-2, and now one Starlink mission.",,SEClIbWr3m0,,False,2023-08-26 21:05:00,2023,True,True
2095,q8f5fv6hg9zjljeirfeze37f,Crew-7 Mission,crew7,final,hsf,Falcon 9,"LC-39A, Florida",2023-08-26,03:27:00,Landing Zone,,,,False,False,"On Saturday, August 26 at 3:27 a.m. ET, Falcon 9 launched Dragon’s seventh operational human spaceflight mission Crew-7 to the orbiting laboratory from Launch Complex 39A (LC-39A) at NASA's Kennedy Space Center in Florida. Dragon autonomously docked with the International Space Station approximately 30 hours later at 9:16 a.m. ET on Sunday, August 27.

After 199 days in space, Dragon and the Crew-7 astronauts returned to Earth, splashing down off the coast of Florida at 5:47 a.m. ET on Tuesday, March 12.

This was the third flight for the Dragon spacecraft supporting this mission, which previously flew NASA’s Crew-3 and Crew-5 missions to and from the space station. This was the first flight for the first stage booster supporting this mission. Following stage separation, Falcon 9’s first stage landed on Landing Zone 1 (LZ-1) at Cape Canaveral Space Force Station.

During their time on the orbiting laboratory, the crew conducted science and technology demonstrations to prepare for human exploration beyond low-Earth orbit and to benefit humanity on Earth.","[{""id"": 1069, ""name"": ""Jasmin Moghbeli"", ""bioLink"": ""https://www.nasa.gov/humans-in-space/astronauts/jasmin-moghbeli/"", ""description"": ""Commander"", ""portrait"": {""id"": 3743, ""name"": ""SPACEX_Crew_7_Moghbeli_Portrait_1536x1920.jpg"", ""alternativeText"": ""SPACEX_Crew_7_Moghbeli_Portrait_1536x1920.jpg"", ""caption"": ""SPACEX_Crew_7_Moghbeli_Portrait_1536x1920.jpg"", ""width"": 1536, ""height"": 1920, ""formats"": {""large"": {""ext"": "".jpg"", ""url"": ""https://sxcontent9668.azureedge.us/cms-assets/assets/large_SPACEX_Crew_7_Moghbeli_Portrait_1536x1920_0208c581aa.jpg"", ""hash"": ""large_SPACEX_Crew_7_Moghbeli_Portrait_1536x1920_0208c581aa"", ""mime"": ""image/jpeg"", ""name"": ""large_SPACEX_Crew_7_Moghbeli_Portrait_1536x1920.jpg"", ""path"": null, ""size"": 91.83, ""width"": 800, ""height"": 1000}, ""small"": {""ext"": "".jpg"", ""url"": ""https://sxcontent9668.azureedge.us/cms-assets/assets/small_SPACEX_Crew_7_Moghbeli_Portrait_1536x1920_0208c581aa.jpg"", ""hash"": ""small_SPACEX_Crew_7_Moghbeli_Portrait_1536x1920_0208c581aa"", ""mime"": ""image/jpeg"", ""name"": ""small_SPACEX_Crew_7_Moghbeli_Portrait_1536x1920.jpg"", ""path"": null, ""size"": 27.31, ""width"": 400, ""height"": 500}, ""medium"": {""ext"": "".jpg"", ""url"": ""https://sxcontent9668.azureedge.us/cms-assets/assets/medium_SPACEX_Crew_7_Moghbeli_Portrait_1536x1920_0208c581aa.jpg"", ""hash"": ""medium_SPACEX_Crew_7_Moghbeli_Portrait_1536x1920_0208c581aa"", ""mime"": ""image/jpeg"", ""name"": ""medium_SPACEX_Crew_7_Moghbeli_Portrait_1536x1920.jpg"", ""path"": null, ""size"": 54.4, ""width"": 600, ""height"": 750}, ""thumbnail"": {""ext"": "".jpg"", ""url"": ""https://sxcontent9668.azureedge.us/cms-assets/assets/thumbnail_SPACEX_Crew_7_Moghbeli_Portrait_1536x1920_0208c581aa.jpg"", ""hash"": ""thumbnail_SPACEX_Crew_7_Moghbeli_Portrait_1536x1920_0208c581aa"", ""mime"": ""image/jpeg"", ""name"": ""thumbnail_SPACEX_Crew_7_Moghbeli_Portrait_1536x1920.jpg"", ""path"": null, ""size"": 4.9, ""width"": 125, ""height"": 156}}, ""hash"": ""SPACEX_Crew_7_Moghbeli_Portrait_1536x1920_0208c581aa"", ""ext"": "".jpg"", ""mime"": ""image/jpeg"", ""size"": 332.52, ""url"": ""https://sxcontent9668.azureedge.us/cms-assets/assets/SPACEX_Crew_7_Moghbeli_Portrait_1536x1920_0208c581aa.jpg"", ""previewUrl"": null, ""provider"": ""strapi-provider-upload-azure-storage"", ""provider_metadata"": null, ""folderPath"": ""/102/123/124"", ""createdAt"": ""2023-07-17T21:31:55.679Z"", ""updatedAt"": ""2024-03-10T17:30:50.863Z"", ""documentId"": ""acqto96t4hzfeql0pl7k4o1f"", ""locale"": null, ""publishedAt"": ""2024-10-21T16:04:39.469Z""}}, {""id"": 1070, ""name"": ""Andreas Mogensen"", ""bioLink"": ""https://www.esa.int/Science_Exploration/Human_and_Robotic_Exploration/Astronauts/Andreas_Mogensen"", ""description"": ""Pilot"", ""portrait"": {""id"": 4331, ""name"": ""SPACEX_Crew_7_Mogensen_Portrait_1536x1920.jpg"", ""alternativeText"": ""SPACEX_Crew_7_Mogensen_Portrait_1536x1920.jpg"", ""caption"": ""SPACEX_Crew_7_Mogensen_Portrait_1536x1920.jpg"", ""width"": 1536, ""height"": 1920, ""formats"": {""large"": {""ext"": "".jpg"", ""url"": ""https://sxcontent9668.azureedge.us/cms-assets/assets/large_SPACEX_Crew_7_Mogensen_Portrait_1536x1920_bc553e0adf.jpg"", ""hash"": ""large_SPACEX_Crew_7_Mogensen_Portrait_1536x1920_bc553e0adf"", ""mime"": ""image/jpeg"", ""name"": ""large_SPACEX_Crew_7_Mogensen_Portrait_1536x1920.jpg"", ""path"": null, ""size"": 87.8, ""width"": 800, ""height"": 1000}, ""small"": {""ext"": "".jpg"", ""url"": ""https://sxcontent9668.azureedge.us/cms-assets/assets/small_SPACEX_Crew_7_Mogensen_Portrait_1536x1920_bc553e0adf.jpg"", ""hash"": ""small_SPACEX_Crew_7_Mogensen_Portrait_1536x1920_bc553e0adf"", ""mime"": ""image/jpeg"", ""name"": ""small_SPACEX_Crew_7_Mogensen_Portrait_1536x1920.jpg"", ""path"": null, ""size"": 26.21, ""width"": 400, ""height"": 500}, ""medium"": {""ext"": "".jpg"", ""url"": ""https://sxcontent9668.azureedge.us/cms-assets/assets/medium_SPACEX_Crew_7_Mogensen_Portrait_1536x1920_bc553e0adf.jpg"", ""hash"": ""medium_SPACEX_Crew_7_Mogensen_Portrait_1536x1920_bc553e0adf"", ""mime"": ""image/jpeg"", ""name"": ""medium_SPACEX_Crew_7_Mogensen_Portrait_1536x1920.jpg"", ""path"": null, ""size"": 52.07, ""width"": 600, ""height"": 750}, ""thumbnail"": {""ext"": "".jpg"", ""url"": ""https://sxcontent9668.azureedge.us/cms-assets/assets/thumbnail_SPACEX_Crew_7_Mogensen_Portrait_1536x1920_bc553e0adf.jpg"", ""hash"": ""thumbnail_SPACEX_Crew_7_Mogensen_Portrait_1536x1920_bc553e0adf"", ""mime"": ""image/jpeg"", ""name"": ""thumbnail_SPACEX_Crew_7_Mogensen_Portrait_1536x1920.jpg"", ""path"": null, ""size"": 4.63, ""width"": 125, ""height"": 156}}, ""hash"": ""SPACEX_Crew_7_Mogensen_Portrait_1536x1920_bc553e0adf"", ""ext"": "".jpg"", ""mime"": ""image/jpeg"", ""size"": 319.81, ""url"": ""https://sxcontent9668.azureedge.us/cms-assets/assets/SPACEX_Crew_7_Mogensen_Portrait_1536x1920_bc553e0adf.jpg"", ""previewUrl"": null, ""provider"": ""strapi-provider-upload-azure-storage"", ""provider_metadata"": null, ""folderPath"": ""/102/123/124"", ""createdAt"": ""2023-07-17T21:31:55.158Z"", ""updatedAt"": ""2023-07-17T21:31:55.158Z"", ""documentId"": ""v88u5zh1j1r33wti6vquvubw"", ""locale"": null, ""publishedAt"": ""2024-10-21T16:04:39.469Z""}}, {""id"": 1071, ""name"": ""Satoshi Furukawa"", ""bioLink"": ""https://humans-in-space.jaxa.jp/en/astronaut/furukawa-satoshi/"", ""description"": ""Mission Specialist"", ""portrait"": {""id"": 4319, ""name"": ""SPACEX_Crew_7_Furukawa_Portrait_1536x1920.jpg"", ""alternativeText"": ""SPACEX_Crew_7_Furukawa_Portrait_1536x1920.jpg"", ""caption"": ""SPACEX_Crew_7_Furukawa_Portrait_1536x1920.jpg"", ""width"": 1536, ""height"": 1920, ""formats"": {""large"": {""ext"": "".jpg"", ""url"": ""https://sxcontent9668.azureedge.us/cms-assets/assets/large_SPACEX_Crew_7_Furukawa_Portrait_1536x1920_7a62ee9a76.jpg"", ""hash"": ""large_SPACEX_Crew_7_Furukawa_Portrait_1536x1920_7a62ee9a76"", ""mime"": ""image/jpeg"", ""name"": ""large_SPACEX_Crew_7_Furukawa_Portrait_1536x1920.jpg"", ""path"": null, ""size"": 88.38, ""width"": 800, ""height"": 1000}, ""small"": {""ext"": "".jpg"", ""url"": ""https://sxcontent9668.azureedge.us/cms-assets/assets/small_SPACEX_Crew_7_Furukawa_Portrait_1536x1920_7a62ee9a76.jpg"", ""hash"": ""small_SPACEX_Crew_7_Furukawa_Portrait_1536x1920_7a62ee9a76"", ""mime"": ""image/jpeg"", ""name"": ""small_SPACEX_Crew_7_Furukawa_Portrait_1536x1920.jpg"", ""path"": null, ""size"": 26.71, ""width"": 400, ""height"": 500}, ""medium"": {""ext"": "".jpg"", ""url"": ""https://sxcontent9668.azureedge.us/cms-assets/assets/medium_SPACEX_Crew_7_Furukawa_Portrait_1536x1920_7a62ee9a76.jpg"", ""hash"": ""medium_SPACEX_Crew_7_Furukawa_Portrait_1536x1920_7a62ee9a76"", ""mime"": ""image/jpeg"", ""name"": ""medium_SPACEX_Crew_7_Furukawa_Portrait_1536x1920.jpg"", ""path"": null, ""size"": 52.61, ""width"": 600, ""height"": 750}, ""thumbnail"": {""ext"": "".jpg"", ""url"": ""https://sxcontent9668.azureedge.us/cms-assets/assets/thumbnail_SPACEX_Crew_7_Furukawa_Portrait_1536x1920_7a62ee9a76.jpg"", ""hash"": ""thumbnail_SPACEX_Crew_7_Furukawa_Portrait_1536x1920_7a62ee9a76"", ""mime"": ""image/jpeg"", ""name"": ""thumbnail_SPACEX_Crew_7_Furukawa_Portrait_1536x1920.jpg"", ""path"": null, ""size"": 4.65, ""width"": 125, ""height"": 156}}, ""hash"": ""SPACEX_Crew_7_Furukawa_Portrait_1536x1920_7a62ee9a76"", ""ext"": "".jpg"", ""mime"": ""image/jpeg"", ""size"": 319.86, ""url"": ""https://sxcontent9668.azureedge.us/cms-assets/assets/SPACEX_Crew_7_Furukawa_Portrait_1536x1920_7a62ee9a76.jpg"", ""previewUrl"": null, ""provider"": ""strapi-provider-upload-azure-storage"", ""provider_metadata"": null, ""folderPath"": ""/102/123/124"", ""createdAt"": ""2023-07-17T21:31:54.883Z"", ""updatedAt"": ""2023-07-17T21:31:54.883Z"", ""documentId"": ""a1d7faitmfenzi61mrliob2g"", ""locale"": null, ""publishedAt"": ""2024-10-21T16:04:39.469Z""}}, {""id"": 1072, ""name"": ""Konstantin Borisov"", ""bioLink"": ""https://www.gctc.ru/main.php?id=5160"", ""description"": ""Mission Specialist"", ""portrait"": {""id"": 3759, ""name"": ""SPACEX_Crew_7_Borisov_Portrait_1536x1920.jpg"", ""alternativeText"": ""SPACEX_Crew_7_Borisov_Portrait_1536x1920.jpg"", ""caption"": ""SPACEX_Crew_7_Borisov_Portrait_1536x1920.jpg"", ""width"": 1536, ""height"": 1920, ""formats"": {""large"": {""ext"": "".jpg"", ""url"": ""https://sxcontent9668.azureedge.us/cms-assets/assets/large_SPACEX_Crew_7_Borisov_Portrait_1536x1920_1197734f6b.jpg"", ""hash"": ""large_SPACEX_Crew_7_Borisov_Portrait_1536x1920_1197734f6b"", ""mime"": ""image/jpeg"", ""name"": ""large_SPACEX_Crew_7_Borisov_Portrait_1536x1920.jpg"", ""path"": null, ""size"": 92.24, ""width"": 800, ""height"": 1000}, ""small"": {""ext"": "".jpg"", ""url"": ""https://sxcontent9668.azureedge.us/cms-assets/assets/small_SPACEX_Crew_7_Borisov_Portrait_1536x1920_1197734f6b.jpg"", ""hash"": ""small_SPACEX_Crew_7_Borisov_Portrait_1536x1920_1197734f6b"", ""mime"": ""image/jpeg"", ""name"": ""small_SPACEX_Crew_7_Borisov_Portrait_1536x1920.jpg"", ""path"": null, ""size"": 26.43, ""width"": 400, ""height"": 500}, ""medium"": {""ext"": "".jpg"", ""url"": ""https://sxcontent9668.azureedge.us/cms-assets/assets/medium_SPACEX_Crew_7_Borisov_Portrait_1536x1920_1197734f6b.jpg"", ""hash"": ""medium_SPACEX_Crew_7_Borisov_Portrait_1536x1920_1197734f6b"", ""mime"": ""image/jpeg"", ""name"": ""medium_SPACEX_Crew_7_Borisov_Portrait_1536x1920.jpg"", ""path"": null, ""size"": 53.41, ""width"": 600, ""height"": 750}, ""thumbnail"": {""ext"": "".jpg"", ""url"": ""https://sxcontent9668.azureedge.us/cms-assets/assets/thumbnail_SPACEX_Crew_7_Borisov_Portrait_1536x1920_1197734f6b.jpg"", ""hash"": ""thumbnail_SPACEX_Crew_7_Borisov_Portrait_1536x1920_1197734f6b"", ""mime"": ""image/jpeg"", ""name"": ""thumbnail_SPACEX_Crew_7_Borisov_Portrait_1536x1920.jpg"", ""path"": null, ""size"": 4.64, ""width"": 125, ""height"": 156}}, ""hash"": ""SPACEX_Crew_7_Borisov_Portrait_1536x1920_1197734f6b"", ""ext"": "".jpg"", ""mime"": ""image/jpeg"", ""size"": 334.76, ""url"": ""https://sxcontent9668.azureedge.us/cms-assets/assets/SPACEX_Crew_7_Borisov_Portrait_1536x1920_1197734f6b.jpg"", ""previewUrl"": null, ""provider"": ""strapi-provider-upload-azure-storage"", ""provider_metadata"": null, ""folderPath"": ""/102/123/124"", ""createdAt"": ""2023-07-17T21:31:54.888Z"", ""updatedAt"": ""2023-07-17T21:31:54.888Z"", ""documentId"": ""nzn7y03zz484w51l2xievthz"", ""locale"": null, ""publishedAt"": ""2024-10-21T16:04:39.469Z""}}]",5KeIAYTW8eQ,youtube,False,2023-08-26 03:27:00,2023,True,True
3245,o9cssd7xwq5so8v2wy4jf48s,Starlink Mission,sl-7-1,final,starlink,Falcon 9,"SLC-4E, California ",2023-08-22,02:37:00,Droneship,,,,False,False,"On Tuesday, August 22 at 2:37 a.m. PT, Falcon 9 launched 21 Starlink satellites to low-Earth orbit from Space Launch Complex 4E (SLC-4E) at Vandenberg Space Force Base in California.

This was the 15th flight for the first stage booster supporting this mission, which previously launched Crew-1, Crew-2, SXM-8, CRS-23, IXPE, Transporter-4, Transporter-5, Globalstar FM15, ISI EROS C-3, and now six Starlink missions.",,agYuEAkEljw,,False,2023-08-22 02:37:00,2023,True,True
2165,bq0xasypc55c2y9d4lqkefp1,Starlink Mission,sl-6-10,final,starlink,Falcon 9,"SLC-40, Florida",2023-08-16,23:36:00,Droneship,,,,False,False,"On Wednesday, August 16 at 11:36 p.m. ET, Falcon 9 launched 22 Starlink satellites to low-Earth orbit from Space Launch Complex 40 (SLC-40) at Cape Canaveral Space Force Station in Florida.

This was the 13th flight for the first stage booster supporting this mission, which previously launched CRS-22, Crew-3, Turksat 5B, Crew-4, CRS-25, Eutelsat HOTBIRD 13G, mPOWER-a, PSN SATRIA, and now five Starlink missions.",,rmlRxzxYlyM,,False,2023-08-16 23:36:00,2023,True,True
2153,hmiqyu2s3zqaucwbh0twk9kf,Starlink Mission,sl-6-9,final,starlink,Falcon 9,"SLC-40, Florida",2023-08-11,01:17:00,Droneship,,,,False,False,"On Friday, August 11 at 1:17 a.m. ET, Falcon 9 launched 22 Starlink satellites to low-Earth orbit from Space Launch Complex 40 (SLC-40) at Cape Canaveral Space Force Station in Florida.

This was the ninth flight for the first stage booster supporting this mission, which previously launched CRS-24, Eutelsat HOTBIRD 13F, OneWeb 1, SES-18 and SES-19, and now five Starlink missions.",,aKrbUe2sNr0	,,False,2023-08-11 01:17:00,2023,True,True
2166,n2fugg5tnnqysni4dg74fyth,Starlink Mission,sl6-20,final,starlink,Falcon 9,"SLC-40, Florida",2023-08-07,20:57:00,Droneship,,,,False,False,"On Monday, August 7 at 8:57 p.m. PT, Falcon 9 launched 15 Starlink satellites to low-Earth orbit from Space Launch Complex 4 East (SLC-4E) at Vandenberg Space Force Base in California.

This was the fifth launch and landing for this Falcon 9 first stage booster, which previously launched SDA-0A and now four Starlink missions.",,alkJWrqffcw,,False,2023-08-07 20:57:00,2023,True,True
2160,c6t9vw0wcmhuj9nric08sg1n,Starlink Mission,sl-6-8,final,starlink,Falcon 9,"SLC-40, Florida",2023-08-06,22:41:00,Droneship,,,,False,False,"On Sunday, August 6 at 10:41 p.m. ET, Falcon 9 launched 22 Starlink satellites to low-Earth orbit from Space Launch Complex 40 (SLC-40) at Cape Canaveral Space Force Station in Florida. Following stage separation, the first stage landed on the A Shortfall of Gravitas droneship, which was stationed in the Atlantic Ocean.

This was the fourth launch and landing for this Falcon 9 first stage booster, which previously launched Crew-6, SES O3b mPOWER, and now two Starlink missions.",,1sGWUunA2mM,,False,2023-08-06 22:41:00,2023,True,True
1733,stoqr2kdflpv93r420vow7rd,Intelsat G-37 Mission,intelsat-g-37,final,commercialSatellite,Falcon 9,"SLC-40, Florida",2023-08-03,00:15:00,Droneship,,,,False,False,"On Thursday, August 3 at 1:00 a.m. ET, SpaceX launched the Intelsat G-37 mission to a geosynchronous transfer orbit from Space Launch Complex 40 (SLC-40) at Cape Canaveral Space Force Station in Florida.

This was the sixth flight for the first stage booster supporting this mission, which previously launched Crew-5, GPS III-6, Inmarsat I6-F2, CRS-28, and one Starlink mission.",,XV2tyCEBctA,,False,2023-08-03 00:15:00,2023,True,True
3209,vn1jm3z2o6jirik7cglypmcd,Hughes JUPITER 3 Mission,jupiter3,final,commercialSatellite,Falcon Heavy,"LC-39A, Florida",2023-07-28,23:04:00,Landing Zone / Expended,,,,False,False,"On Friday, July 28 at 11:04 p.m. ET, Falcon Heavy launched the Hughes JUPITER 3 mission to a geosynchronous transfer orbit from Launch Complex 39A (LC-39A) at Kennedy Space Center in Florida.

This was the third launch and landing of these Falcon Heavy side boosters, which previously supported USSF-44 and USSF-67.",,5ixbPMe6684,youtube,False,2023-07-28 23:04:00,2023,True,True
2164,cx8emoaehsmsygedrudrmbjm,Starlink Mission,sl-6-7,final,starlink,Falcon 9,"SLC-40, Florida",2023-07-28,00:01:00,Droneship,,,,False,False,"On Friday, July 28 at 12:01 a.m. ET, Falcon 9 launched 22 Starlink satellites to low-Earth orbit from Space Launch Complex 40 (SLC-40) at Cape Canaveral Space Force Station in Florida.

This was the 15th flight for the first stage booster supporting this mission, which previously launched GPS III Space Vehicle 04, GPS III Space Vehicle 05, Inspiration4, Ax-1, Nilesat 301, OneWeb Launch 17, ARABSAT BADR-8, and now eight Starlink missions. Following stage separation, the first stage landed on the A Shortfall of Gravitas droneship, which was stationed in the Atlantic Ocean.",,gdSHi5Js104,,False,2023-07-28 00:01:00,2023,True,True
2163,kar1jndi77oapn20g7p8lw10,Starlink Mission,sl-6-6,final,starlink,Falcon 9,"SLC-40, Florida",2023-07-23,20:50:00,Droneship,,,,False,False,"On Sunday, July 23 at 8:50 p.m. ET, Falcon 9 launched 22 Starlink satellites to low-Earth orbit from Space Launch Complex 40 (SLC-40) at Cape Canaveral Space Force Station in Florida.

This was the sixth launch and landing for this Falcon 9 first stage booster, which previously launched CRS-26, OneWeb Launch 16, Intelsat IS-40e, and now three Starlink missions.",,qvwF3P8eF6Q,,False,2023-07-23 20:50:00,2023,True,True
3236,aclrzhcjtb6obpn8wsxczlg0,Starlink Mission,sl-6-15,final,starlink,Falcon 9,"SLC-4E, California ",2023-07-19,21:40:00,Droneship,,,,False,False,"On Wednesday, July 19 at 9:09 p.m. PT, Falcon 9 launched 15 Starlink satellites to low-Earth orbit from Space Launch Complex 4 East (SLC-4E) at Vandenberg Space Force Base in California.

This was the 10th flight for the first stage booster supporting this mission, which previously launched NROL-87, NROL-85, SARah-1, SWOT, Transporter-8, and now five Starlink missions.",,Z7c9JPUHpPM,,False,2023-07-19 21:40:00,2023,True,True
2152,yv0uia3v8ecv8vfd0mr7uksa,Starlink Mission,sl-5-15,final,starlink,Falcon 9,"SLC-40, Florida",2023-07-15,23:50:00,Droneship,,,,False,False,"On Saturday, July 15 at 11:50 p.m. ET, Falcon 9 launched 54 Starlink satellites to low-Earth orbit from Space Launch Complex 40 (SLC-40) at Cape Canaveral Space Force Station in Florida.

This was the 16th flight for the first stage booster supporting this mission, which previously launched GPS III-3, Turksat 5A, Transporter-2, Intelsat G-33/G-34, Transporter-6, and now 11 Starlink missions.",,p28VA2pfa2I,,False,2023-07-15 23:50:00,2023,True,True
2150,ln5541eztd0jhlbr6hvr7sry,Starlink Mission,sl-6-5,final,starlink,Falcon 9,"SLC-40, Florida",2023-07-09,23:58:00,Droneship,,,,False,False,"On Sunday, July 9 at 11:58 p.m. ET, Falcon 9 launched 22 Starlink satellites to low-Earth orbit from Space Launch Complex 40 (SLC-40) at Cape Canaveral Space Force Base in Florida.

This was the 16th flight for the first stage booster supporting this mission, which previously launched Crew Demo-2, ANASIS-II, CRS-21, Transporter-1, Transporter-3, and now eleven Starlink missions.",,UytWKGvbIFs,,False,2023-07-09 23:58:00,2023,True,True
3233,s1cxow67kgwldrf6e9bj1lna,Starlink Mission,sl-5-13,final,starlink,Falcon 9,"SLC-4E, California ",2023-07-07,12:32:00,Droneship,,,,False,False,"On Friday, July 7 at 12:29 p.m. PT, Falcon 9 launched 48 Starlink satellites to low-Earth orbit from Space Launch Complex 4 East (SLC-4E) at Vandenberg Space Force Base in California.

This was the 12th flight for the first stage booster supporting this mission, which previously launched Sentinel-6 Michael Freilich, DART, Transporter-7, Iridium OneWeb, and now eight Starlink missions.",,UdfKyxdSJBk,,False,2023-07-07 12:32:00,2023,True,True
1746,hldw6ltxd1bfhvnlgn83bvwa,ESA Euclid Mission,euclid,final,commercialSatellite,Falcon 9,"SLC-40, Florida",2023-07-01,11:12:00,Droneship,,,,False,False,"On Saturday, July 1 at 11:12 a.m. ET, SpaceX launched the ESA Euclid mission to a Sun-Earth L2 transfer orbit, also known as the Sun-Earth Lagrange point 2, from Space Launch Complex 40 (SLC-40) at Cape Canaveral Space Force Station in Florida.

This was the second launch and landing for this Falcon 9 first stage booster, which previously launched Ax-2.",,NIwvwYVUuxg,,False,2023-07-01 11:12:00,2023,True,True
2181,ob1cxmfqdrnp8r4s08j04mrr,Starlink Mission,sl5-12,final,starlink,Falcon 9,"SLC-40, Florida",2023-06-23,11:35:00,Droneship,,,,False,False,"On Friday, June 23 at 11:35 a.m. ET, Falcon 9 launched 56 Starlink satellites to low-Earth orbit from Space Launch Complex 40 (SLC-40) at Cape Canaveral Space Force Station in Florida.

This was the eighth launch and landing for this Falcon 9 first stage booster, which previously launched CRS-24, Eutelsat HOTBIRD 13F, OneWeb 1, SES-18 and SES-19, and now four Starlink missions.",,9lwAP91Y7Cs,,False,2023-06-23 11:35:00,2023,True,True
3232,v8qxw9zm7epxin8hsbcmv0sg,Starlink Mission,sl5-7,final,starlink,Falcon 9,"SLC-4E, California ",2023-06-22,00:19:00,Droneship,,,,False,False,"On Thursday, June 22 at 12:19 a.m. PT, Falcon 9 launched 47 Starlink satellites to low-Earth orbit from Space Launch Complex 4 East (SLC-4E) at Vandenberg Space Force Base, California.

This was the fourth launch and landing for this Falcon 9 first stage booster, which previously launched Space Development Agency’s Tranche 0 and now three Starlink missions.",,98JQV1czLsA,,False,2023-06-22 00:19:00,2023,True,True
2569,ojqbqumaitkqgkwuums8hw28,PSN SATRIA MISSION,psn-satria,final,,Falcon 9,"SLC-40, Florida",2023-06-18,18:21:00,Droneship,,,,False,False,"On Sunday, June 18 at 6:21 p.m. ET, SpaceX launched the PSN SATRIA mission to a geosynchronous transfer orbit from Space Launch Complex 40 (SLC-40) at Cape Canaveral Space Force Station in Florida.

This was the 12th launch and landing for this Falcon 9 first stage booster, which previously launched CRS-22, Crew-3, Turksat 5B, Crew-4, CRS-25, Eutelsat HOTBIRD 13G, mPOWER-a, and four Starlink missions.",,4fEMCn2L3OY,,False,2023-06-18 18:21:00,2023,True,True
2246,jp6f3ervvskczgjmtpy1frax,Transporter-8 Mission,transporter8,final,rideshare,Falcon 9,"SLC-4E, California",2023-06-12,14:19:00,Landing Zone,,,,False,False,"On Monday, June 12 at 2:35 p.m. PT, Falcon 9 launched Transporter-8, SpaceX’s eighth dedicated smallsat rideshare program mission, from Space Launch Complex 4E at Vandenberg Space Force Base in California.

This was the ninth launch and landing of this Falcon 9 stage booster, which previously supported the launch of NROL-87, NROL-85, SARah-1, SWOT, and four Starlink missions. On board this flight were 72 spacecraft, including CubeSats, MicroSats, a re-entry capsule, and orbital transfer vehicles carrying spacecraft to be deployed at a later time.",,zO3luySkHQU,,False,2023-06-12 14:19:00,2023,True,True
2138,fwxmj1injni01bzy40pa19xq,Starlink Mission,sl5-11,final,starlink,Falcon 9,"SLC-40, Florida",2023-06-12,03:10:00,Droneship,,,,False,False,"On Monday, June 12 at 3:10 a.m. ET, Falcon 9 launched 52 Starlink satellites to low-Earth orbit from Space Launch Complex 40 at Cape Canaveral Space Force Station, Florida.

This was the ninth launch and landing for this Falcon 9 first stage booster, which previously supported SES-22, ispace’s HAKUTO-R Mission 1, Hispasat Amazonas Nexus mission, CRS-27, and now five Starlink missions.",,emZ-oROYq8s,,False,2023-06-12 03:10:00,2023,True,True
1741,gdtrwz4ufoqgju4yoiyo6zxg,CRS-28 Mission,crs-28,final,resupply,Falcon 9,"LC-39A, Florida",2023-06-05,11:47:00,Droneship,,,,False,False,"On Monday, June 5, 2023, at 11:47 a.m. ET, Falcon 9 launched Dragon’s 28th Commercial Resupply Services mission (CRS-28) to the International Space Station from Launch Complex 39A (LC-39A) at NASA’s Kennedy Space Center in Florida. Dragon autonomously docked with the space station on Tuesday, June 6, at 5:54 a.m. ET.

After 23 days docked to the International Space Station, Dragon autonomously undocked at 12:30 p.m. ET on Thursday, June 29. Dragon completed its 28th Commercial Resupply Services mission to and from the International Space Station for NASA after successfully returning to Earth and splashing down off the coast of Florida on Friday, June 30 at 10:30 a.m. ET.

This was the fifth flight for the first stage booster supporting this mission, which previously launched Crew-5, GPS III Space Vehicle 06, Inmarsat I6-F2, and one Starlink mission. Following stage separation, Falcon 9’s first stage landed on the Just a Shortfall of Gravitas droneship in the Atlantic Ocean.",,Umx-gjHAXsc,,False,2023-06-05 11:47:00,2023,True,True
2171,gswg486s338ipsnc86gn2bmx,Starlink Mission,sl6-4,final,starlink,Falcon 9,"SLC-40, Florida",2023-06-04,05:58:00,Droneship,,,,False,False,"On Sunday, June 4 at 8:20 a.m. ET, Falcon 9 launched 22 second-generation Starlink satellites to low-Earth orbit from Space Launch Complex 40 (SLC-40) at Cape Canaveral Space Force Station in Florida.

This was the third launch and landing for this Falcon 9 first stage booster, which previously launched Crew-6 and SES O3b mPOWER.",,Dy68lCXLsGc,,False,2023-06-04 05:58:00,2023,True,True
3226,z9hrdg7uyzsnd4lybniuy8jq,STARLINK MISSION,sl2-10,final,starlink,Falcon 9,"SLC-4E, California ",2023-05-30,20:02:00,Droneship,,,,False,False,"On Tuesday, May 30 at 11:02 p.m. PT, Falcon 9 launched 52 Starlink satellites to low-Earth orbit from Space Launch Complex 4 East (SLC-4E) at Vandenberg Space Force Base, California.

This was the fourteenth launch and landing for this Falcon 9 first stage booster, which previously launched Crew-1, Crew-2, SXM-8, CRS-23, IXPE, Transporter-4, Transporter-5, Globalstar FM15, ISI EROS C-3, and now five Starlink missions.",,EfJxpU0CLNI,,False,2023-05-30 20:02:00,2023,True,True
1780,di4iudn2ow7k7vdieb36b847,ARABSAT BADR-8 Mission,ARABSAT-BADR-8,final,commercialSatellite,Falcon 9,"SLC-40, Florida",2023-05-27,00:30:00,Droneship,,,,False,False,"On Saturday, May 27 at 12:30 a.m. ET, SpaceX launched the ARABSAT BADR-8 mission to a geosynchronous transfer orbit from Space Launch Complex 40 (SLC-40) at Cape Canaveral Space Force Station in Florida.

This was the 14th launch and landing for this Falcon 9 first stage booster, which previously launched GPS III Space Vehicle 04, GPS III Space Vehicle 05, Inspiration4, Ax-1, Nilesat 301, OneWeb Launch 17, and seven Starlink missions.",,lBJ9uWdCLRI,,False,2023-05-27 00:30:00,2023,True,True
3476,ldn0exvehnvo88tc71q79crs,Ax-2 Mission,ax2,final,hsf,Falcon 9,"LC-39A, Florida",2023-05-21,17:37:00,Landing Zone,,,,False,False,"On Sunday, May 21 at 5:37 p.m. ET, Falcon 9 launched launched Dragon and Axiom Space's Axiom Mission 2 (Ax-2) to the orbiting laboratory from Launch Complex 39A at NASA’s Kennedy Space Center in Florida. Dragon autonomously docked with the International Space Station on Monday, May 22 at 9:12 a.m. ET.

After 10 days in space, Dragon and the Ax-3 astronauts returned to Earth, splashing down off the coast of Florida at 11:04 p.m. ET on Tuesday, May 30.

This was the second flight for the Dragon spacecraft supporting this mission, which previously flew NASA’s Crew-4 mission to and from the space station. This was the first flight for the first stage booster supporting this mission. Following stage separation, Falcon 9’s first stage landed on Landing Zone 1 (LZ-1) at Cape Canaveral Space Force Station.

Ax-2 was Axiom Space’s second private astronaut mission to the International Space Station, and the second of four missions SpaceX has launched to the space station on behalf of Axiom Space via SpaceX’s Falcon 9 and Dragon vehicles.","[{""id"": 1095, ""name"": ""Peggy Whitson"", ""bioLink"": ""https://www.axiomspace.com/astronaut/peggy-whitson"", ""description"": ""Commander"", ""portrait"": {""id"": 3738, ""name"": ""SPACEX_Axiom-2_Peggy_Whitson-02_FULLRES_BLKBG.jpg"", ""alternativeText"": ""SPACEX_Axiom-2_Peggy_Whitson-02_FULLRES_BLKBG.jpg"", ""caption"": ""SPACEX_Axiom-2_Peggy_Whitson-02_FULLRES_BLKBG.jpg"", ""width"": 1536, ""height"": 1229, ""formats"": {""large"": {""ext"": "".jpg"", ""url"": ""https://sxcontent9668.azureedge.us/cms-assets/assets/large_SPACEX_Axiom_2_Peggy_Whitson_02_FULLRES_BLKBG_d6aee346cb.jpg"", ""hash"": ""large_SPACEX_Axiom_2_Peggy_Whitson_02_FULLRES_BLKBG_d6aee346cb"", ""mime"": ""image/jpeg"", ""name"": ""large_SPACEX_Axiom-2_Peggy_Whitson-02_FULLRES_BLKBG.jpg"", ""path"": null, ""size"": 58.93, ""width"": 1000, ""height"": 800}, ""small"": {""ext"": "".jpg"", ""url"": ""https://sxcontent9668.azureedge.us/cms-assets/assets/small_SPACEX_Axiom_2_Peggy_Whitson_02_FULLRES_BLKBG_d6aee346cb.jpg"", ""hash"": ""small_SPACEX_Axiom_2_Peggy_Whitson_02_FULLRES_BLKBG_d6aee346cb"", ""mime"": ""image/jpeg"", ""name"": ""small_SPACEX_Axiom-2_Peggy_Whitson-02_FULLRES_BLKBG.jpg"", ""path"": null, ""size"": 18.52, ""width"": 500, ""height"": 400}, ""medium"": {""ext"": "".jpg"", ""url"": ""https://sxcontent9668.azureedge.us/cms-assets/assets/medium_SPACEX_Axiom_2_Peggy_Whitson_02_FULLRES_BLKBG_d6aee346cb.jpg"", ""hash"": ""medium_SPACEX_Axiom_2_Peggy_Whitson_02_FULLRES_BLKBG_d6aee346cb"", ""mime"": ""image/jpeg"", ""name"": ""medium_SPACEX_Axiom-2_Peggy_Whitson-02_FULLRES_BLKBG.jpg"", ""path"": null, ""size"": 35.97, ""width"": 750, ""height"": 600}, ""thumbnail"": {""ext"": "".jpg"", ""url"": ""https://sxcontent9668.azureedge.us/cms-assets/assets/thumbnail_SPACEX_Axiom_2_Peggy_Whitson_02_FULLRES_BLKBG_d6aee346cb.jpg"", ""hash"": ""thumbnail_SPACEX_Axiom_2_Peggy_Whitson_02_FULLRES_BLKBG_d6aee346cb"", ""mime"": ""image/jpeg"", ""name"": ""thumbnail_SPACEX_Axiom-2_Peggy_Whitson-02_FULLRES_BLKBG.jpg"", ""path"": null, ""size"": 4.54, ""width"": 195, ""height"": 156}}, ""hash"": ""SPACEX_Axiom_2_Peggy_Whitson_02_FULLRES_BLKBG_d6aee346cb"", ""ext"": "".jpg"", ""mime"": ""image/jpeg"", ""size"": 122.49, ""url"": ""https://sxcontent9668.azureedge.us/cms-assets/assets/SPACEX_Axiom_2_Peggy_Whitson_02_FULLRES_BLKBG_d6aee346cb.jpg"", ""previewUrl"": null, ""provider"": ""strapi-provider-upload-azure-storage"", ""provider_metadata"": null, ""folderPath"": ""/102/96"", ""createdAt"": ""2023-05-18T01:38:24.162Z"", ""updatedAt"": ""2023-05-18T01:38:24.162Z"", ""documentId"": ""b0hgaoevxar1ijp8yytklsoy"", ""locale"": null, ""publishedAt"": ""2024-10-21T16:04:39.469Z""}}, {""id"": 1096, ""name"": ""John Shoffner"", ""bioLink"": ""https://www.axiomspace.com/astronaut/john-shoffner"", ""description"": ""Pilot"", ""portrait"": {""id"": 3768, ""name"": ""SPACEX_Axiom-2_J_Shoffner_02_FULLRES_BLKBG.jpg"", ""alternativeText"": ""SPACEX_Axiom-2_J_Shoffner_02_FULLRES_BLKBG.jpg"", ""caption"": ""SPACEX_Axiom-2_J_Shoffner_02_FULLRES_BLKBG.jpg"", ""width"": 1536, ""height"": 1229, ""formats"": {""large"": {""ext"": "".jpg"", ""url"": ""https://sxcontent9668.azureedge.us/cms-assets/assets/large_SPACEX_Axiom_2_J_Shoffner_02_FULLRES_BLKBG_9324c5c8bf.jpg"", ""hash"": ""large_SPACEX_Axiom_2_J_Shoffner_02_FULLRES_BLKBG_9324c5c8bf"", ""mime"": ""image/jpeg"", ""name"": ""large_SPACEX_Axiom-2_J_Shoffner_02_FULLRES_BLKBG.jpg"", ""path"": null, ""size"": 62.4, ""width"": 1000, ""height"": 800}, ""small"": {""ext"": "".jpg"", ""url"": ""https://sxcontent9668.azureedge.us/cms-assets/assets/small_SPACEX_Axiom_2_J_Shoffner_02_FULLRES_BLKBG_9324c5c8bf.jpg"", ""hash"": ""small_SPACEX_Axiom_2_J_Shoffner_02_FULLRES_BLKBG_9324c5c8bf"", ""mime"": ""image/jpeg"", ""name"": ""small_SPACEX_Axiom-2_J_Shoffner_02_FULLRES_BLKBG.jpg"", ""path"": null, ""size"": 19.43, ""width"": 500, ""height"": 400}, ""medium"": {""ext"": "".jpg"", ""url"": ""https://sxcontent9668.azureedge.us/cms-assets/assets/medium_SPACEX_Axiom_2_J_Shoffner_02_FULLRES_BLKBG_9324c5c8bf.jpg"", ""hash"": ""medium_SPACEX_Axiom_2_J_Shoffner_02_FULLRES_BLKBG_9324c5c8bf"", ""mime"": ""image/jpeg"", ""name"": ""medium_SPACEX_Axiom-2_J_Shoffner_02_FULLRES_BLKBG.jpg"", ""path"": null, ""size"": 37.75, ""width"": 750, ""height"": 600}, ""thumbnail"": {""ext"": "".jpg"", ""url"": ""https://sxcontent9668.azureedge.us/cms-assets/assets/thumbnail_SPACEX_Axiom_2_J_Shoffner_02_FULLRES_BLKBG_9324c5c8bf.jpg"", ""hash"": ""thumbnail_SPACEX_Axiom_2_J_Shoffner_02_FULLRES_BLKBG_9324c5c8bf"", ""mime"": ""image/jpeg"", ""name"": ""thumbnail_SPACEX_Axiom-2_J_Shoffner_02_FULLRES_BLKBG.jpg"", ""path"": null, ""size"": 4.86, ""width"": 195, ""height"": 156}}, ""hash"": ""SPACEX_Axiom_2_J_Shoffner_02_FULLRES_BLKBG_9324c5c8bf"", ""ext"": "".jpg"", ""mime"": ""image/jpeg"", ""size"": 132.71, ""url"": ""https://sxcontent9668.azureedge.us/cms-assets/assets/SPACEX_Axiom_2_J_Shoffner_02_FULLRES_BLKBG_9324c5c8bf.jpg"", ""previewUrl"": null, ""provider"": ""strapi-provider-upload-azure-storage"", ""provider_metadata"": null, ""folderPath"": ""/102/96"", ""createdAt"": ""2023-05-18T01:38:23.878Z"", ""updatedAt"": ""2023-05-18T01:38:23.878Z"", ""documentId"": ""bqp0z8pgmq5cqp2g93ooij3j"", ""locale"": null, ""publishedAt"": ""2024-10-21T16:04:39.469Z""}}, {""id"": 1097, ""name"": ""Ali Alqarni"", ""bioLink"": ""https://www.axiomspace.com/astronaut/ali-alqarni"", ""description"": ""Mission Specialist"", ""portrait"": {""id"": 3723, ""name"": ""SPACEX_Axiom-2_A_Alqarni-02_FULLRES_BLKBG.jpg"", ""alternativeText"": ""SPACEX_Axiom-2_A_Alqarni-02_FULLRES_BLKBG.jpg"", ""caption"": ""SPACEX_Axiom-2_A_Alqarni-02_FULLRES_BLKBG.jpg"", ""width"": 1536, ""height"": 1229, ""formats"": {""large"": {""ext"": "".jpg"", ""url"": ""https://sxcontent9668.azureedge.us/cms-assets/assets/large_SPACEX_Axiom_2_A_Alqarni_02_FULLRES_BLKBG_91e690b80c.jpg"", ""hash"": ""large_SPACEX_Axiom_2_A_Alqarni_02_FULLRES_BLKBG_91e690b80c"", ""mime"": ""image/jpeg"", ""name"": ""large_SPACEX_Axiom-2_A_Alqarni-02_FULLRES_BLKBG.jpg"", ""path"": null, ""size"": 53.34, ""width"": 1000, ""height"": 800}, ""small"": {""ext"": "".jpg"", ""url"": ""https://sxcontent9668.azureedge.us/cms-assets/assets/small_SPACEX_Axiom_2_A_Alqarni_02_FULLRES_BLKBG_91e690b80c.jpg"", ""hash"": ""small_SPACEX_Axiom_2_A_Alqarni_02_FULLRES_BLKBG_91e690b80c"", ""mime"": ""image/jpeg"", ""name"": ""small_SPACEX_Axiom-2_A_Alqarni-02_FULLRES_BLKBG.jpg"", ""path"": null, ""size"": 17.04, ""width"": 500, ""height"": 400}, ""medium"": {""ext"": "".jpg"", ""url"": ""https://sxcontent9668.azureedge.us/cms-assets/assets/medium_SPACEX_Axiom_2_A_Alqarni_02_FULLRES_BLKBG_91e690b80c.jpg"", ""hash"": ""medium_SPACEX_Axiom_2_A_Alqarni_02_FULLRES_BLKBG_91e690b80c"", ""mime"": ""image/jpeg"", ""name"": ""medium_SPACEX_Axiom-2_A_Alqarni-02_FULLRES_BLKBG.jpg"", ""path"": null, ""size"": 32.96, ""width"": 750, ""height"": 600}, ""thumbnail"": {""ext"": "".jpg"", ""url"": ""https://sxcontent9668.azureedge.us/cms-assets/assets/thumbnail_SPACEX_Axiom_2_A_Alqarni_02_FULLRES_BLKBG_91e690b80c.jpg"", ""hash"": ""thumbnail_SPACEX_Axiom_2_A_Alqarni_02_FULLRES_BLKBG_91e690b80c"", ""mime"": ""image/jpeg"", ""name"": ""thumbnail_SPACEX_Axiom-2_A_Alqarni-02_FULLRES_BLKBG.jpg"", ""path"": null, ""size"": 4.4, ""width"": 195, ""height"": 156}}, ""hash"": ""SPACEX_Axiom_2_A_Alqarni_02_FULLRES_BLKBG_91e690b80c"", ""ext"": "".jpg"", ""mime"": ""image/jpeg"", ""size"": 111.29, ""url"": ""https://sxcontent9668.azureedge.us/cms-assets/assets/SPACEX_Axiom_2_A_Alqarni_02_FULLRES_BLKBG_91e690b80c.jpg"", ""previewUrl"": null, ""provider"": ""strapi-provider-upload-azure-storage"", ""provider_metadata"": null, ""folderPath"": ""/102/96"", ""createdAt"": ""2023-05-18T01:38:22.043Z"", ""updatedAt"": ""2023-05-18T01:38:22.043Z"", ""documentId"": ""kd46kp6fezw5xwoqzmo2cwoy"", ""locale"": null, ""publishedAt"": ""2024-10-21T16:04:39.469Z""}}, {""id"": 1098, ""name"": ""Rayyanah Barnawi"", ""bioLink"": ""https://www.axiomspace.com/astronaut/rayyanah-barnawi"", ""description"": ""Mission Specialist"", ""portrait"": {""id"": 4297, ""name"": ""SPACEX_Axiom-2_R_Barnawi_FULLRES_BLKBG.jpg"", ""alternativeText"": ""SPACEX_Axiom-2_R_Barnawi_FULLRES_BLKBG.jpg"", ""caption"": ""SPACEX_Axiom-2_R_Barnawi_FULLRES_BLKBG.jpg"", ""width"": 1536, ""height"": 1229, ""formats"": {""large"": {""ext"": "".jpg"", ""url"": ""https://sxcontent9668.azureedge.us/cms-assets/assets/large_SPACEX_Axiom_2_R_Barnawi_FULLRES_BLKBG_979aef3775.jpg"", ""hash"": ""large_SPACEX_Axiom_2_R_Barnawi_FULLRES_BLKBG_979aef3775"", ""mime"": ""image/jpeg"", ""name"": ""large_SPACEX_Axiom-2_R_Barnawi_FULLRES_BLKBG.jpg"", ""path"": null, ""size"": 60.57, ""width"": 1000, ""height"": 800}, ""small"": {""ext"": "".jpg"", ""url"": ""https://sxcontent9668.azureedge.us/cms-assets/assets/small_SPACEX_Axiom_2_R_Barnawi_FULLRES_BLKBG_979aef3775.jpg"", ""hash"": ""small_SPACEX_Axiom_2_R_Barnawi_FULLRES_BLKBG_979aef3775"", ""mime"": ""image/jpeg"", ""name"": ""small_SPACEX_Axiom-2_R_Barnawi_FULLRES_BLKBG.jpg"", ""path"": null, ""size"": 19.16, ""width"": 500, ""height"": 400}, ""medium"": {""ext"": "".jpg"", ""url"": ""https://sxcontent9668.azureedge.us/cms-assets/assets/medium_SPACEX_Axiom_2_R_Barnawi_FULLRES_BLKBG_979aef3775.jpg"", ""hash"": ""medium_SPACEX_Axiom_2_R_Barnawi_FULLRES_BLKBG_979aef3775"", ""mime"": ""image/jpeg"", ""name"": ""medium_SPACEX_Axiom-2_R_Barnawi_FULLRES_BLKBG.jpg"", ""path"": null, ""size"": 37.38, ""width"": 750, ""height"": 600}, ""thumbnail"": {""ext"": "".jpg"", ""url"": ""https://sxcontent9668.azureedge.us/cms-assets/assets/thumbnail_SPACEX_Axiom_2_R_Barnawi_FULLRES_BLKBG_979aef3775.jpg"", ""hash"": ""thumbnail_SPACEX_Axiom_2_R_Barnawi_FULLRES_BLKBG_979aef3775"", ""mime"": ""image/jpeg"", ""name"": ""thumbnail_SPACEX_Axiom-2_R_Barnawi_FULLRES_BLKBG.jpg"", ""path"": null, ""size"": 4.81, ""width"": 195, ""height"": 156}}, ""hash"": ""SPACEX_Axiom_2_R_Barnawi_FULLRES_BLKBG_979aef3775"", ""ext"": "".jpg"", ""mime"": ""image/jpeg"", ""size"": 125.68, ""url"": ""https://sxcontent9668.azureedge.us/cms-assets/assets/SPACEX_Axiom_2_R_Barnawi_FULLRES_BLKBG_979aef3775.jpg"", ""previewUrl"": null, ""provider"": ""strapi-provider-upload-azure-storage"", ""provider_metadata"": null, ""folderPath"": ""/102/96"", ""createdAt"": ""2023-05-18T01:38:23.133Z"", ""updatedAt"": ""2023-05-18T01:38:23.133Z"", ""documentId"": ""l5ikfjdu73p9d4qpn62w68uk"", ""locale"": null, ""publishedAt"": ""2024-10-21T16:04:39.469Z""}}]",9ekFE2RxBMI,youtube,False,2023-05-21 17:37:00,2023,True,True
1790,bnoqzd45dfsjgl3vno4075ag,Iridium OneWeb Mission ,iridium-oneweb,final,commercialSatellite,Falcon 9,"SLC-4E, California",2023-05-20,06:16:00,Droneship,,,,False,False,"On Saturday, May 20 at 6:16 a.m. PT, Falcon 9 launched the Iridium OneWeb mission to a low-Earth orbit from Space Launch Complex 4E (SLC-4E) at Vandenberg Space Force Base in California.

This was the eleventh launch of this booster, which previously supported the launch of Sentinel-6 Michael Freilich, DART, Transporter-7, and seven Starlink missions.",,crdFx4HiSFw,,False,2023-05-20 06:16:00,2023,True,True
2179,eafl3sjpp0kn1wngrmcvh9zl,starlink mission,sl6-3,final,starlink,Falcon 9,"SLC-40, Florida",2023-05-19,00:30:00,Droneship,,,,False,False,"On Friday, May 19 at 2:19 a.m. ET, Falcon 9 launched 22 second-generation Starlink satellites to low-Earth orbit from Space Launch Complex 40 at Cape Canaveral Space Force Station, Florida.

This was the fifth launch and landing for this Falcon 9 first stage booster, which previously launched CRS-26, OneWeb Launch 16, Intelsat IS-40e, and now two Starlink missions.",,VzEfuP95Z90,,False,2023-05-19 00:30:00,2023,True,True
2178,ak0o92rwz2svykzyml197wey,STARLINK MISSION,sl5-9,final,starlink,Falcon 9,"SLC-40, Florida",2023-05-14,01:03:00,Droneship,,,,False,False,"On Sunday, May 14 at 1:03 a.m. ET, Falcon 9 launched 56 Starlink satellites to low-Earth orbit from Space Launch Complex 40 (SLC-40) at Cape Canaveral Space Force Station in Florida.

This was the eleventh launch and landing for this Falcon 9 first stage booster, which previously launched CRS-22, Crew-3, Turksat 5B, Crew-4, CRS-25, Eutelsat HOTBIRD 13G, mPOWER-a and now four Starlink missions.",,RAmIaHGoaYU,,False,2023-05-14 01:03:00,2023,True,True
3227,mu9ej1bp5v0v29203ld59q81,Starlink Mission,sl2-9,final,starlink,Falcon 9,"SLC-4E, California ",2023-05-10,13:09:00,Droneship,,,,False,False,"On Wednesday, May 10 at 1:09 p.m. PT, Falcon 9 launched 51 Starlink satellites to low-Earth orbit from Space Launch Complex 4 East (SLC-4E) at Vandenberg Space Force Base, California.

This was the third launch and landing for this Falcon 9 first stage booster, which previously launched Space Development Agency’s Tranche 0 and now two Starlink missions.",,bzAcO60OPrk,,False,2023-05-10 13:09:00,2023,True,True
2168,d9qnppoi4f2fkv2xsam96jdm,STARLINK MISSION,sl5-6,final,starlink,Falcon 9,"SLC-40, Florida",2023-05-04,03:31:00,Droneship,,,,False,False,"On Thursday, May 4 at 3:31 a.m. ET, Falcon 9 launched 56 Starlink satellites to low-Earth orbit from Space Launch Complex 40 (SLC-40) at Cape Canaveral Space Force Station in Florida.

This was the seventh launch and landing for this Falcon 9 first stage booster, which previously launched CRS-24, Eutelsat HOTBIRD 13F, OneWeb 1, SES-18 and SES-19, and now three Starlink missions.",,R9eHIjRuBjY,,False,2023-05-04 03:31:00,2023,True,True
1690,jwc738cqrjhqik9fi2r2fkhc,ViaSat-3 Americas Mission,ViaSat-3-Americas,final,commercialSatellite,Falcon Heavy,"LC-39A, Florida",2023-04-30,19:29:00,Expended,,,,False,False,"On Sunday, April 30 at 8:26 p.m. ET, Falcon Heavy launched the ViaSat-3 Americas mission, delivering the ViaSat-3 Americas, Astranis's first MicroGEO satellite, and Gravity Space’s GS-1 satellite to a geostationary orbit from Launch Complex 39A (LC-39A) at Kennedy Space Center in Florida.

One of the side boosters on this mission previously supported Arabsat-6A, STP-2, COSMO-SkyMed Second Generation FM2, KPLO, and three Starlink missions, and the second previously supported launch of Arabsat-6A and STP-2.",,YFbp6PVbJQA,youtube,False,2023-04-30 19:29:00,2023,True,True
1791,hcls216z9gerdse7jx8j5lgh,SES O3b mPOWER Mission ,SES-03b-mPOWERb,final,commercialSatellite,Falcon 9,"SLC-40, Florida",2023-04-28,17:12:00,Droneship,,,,False,False,"On Friday, April 28 at 6:12 p.m. ET, SpaceX launched the SES O3b mPOWER mission to medium-Earth orbit from Space Launch Complex 40 (SLC-40) at Cape Canaveral Space Force Station in Florida.

This was the second launch and landing for this Falcon 9 first stage booster, which previously supported Crew-6.",,QER02i5yWxw,youtube,False,2023-04-28 17:12:00,2023,True,True
3229,g3b1djns5zc6bn6c5liou6hk,Starlink Mission,sl3-5,final,starlink,Falcon 9,"SLC-4E, California ",2023-04-27,06:40:00,Droneship,,,,False,False,,,,,,2023-04-27 06:40:00,2023,True,True
3744,e6c8p4sj7a2vek9ty4cl10ji,Starship Flight Test,starship-flight-test,final,starship,Starship,"Pad 1, Starbase",2023-04-20,08:28:00,Expended,,,,False,False,"Starship gave us quite a show during today’s first flight test of a fully integrated Starship and Super Heavy rocket from Starbase in Texas.

At 8:33 a.m. CT, Starship successfully lifted off from the orbital launch pad for the first time. The vehicle cleared the pad and beach as Starship climbed to an apogee of ~39 km over the Gulf of Mexico – the highest of any Starship to-date. The vehicle experienced multiple engines out during the flight test, lost altitude, and began to tumble. The flight termination system was commanded on both the booster and ship. As is standard procedure, the pad and surrounding area was cleared well in advance of the test, and we expect the road and beach near the pad to remain closed until tomorrow.

With a test like this, success comes from what we learn, and we learned a tremendous amount about the vehicle and ground systems today that will help us improve on future flights of Starship.

Thank you to our customers, Cameron County, and the wider community for the continued support and encouragement. And congratulations to the entire SpaceX team on an exciting first flight test of Starship!",,-1wcilQ58hI&t,youtube,False,2023-04-20 08:28:00,2023,True,True
1665,nb15fg9e296fzcj2bh8j6q6v,STARLINK MISSION,sl-6-2,final,starlink,Falcon 9,"SLC-40, Florida",2023-04-19,10:31:00,Droneship,,,,False,False,"On Wednesday, April 19 at 10:31 a.m. ET, Falcon 9 launched 21 second-generation Starlink satellites to low-Earth orbit from Space Launch Complex 40 at Cape Canaveral Space Force Station, Florida.

This was the eighth launch and landing for this Falcon 9 first stage booster, which previously launched SES-22, ispace’s HAKUTO-R Mission 1, Hispasat Amazonas Nexus, CRS-27, and now four Starlink missions.",,kpoMcjTvylk,youtube,False,2023-04-19 10:31:00,2023,True,True
2277,me5xcjyj2k40phein1ui1e5c,Transporter-7 Mission,transporter7,final,rideshare,Falcon 9,"SLC-4E, California",2023-04-14,23:44:00,Landing Zone,,,,False,False,"On Friday, April 14 at 11:48 p.m. PT, Falcon 9 launched Transporter-7, SpaceX’s seventh dedicated smallsat rideshare program mission, from Space Launch Complex 4E at Vandenberg Space Force Base in California. This was the tenth launch and landing of this Falcon 9 stage booster, which previously supported the launch of Sentinel-6 Michael Freilich, DART, and seven Starlink missions.

On board this flight were 51 spacecraft, including CubeSats, MicroSats, hosted payloads and orbital transfer vehicles.",,F_OEbfFvdeE,youtube,False,2023-04-14 23:44:00,2023,True,True
2543,ecvrchy67kw8gr1idoi9cd7o,Intelsat IS-40e Mission,intelsat-IS40e,final,commercialSatellite,Falcon 9,"SLC-40, Florida",2023-04-07,00:30:00,Droneship,,,,False,False,"On Friday, April 7 at 12:30 a.m. ET, Falcon 9 launched the Intelsat IS-40e mission to a geosynchronous transfer orbit from Space Launch Complex 40 (SLC-40) at Cape Canaveral Space Force Station in Florida.

This was the fourth launch and landing of this booster, which previously supported CRS-26, OneWeb Launch 16, and one Starlink mission.",,TyWpP0fCxy8,youtube,False,2023-04-07 00:30:00,2023,True,True
3217,cs5q75brydv8g4mcc4rt3ckc,Space Development Agency’s Tranche 0 Mission,SDA-Tranche0A,final,nssl,Falcon 9,"SLC-4E, California",2023-04-02,07:29:00,Landing Zone,,,,False,False,"On Sunday, April 2 at 7:29 a.m. PT, SpaceX launched the Space Development Agency’s Tranche 0 mission to low-Earth orbit from Space Launch Complex 4E (SLC-4E) at Vandenberg Space Force Base in California.

The space vehicles launched during this mission will serve a part of SDA’s Proliferated Warfighter Space Architecture, a new layered network of satellites in low-Earth orbit and supporting elements that will provide global military communication and missile warning, indication, and tracking capabilities.

This was the second launch and landing of this Falcon 9 first stage booster, which previously launched one Starlink mission.",,vnnUoZ66ihg,youtube,False,2023-04-02 07:29:00,2023,True,True
1682,gidy1uuqzct36xi7g0wfakdn,Starlink mission,sl-5-10,final,starlink,Falcon 9,"SLC-40, Florida",2023-03-29,16:01:00,Droneship,,,,False,False,"On Wednesday, March 29 at 4:01 p.m. ET, Falcon 9 launched 56 Starlink satellites to low-Earth orbit from Space Launch Complex 40 at Cape Canaveral Space Force Station, Florida

This was the fourth launch and landing for this Falcon 9 first stage booster, which previously launched Crew-5, GPS III Space Vehicle 06, and Inmarsat I-6 F2.",,iS9cT0vz3ng,youtube,False,2023-03-29 16:01:00,2023,True,True
2174,h8dfxhhra9z65po5gyysumf2,Starlink Mission,sl5-5,final,starlink,Falcon 9,"SLC-40, Florida",2023-03-24,11:43:00,Droneship,,,,False,False,"On Friday, March 24 at 11:33 a.m. ET, Falcon 9 launched 56 Starlink satellites to low-Earth orbit from Space Launch Complex 40 at Cape Canaveral Space Force Station, Florida.

This was the tenth launch and landing for this Falcon 9 first stage booster, which previously launched CRS-22, Crew-3, Turksat 5B, Crew-4, CRS-25, Eutelsat HOTBIRD 13G, mPOWER-a and now three Starlink missions.",,Bhe91f5smxM,,False,2023-03-24 11:43:00,2023,True,True
1801,dmo9an1o476vq0spyi7qjwvc,SES-18 and SES-19 Mission,SES-18-SES-19,final,commercialSatellite,Falcon 9,"SLC-40, Florida",2023-03-17,19:38:00,Droneship,,,,False,False,"On Friday, March 17 at 7:38 p.m. ET, Falcon 9 launched SES-18 and SES-19 to a geosynchronous transfer orbit from Space Launch Complex 40 (SLC-40) at Cape Canaveral Space Force Station in Florida.

This was the sixth launch and landing of this booster, which previously supported the launch CRS-24, Eutelsat HOTBIRD 13F, OneWeb 1, and two Starlink missions.",,4aMf9K_ZaAI,youtube,False,2023-03-17 19:38:00,2023,True,True
3224,x53w5psssv1em94mt7qyfyr3,Starlink Mission,sl-2-8,final,starlink,Falcon 9,SLC-4E,2023-03-17,12:21:00,Droneship,,,,False,False,"On Friday, March 17 at 12:26 p.m. PT, Falcon 9 launched 52 Starlink satellites to low-Earth orbit from Space Launch Complex 4 East (SLC-4E) at Vandenberg Space Force Base, California.

This was the eighth launch and landing for this Falcon 9 first stage booster, which previously launched NROL-87, NROL-85, SARah-1, SWOT, and now four Starlink missions.",,HT2F37M193Y,youtube,False,2023-03-17 12:21:00,2023,True,True
2700,ormmu36pyxlakxlqpc1htj5q,CRS-27 Mission,crs-27,final,resupply,Falcon 9,"LC-39A, Florida",2023-03-14,20:30:00,Droneship,,,,False,False,"On Tuesday, March 14, 2023, at 8:30 p.m. ET, Falcon 9 launched Dragon’s 27th Commercial Resupply Services mission (CRS-27) to the International Space Station from Launch Complex 39A (LC-39A) at NASA’s Kennedy Space Center in Florida. Dragon autonomously docked with the space station on Thursday, March 16 at 7:31 a.m. ET.

After 30 days docked to the International Space Station, Dragon autonomously undocked at 11:05 a.m. ET on Saturday, April 15. Dragon completed its 27th Commercial Resupply Services mission to and from the space station for NASA after successfully returning to Earth and splashing down off the coast of Florida on Saturday, April 15 at 4:58 p.m. ET.

This was the seventh flight for the first stage booster supporting this mission, which previously launched SES-22, ispace's HAKUTO-R MISSION 1, Amazonas-6, and three Starlink missions. Following stage separation, Falcon 9’s first stage landed on the Just a Shortfall of Gravitas droneship in the Atlantic Ocean.",,8tteM4Q2Lh0,,False,2023-03-14 20:30:00,2023,True,True
2765,ivn1f3qtf9pgc46mglsb73p0,ONEWEB LAUNCH 17 MISSION,oneweblaunch17,final,commercialSatellite,Falcon 9,"SLC-40, Florida",2023-03-09,14:13:00,Landing Zone,,,,False,False,"On Thursday, March 9 at 2:13 p.m. ET, SpaceX launched the OneWeb Launch 17 mission to low-Earth orbit from Space Launch Complex 40 (SLC-40) at Cape Canaveral Space Force Station in Florida.

This was the thirteenth launch and landing for this Falcon 9 first stage booster, which previously launched GPS III Space Vehicle 04, GPS III Space Vehicle 05, Inspiration4, Ax-1, Nilesat 301, and seven Starlink missions.",,AfWFGJMTSqw,youtube,False,2023-03-09 14:13:00,2023,True,True
3223,gl5v64p236jtgyuh2pj39eaw,starlink mission,sl-2-7,final,starlink,Falcon 9,"SLC-4E, California",2023-03-03,10:38:00,Droneship,,,,False,False,"On Friday, March 3 at 10:38 a.m. PT, Falcon 9 launched 51 Starlink satellites to low-Earth orbit from Space Launch Complex 4 East (SLC-4E) at Vandenberg Space Force Base, California.

This was the twelfth launch and landing for this Falcon 9 first stage booster, which previously launched Crew-1, Crew-2, SXM-8, CRS-23, IXPE, Transporter-4, Transporter-5, Globalstar FM15, ISI EROS C-3, and now three Starlink missions.",,BAkApUbevaA,youtube,False,2023-03-03 10:38:00,2023,True,True
2070,fd8uqai4148k9etif2rrjn6q,Crew-6 Mission,crew6,final,hsf,Falcon 9,"LC-39A, Florida",2023-03-02,00:34:00,Droneship,,,,False,False,"On Thursday, March 2 at 12:34 a.m. ET, Falcon 9 launched Dragon’s sixth operational human spaceflight mission Crew-6 to the International Space Station from Launch Complex 39A (LC-39A) at NASA’s Kennedy Space Center in Florida. Dragon autonomously docked with the International Space Station approximately 25 hours later on Friday, March 3 at 1:40 a.m. ET.

After almost 186 days in space, Dragon and the Crew-6 astronauts returned to Earth and splashed down off the coast of Florida at 12:17 a.m. ET on Monday, September 4.

This was the fourth flight for the Dragon spacecraft supporting this mission, which previously flew NASA’s Crew Demo-2, Crew-2, and Ax-1 to and from the space station. This was also the first flight for the first stage booster supporting this mission. Following stage separation, the first stage landed on the Just Read the Instructions droneship, which was stationed in the Atlantic Ocean.

During their time on the orbiting laboratory, the crew conducted over 200 science experiments and technology demonstrations in areas such as life and physical sciences to advanced materials, technology development, in-space production applications, and even student-led research.","[{""id"": 1065, ""name"": ""Stephen Bowen"", ""bioLink"": ""https://www.nasa.gov/people/stephen-g-bowen/"", ""description"": ""Commander"", ""portrait"": {""id"": 3862, ""name"": ""1.31.23_SPACEX_Crew_6_Portrait_StephenBowen.jpg"", ""alternativeText"": ""1.31.23_SPACEX_Crew_6_Portrait_StephenBowen.jpg"", ""caption"": ""1.31.23_SPACEX_Crew_6_Portrait_StephenBowen.jpg"", ""width"": 1536, ""height"": 1920, ""formats"": {""large"": {""ext"": "".jpg"", ""url"": ""https://sxcontent9668.azureedge.us/cms-assets/assets/large_1_31_23_SPACEX_Crew_6_Portrait_Stephen_Bowen_dcf9b75c12.jpg"", ""hash"": ""large_1_31_23_SPACEX_Crew_6_Portrait_Stephen_Bowen_dcf9b75c12"", ""mime"": ""image/jpeg"", ""name"": ""large_1.31.23_SPACEX_Crew_6_Portrait_StephenBowen.jpg"", ""path"": null, ""size"": 97.65, ""width"": 800, ""height"": 1000}, ""small"": {""ext"": "".jpg"", ""url"": ""https://sxcontent9668.azureedge.us/cms-assets/assets/small_1_31_23_SPACEX_Crew_6_Portrait_Stephen_Bowen_dcf9b75c12.jpg"", ""hash"": ""small_1_31_23_SPACEX_Crew_6_Portrait_Stephen_Bowen_dcf9b75c12"", ""mime"": ""image/jpeg"", ""name"": ""small_1.31.23_SPACEX_Crew_6_Portrait_StephenBowen.jpg"", ""path"": null, ""size"": 28.29, ""width"": 400, ""height"": 500}, ""medium"": {""ext"": "".jpg"", ""url"": ""https://sxcontent9668.azureedge.us/cms-assets/assets/medium_1_31_23_SPACEX_Crew_6_Portrait_Stephen_Bowen_dcf9b75c12.jpg"", ""hash"": ""medium_1_31_23_SPACEX_Crew_6_Portrait_Stephen_Bowen_dcf9b75c12"", ""mime"": ""image/jpeg"", ""name"": ""medium_1.31.23_SPACEX_Crew_6_Portrait_StephenBowen.jpg"", ""path"": null, ""size"": 56.89, ""width"": 600, ""height"": 750}, ""thumbnail"": {""ext"": "".jpg"", ""url"": ""https://sxcontent9668.azureedge.us/cms-assets/assets/thumbnail_1_31_23_SPACEX_Crew_6_Portrait_Stephen_Bowen_dcf9b75c12.jpg"", ""hash"": ""thumbnail_1_31_23_SPACEX_Crew_6_Portrait_Stephen_Bowen_dcf9b75c12"", ""mime"": ""image/jpeg"", ""name"": ""thumbnail_1.31.23_SPACEX_Crew_6_Portrait_StephenBowen.jpg"", ""path"": null, ""size"": 4.86, ""width"": 125, ""height"": 156}}, ""hash"": ""1_31_23_SPACEX_Crew_6_Portrait_Stephen_Bowen_dcf9b75c12"", ""ext"": "".jpg"", ""mime"": ""image/jpeg"", ""size"": 411.11, ""url"": ""https://sxcontent9668.azureedge.us/cms-assets/assets/1_31_23_SPACEX_Crew_6_Portrait_Stephen_Bowen_dcf9b75c12.jpg"", ""previewUrl"": null, ""provider"": ""strapi-provider-upload-azure-storage"", ""provider_metadata"": null, ""folderPath"": ""/102/63/127"", ""createdAt"": ""2023-02-22T04:23:43.993Z"", ""updatedAt"": ""2023-02-22T04:23:43.993Z"", ""documentId"": ""ez1r6bxpj96sipctt066p09j"", ""locale"": null, ""publishedAt"": ""2024-10-21T16:04:39.469Z""}}, {""id"": 1066, ""name"": ""Warren \""Woody\"" Hoburg"", ""bioLink"": ""https://www.nasa.gov/people/warren-hoburg/"", ""description"": ""Pilot"", ""portrait"": {""id"": 4139, ""name"": ""1.31.23_SPACEX_Crew_6_Portrait_WoodyHoburg.jpg"", ""alternativeText"": ""1.31.23_SPACEX_Crew_6_Portrait_WoodyHoburg.jpg"", ""caption"": ""1.31.23_SPACEX_Crew_6_Portrait_WoodyHoburg.jpg"", ""width"": 1536, ""height"": 1920, ""formats"": {""large"": {""ext"": "".jpg"", ""url"": ""https://sxcontent9668.azureedge.us/cms-assets/assets/large_1_31_23_SPACEX_Crew_6_Portrait_Woody_Hoburg_af35fcf854.jpg"", ""hash"": ""large_1_31_23_SPACEX_Crew_6_Portrait_Woody_Hoburg_af35fcf854"", ""mime"": ""image/jpeg"", ""name"": ""large_1.31.23_SPACEX_Crew_6_Portrait_WoodyHoburg.jpg"", ""path"": null, ""size"": 92.29, ""width"": 800, ""height"": 1000}, ""small"": {""ext"": "".jpg"", ""url"": ""https://sxcontent9668.azureedge.us/cms-assets/assets/small_1_31_23_SPACEX_Crew_6_Portrait_Woody_Hoburg_af35fcf854.jpg"", ""hash"": ""small_1_31_23_SPACEX_Crew_6_Portrait_Woody_Hoburg_af35fcf854"", ""mime"": ""image/jpeg"", ""name"": ""small_1.31.23_SPACEX_Crew_6_Portrait_WoodyHoburg.jpg"", ""path"": null, ""size"": 28.52, ""width"": 400, ""height"": 500}, ""medium"": {""ext"": "".jpg"", ""url"": ""https://sxcontent9668.azureedge.us/cms-assets/assets/medium_1_31_23_SPACEX_Crew_6_Portrait_Woody_Hoburg_af35fcf854.jpg"", ""hash"": ""medium_1_31_23_SPACEX_Crew_6_Portrait_Woody_Hoburg_af35fcf854"", ""mime"": ""image/jpeg"", ""name"": ""medium_1.31.23_SPACEX_Crew_6_Portrait_WoodyHoburg.jpg"", ""path"": null, ""size"": 55.43, ""width"": 600, ""height"": 750}, ""thumbnail"": {""ext"": "".jpg"", ""url"": ""https://sxcontent9668.azureedge.us/cms-assets/assets/thumbnail_1_31_23_SPACEX_Crew_6_Portrait_Woody_Hoburg_af35fcf854.jpg"", ""hash"": ""thumbnail_1_31_23_SPACEX_Crew_6_Portrait_Woody_Hoburg_af35fcf854"", ""mime"": ""image/jpeg"", ""name"": ""thumbnail_1.31.23_SPACEX_Crew_6_Portrait_WoodyHoburg.jpg"", ""path"": null, ""size"": 5.13, ""width"": 125, ""height"": 156}}, ""hash"": ""1_31_23_SPACEX_Crew_6_Portrait_Woody_Hoburg_af35fcf854"", ""ext"": "".jpg"", ""mime"": ""image/jpeg"", ""size"": 330.12, ""url"": ""https://sxcontent9668.azureedge.us/cms-assets/assets/1_31_23_SPACEX_Crew_6_Portrait_Woody_Hoburg_af35fcf854.jpg"", ""previewUrl"": null, ""provider"": ""strapi-provider-upload-azure-storage"", ""provider_metadata"": null, ""folderPath"": ""/102/63/127"", ""createdAt"": ""2023-02-22T04:23:43.236Z"", ""updatedAt"": ""2023-02-22T04:23:43.236Z"", ""documentId"": ""gidt1yptyc9pgwy76fx2hqlr"", ""locale"": null, ""publishedAt"": ""2024-10-21T16:04:39.469Z""}}, {""id"": 1067, ""name"": ""Andrey Fedyaev"", ""bioLink"": ""https://www.gctc.ru/main.php?id=1716"", ""description"": ""Mission Specialist"", ""portrait"": {""id"": 4360, ""name"": ""1.31.23_SPACEX_Crew_6_Portrait_AndreyFedyaev.jpg"", ""alternativeText"": ""1.31.23_SPACEX_Crew_6_Portrait_AndreyFedyaev.jpg"", ""caption"": ""1.31.23_SPACEX_Crew_6_Portrait_AndreyFedyaev.jpg"", ""width"": 1536, ""height"": 1920, ""formats"": {""large"": {""ext"": "".jpg"", ""url"": ""https://sxcontent9668.azureedge.us/cms-assets/assets/large_1_31_23_SPACEX_Crew_6_Portrait_Andrey_Fedyaev_cc7818d76f.jpg"", ""hash"": ""large_1_31_23_SPACEX_Crew_6_Portrait_Andrey_Fedyaev_cc7818d76f"", ""mime"": ""image/jpeg"", ""name"": ""large_1.31.23_SPACEX_Crew_6_Portrait_AndreyFedyaev.jpg"", ""path"": null, ""size"": 98.85, ""width"": 800, ""height"": 1000}, ""small"": {""ext"": "".jpg"", ""url"": ""https://sxcontent9668.azureedge.us/cms-assets/assets/small_1_31_23_SPACEX_Crew_6_Portrait_Andrey_Fedyaev_cc7818d76f.jpg"", ""hash"": ""small_1_31_23_SPACEX_Crew_6_Portrait_Andrey_Fedyaev_cc7818d76f"", ""mime"": ""image/jpeg"", ""name"": ""small_1.31.23_SPACEX_Crew_6_Portrait_AndreyFedyaev.jpg"", ""path"": null, ""size"": 28.01, ""width"": 400, ""height"": 500}, ""medium"": {""ext"": "".jpg"", ""url"": ""https://sxcontent9668.azureedge.us/cms-assets/assets/medium_1_31_23_SPACEX_Crew_6_Portrait_Andrey_Fedyaev_cc7818d76f.jpg"", ""hash"": ""medium_1_31_23_SPACEX_Crew_6_Portrait_Andrey_Fedyaev_cc7818d76f"", ""mime"": ""image/jpeg"", ""name"": ""medium_1.31.23_SPACEX_Crew_6_Portrait_AndreyFedyaev.jpg"", ""path"": null, ""size"": 56.73, ""width"": 600, ""height"": 750}, ""thumbnail"": {""ext"": "".jpg"", ""url"": ""https://sxcontent9668.azureedge.us/cms-assets/assets/thumbnail_1_31_23_SPACEX_Crew_6_Portrait_Andrey_Fedyaev_cc7818d76f.jpg"", ""hash"": ""thumbnail_1_31_23_SPACEX_Crew_6_Portrait_Andrey_Fedyaev_cc7818d76f"", ""mime"": ""image/jpeg"", ""name"": ""thumbnail_1.31.23_SPACEX_Crew_6_Portrait_AndreyFedyaev.jpg"", ""path"": null, ""size"": 4.86, ""width"": 125, ""height"": 156}}, ""hash"": ""1_31_23_SPACEX_Crew_6_Portrait_Andrey_Fedyaev_cc7818d76f"", ""ext"": "".jpg"", ""mime"": ""image/jpeg"", ""size"": 398.01, ""url"": ""https://sxcontent9668.azureedge.us/cms-assets/assets/1_31_23_SPACEX_Crew_6_Portrait_Andrey_Fedyaev_cc7818d76f.jpg"", ""previewUrl"": null, ""provider"": ""strapi-provider-upload-azure-storage"", ""provider_metadata"": null, ""folderPath"": ""/102/63/127"", ""createdAt"": ""2023-02-22T04:23:45.058Z"", ""updatedAt"": ""2023-02-22T04:23:45.058Z"", ""documentId"": ""zstsyu9bcsd3w8rp6vi1dclg"", ""locale"": null, ""publishedAt"": ""2024-10-21T16:04:39.469Z""}}, {""id"": 1068, ""name"": ""Sultan Alneyadi"", ""bioLink"": ""https://www.mbrsc.ae/sultan-alneyadi/"", ""description"": ""Mission Specialist"", ""portrait"": {""id"": 3884, ""name"": ""1.31.23_SPACEX_Crew_6_Portrait_SultanAlneyadi.jpg"", ""alternativeText"": ""1.31.23_SPACEX_Crew_6_Portrait_SultanAlneyadi.jpg"", ""caption"": ""1.31.23_SPACEX_Crew_6_Portrait_SultanAlneyadi.jpg"", ""width"": 1536, ""height"": 1920, ""formats"": {""large"": {""ext"": "".jpg"", ""url"": ""https://sxcontent9668.azureedge.us/cms-assets/assets/large_1_31_23_SPACEX_Crew_6_Portrait_Sultan_Alneyadi_3583a04d1d.jpg"", ""hash"": ""large_1_31_23_SPACEX_Crew_6_Portrait_Sultan_Alneyadi_3583a04d1d"", ""mime"": ""image/jpeg"", ""name"": ""large_1.31.23_SPACEX_Crew_6_Portrait_SultanAlneyadi.jpg"", ""path"": null, ""size"": 93.41, ""width"": 800, ""height"": 1000}, ""small"": {""ext"": "".jpg"", ""url"": ""https://sxcontent9668.azureedge.us/cms-assets/assets/small_1_31_23_SPACEX_Crew_6_Portrait_Sultan_Alneyadi_3583a04d1d.jpg"", ""hash"": ""small_1_31_23_SPACEX_Crew_6_Portrait_Sultan_Alneyadi_3583a04d1d"", ""mime"": ""image/jpeg"", ""name"": ""small_1.31.23_SPACEX_Crew_6_Portrait_SultanAlneyadi.jpg"", ""path"": null, ""size"": 27.22, ""width"": 400, ""height"": 500}, ""medium"": {""ext"": "".jpg"", ""url"": ""https://sxcontent9668.azureedge.us/cms-assets/assets/medium_1_31_23_SPACEX_Crew_6_Portrait_Sultan_Alneyadi_3583a04d1d.jpg"", ""hash"": ""medium_1_31_23_SPACEX_Crew_6_Portrait_Sultan_Alneyadi_3583a04d1d"", ""mime"": ""image/jpeg"", ""name"": ""medium_1.31.23_SPACEX_Crew_6_Portrait_SultanAlneyadi.jpg"", ""path"": null, ""size"": 54.27, ""width"": 600, ""height"": 750}, ""thumbnail"": {""ext"": "".jpg"", ""url"": ""https://sxcontent9668.azureedge.us/cms-assets/assets/thumbnail_1_31_23_SPACEX_Crew_6_Portrait_Sultan_Alneyadi_3583a04d1d.jpg"", ""hash"": ""thumbnail_1_31_23_SPACEX_Crew_6_Portrait_Sultan_Alneyadi_3583a04d1d"", ""mime"": ""image/jpeg"", ""name"": ""thumbnail_1.31.23_SPACEX_Crew_6_Portrait_SultanAlneyadi.jpg"", ""path"": null, ""size"": 4.83, ""width"": 125, ""height"": 156}}, ""hash"": ""1_31_23_SPACEX_Crew_6_Portrait_Sultan_Alneyadi_3583a04d1d"", ""ext"": "".jpg"", ""mime"": ""image/jpeg"", ""size"": 396.32, ""url"": ""https://sxcontent9668.azureedge.us/cms-assets/assets/1_31_23_SPACEX_Crew_6_Portrait_Sultan_Alneyadi_3583a04d1d.jpg"", ""previewUrl"": null, ""provider"": ""strapi-provider-upload-azure-storage"", ""provider_metadata"": null, ""folderPath"": ""/102/63/127"", ""createdAt"": ""2023-02-22T04:23:43.431Z"", ""updatedAt"": ""2023-02-22T04:23:43.431Z"", ""documentId"": ""jboz5zddqtj31h7y06orrj12"", ""locale"": null, ""publishedAt"": ""2024-10-21T16:04:39.469Z""}}]",BZfB8Ny2Tkw,youtube,False,2023-03-02 00:34:00,2023,True,True
1697,c8t5vsf0zfu2bf9ntno8la9d,STARLINK MISSION,sl-6-1,final,starlink,Falcon 9,"SLC-40, Florida",2023-02-27,18:07:00,Droneship,,,,False,False,"On Monday, February 27 at 6:13 p.m. ET, SpaceX launched 21 second-generation Starlink satellites to low-Earth orbit from Space Launch Complex 40 (SLC-40) at Cape Canaveral Space Force Station in Florida.

This was the third launch and landing of this Falcon 9 first stage booster, which previously launched CRS-26 and OneWeb Launch 16.",,oe4S-q_gQaU,youtube,False,2023-02-27 18:07:00,2023,True,True
2495,i87xukiphxcv7n1w1nm7kcli,Inmarsat’s I-6 F2 Mission ,Inmarsat-I-6-F2,final,commercialSatellite,Falcon 9,"SLC-40, Florida",2023-02-17,22:59:00,Droneship,,,,False,False,"On Friday, February 17 at 10:59 p.m. ET, SpaceX launched the Inmarsat I-6 F2 mission from Space Launch Complex 40 (SLC-40) at Cape Canaveral Space Force Station in Florida.

This was the third launch and landing for this Falcon 9 first stage booster, which previously supported the launch of Crew-5 and GPS III Space Vehicle 06.",,PxfFL249aoU,youtube,False,2023-02-17 22:59:00,2023,True,True
3221,m3avesc3y03elycfz95l01rr,STARLINK MISSION,sl-2-5,final,starlink,Falcon 9,"SLC-4E, California",2023-02-17,11:12:00,Droneship,,,,False,False,"On Friday, February 17 at 11:12 a.m. PT, Falcon 9 launched 51 Starlink satellites to low-Earth orbit from Space Launch Complex 4 East (SLC-4E) at Vandenberg Space Force Base, California.

This was the ninth launch and landing for this Falcon 9 first stage booster, which previously launched Sentinel-6 Michael Freilich, DART, and now seven Starlink missions.",,JILQ2qe-cjI,youtube,False,2023-02-17 11:12:00,2023,True,True
1721,tbcddh8ud7oumgchvxp3pxyt,Starlink mission,sl-5-4,final,starlink,Falcon 9,"SLC-40, Florida",2023-02-12,00:10:00,Droneship,,,,False,False,"On Sunday, February 12 at 12:10 a.m. ET, Falcon 9 launched 55 Starlink satellites to low-Earth orbit from Space Launch Complex 40 (SLC-40) at Cape Canaveral Space Force Station in Florida.

This was the twelfth launch and landing for this Falcon 9 first stage booster, which previously launched GPS III Space Vehicle 04, GPS III Space Vehicle 05, Inspiration4, Ax-1, Nilesat 301, and now seven Starlink missions.",,Xh9gWCv2sXU,youtube,False,2023-02-12 00:10:00,2023,True,True
2641,ftf6mgerleia9ulvo6yax62y,HISPASAT AMAZONAS NEXUS MISSION,hispasat-amazonas-nexus,final,commercialSatellite,Falcon 9,"SLC-40, Florida",2023-02-06,20:32:00,Droneship,,,,False,False,"On Monday, February 6 at 8:32 p.m. ET, SpaceX launched the Hispasat Amazonas Nexus mission from Space Launch Complex 40 (SLC-40) at Cape Canaveral Space Force Station in Florida.

This was the sixth launch and landing for this Falcon 9 first stage booster, which previously supported the launch of SES-22, ispace’s HAKUTO-R Mission 1, and three Starlink missions.",,ChVawmhYde8,youtube,False,2023-02-06 20:32:00,2023,True,True
3231,ktwv6annj4qsbt09lhxh0ebz,STARLINK MISSION,sl-5-3,final,starlink,Falcon 9,"LC-39A, Florida",2023-02-02,02:43:00,Droneship,,,,False,False,"On Thursday, February 2 at 2:58 a.m. ET, Falcon 9 launched 53 Starlink satellites to low-Earth orbit from Launch Complex 39A at NASA’s Kennedy Space Center, Florida.

This was Falcon 9’s 200th successful mission and the fifth launch and landing for this booster, which previously launched CRS-24, Eutelsat HOTBIRD 13F, OneWeb 1 and now two Starlink missions.",,_TDrOyMMpIo,youtube,False,2023-02-02 02:43:00,2023,True,True
3222,wxtxv8rosyk0ajx79b90d2hd,STARLINK MISSION,sl-2-6,final,starlink,Falcon 9,"SLC-4E, California",2023-01-31,08:15:00,Droneship,,,,False,False,"On Tuesday, January 31 at 8:15 a.m. PT, Falcon 9 launched 49 Starlink satellites and D-Orbit’s ION SCV009 Eclectic Elena to low-Earth orbit from Space Launch Complex 4 East (SLC-4E) at Vandenberg Space Force Base in California.

This was the seventh launch and landing of this Falcon 9 first stage booster, which previously launched NROL-87, NROL-85, SARah-1, SWOT, and now three Starlink missions.",,yVxV3-xqJO0,youtube,False,2023-01-31 08:15:00,2023,True,True
1700,e9p26j9b7pytyyqcz90n89ez,STARLINK MISSION,sl-5-2,final,starlink,Falcon 9,"SLC-40, Florida",2023-01-26,04:22:00,Droneship,,,,False,False,"On Thursday, January 26 at 4:32 a.m. ET, Falcon 9 launched 56 Starlink satellites to low-Earth orbit from Space Launch Complex 40 at Cape Canaveral Space Force Station, Florida.

This was the ninth launch and landing for this Falcon 9 first stage booster, which previously launched CRS-22, Crew-3, Turksat 5B, Crew-4, CRS-25, Eutelsat HOTBIRD 13G, mPOWER-a and now two Starlink missions.",,SaOSLqPlX6c,youtube,False,2023-01-26 04:22:00,2023,True,True
3220,u58fxbp4zphvxgf6clxvle3j,Starlink Mission,sl-2-4,final,starlink,Falcon 9,"SLC-4E, California",2023-01-19,07:43:00,Droneship,,,,False,False,"On Thursday, January 19 at 7:43 a.m. PT, Falcon 9 launched 51 Starlink satellites to low-Earth orbit from Space Launch Complex 4 East (SLC-4E) at Vandenberg Space Force Base, California.

This was the first flight for the Falcon 9 first stage booster supporting this mission.",,bNAebzSvWt4,youtube,False,2023-01-19 07:43:00,2023,True,True
1809,xf57f4uthp2i4ce10b683jm1,GPS III Space Vehicle 06 Mission,GPSiii6,final,nssl,Falcon 9,"SLC-40, Florida",2023-01-18,07:24:00,Droneship,,,,False,False,"On Wednesday, January 18 at 7:24 a.m. ET, SpaceX launched the GPS III Space Vehicle 06 mission from Space Launch Complex 40 (SLC-40) at Cape Canaveral Space Force Station in Florida.

This was the second launch and landing for this Falcon 9 first stage booster, which previously supported the launch of Crew-5.",,uLetihk5VNk,youtube,False,2023-01-18 07:24:00,2023,True,True
1934,loe4yh66ogop3t10m5b1g3dw,USSF-67 MISSION,ussf67,final,nssl,Falcon Heavy,"LC-39A, Florida",2023-01-15,17:56:00,Landing Zone / Expended,,,,False,False,"On Sunday, January 15 at 5:56 p.m. ET, Falcon Heavy launched the USSF-67 mission to a geosynchronous Earth orbit from Launch Complex 39A (LC-39A) at Kennedy Space Center in Florida.

This was the second launch and landing of these Falcon Heavy side boosters, which previously supported USSF-44.",,nfxyF1_Ylkk,youtube,False,2023-01-15 17:56:00,2023,True,True
2764,ugt4filqiklhwdljpfqrubcg,ONEWEB LAUNCH 16 MISSION,oneweblaunch16,final,commercialSatellite,Falcon 9,"SLC-40, Florida",2023-01-09,23:50:00,Landing Zone,,,,False,False,"On Monday, January 9 at 11:50 p.m. ET, SpaceX launched the OneWeb Launch 16 mission to low-Earth orbit from Space Launch Complex 40 (SLC-40) at Cape Canaveral Space Force Station in Florida.

This was the second launch and landing of this Falcon 9 first stage booster, which previously launched CRS-26.",,ut2WyGCqH_w,youtube,False,2023-01-09 23:50:00,2023,True,True
2324,bn7gxkcm8ubdby5ym2vt5l8m,TRANSPORTER-6 MISSION,transporter6,final,rideshare,Falcon 9,"SLC-40, Florida",2023-01-03,09:56:00,Landing Zone,,,,False,False,"On Tuesday, January 3 at 9:56 a.m. ET, Falcon 9 launched Transporter-6, SpaceX’s sixth  dedicated smallsat rideshare mission mission, from Space Launch Complex 40 at Cape Canaveral Space Force Station in Florida. This was the fifteenth launch and landing of this Falcon 9 stage booster, which previously supported launch of GPS III-3, Turksat 5A, Transporter-2, Intelsat G-33/G-34 and 10 Starlink missions.

Falcon 9 carried 114 spacecraft to orbit that were set to deploy across 82 deployments, 78 of which have been confirmed. Teams are continuing to review data for the remaining payloads, though it may take customers some time to provide additional information on the status of their payloads.",,lSRXacd8wU8,youtube,False,2023-01-03 09:56:00,2023,True,True
3207,vv64wls8acymg2h97o82n13r,ISI EROS C-3 Mission,ISI-EROS-C-3,final,commercialSatellite,Falcon 9,"SLC-4E, California",2022-12-29,23:38:00,Landing Zone,,,,False,False,"On Thursday, December 29 at 11:38 p.m. PT, Falcon 9 launched the ISI EROS C-3 mission to a low-Earth orbit from Space Launch Complex 4E (SLC-4E) at Vandenberg Space Force Base in California.

This was the eleventh launch of this booster, which previously supported the launch of Crew-1, Crew-2, SXM-8, CRS-23, IXPE, Transporter-4, Transporter-5, Globalstar FM15, and two Starlink missions.",,V0OQfukN-Ec,youtube,False,2022-12-29 23:38:00,2022,True,True
2607,xbud3q8ixr9b84az9s5p4bql,Starlink Mission,sl-5-1,final,starlink,Falcon 9,"SLC-40, Florida",2022-12-28,04:34:00,Droneship,,,,False,False,"On Wednesday, December 28 at 4:34 a.m. ET, SpaceX launched 54 Starlink satellites to low-Earth orbit from Space Launch Complex 40 (SLC-40) at Cape Canaveral Space Force Station in Florida.

This was the eleventh launch and landing for this Falcon 9 first stage booster, which previously launched GPS III Space Vehicle 04, GPS III Space Vehicle 05, Inspiration4, Ax-1, Nilesat 301, and now six Starlink missions.

This launch marked the first of Starlink’s upgraded network. Under our new license, we are now able to deploy satellites to new orbits that will add even more capacity to the network. Ultimately, this enables us to add more customers and provide faster service – particularly in areas that are currently over-subscribed.",,gnDQo9YXCdU,,False,2022-12-28 04:34:00,2022,True,True
3230,uwbbx2o3qxwdfy34qs6ef9el,Starlink Mission,sl-4-37,final,starlink,Falcon 9,"LC-39A, Florida ",2022-12-17,16:32:00,Droneship,,,,False,False,"On Saturday, December 17 at 4:32 p.m. ET, SpaceX launched 54 Starlink satellites to low-Earth orbit from Launch Complex 39A (LC-39A) at NASA's Kennedy Space Center in Florida.

This was the fifteenth launch and landing for this Falcon 9 first stage booster, which previously launched Crew Demo-2, ANASIS-II, CRS-21, Transporter-1, Transporter-3, and now ten Starlink missions.",,NQPNRwpGWXc,,False,2022-12-17 16:32:00,2022,True,True
2684,ie71istivblbj06xkdljzl6i,SES O3b mPOWER Mission,SES-O3b-mPOWER,final,commercialSatellite,Falcon 9,"SLC-40, Florida",2022-12-16,17:48:00,Droneship,,,,False,False,"On Saturday, December 16 at 5:48 p.m. ET, SpaceX launched the SES O3b mPOWER mission to medium-Earth orbit from Space Launch Complex 40 (SLC-40) at Cape Canaveral Space Force Station in Florida.

This was the eighth launch and landing for this Falcon 9 first stage booster, which previously supported CRS-22, Crew-3, Turksat 5B, Crew-4, CRS-25, Eutelsat HOTBIRD 13G and one Starlink mission.",,1WAQD83ElZY,youtube,False,2022-12-16 17:48:00,2022,True,True
2617,fefk3c21o8x0cbpr6qp5olk3,NASA’s SWOT Mission,SWOT,final,science,Falcon 9,"SLC-4E, California",2022-12-16,03:46:00,Landing Zone,,,,False,False,"On Friday, December 16 at 3:46 a.m. PT, SpaceX launched NASA’s Surface Water and Ocean Topography (SWOT) mission to low-Earth orbit from Space Launch Complex 4E (SLC-4E) at Vandenberg Space Force Base. SWOT is an internationally developed mission to conduct the first global survey of Earth’s surface water. It aims to provide a new understanding of the ocean’s role in climate change and improve the data humanity relies upon for fresh water management.

To learn more about NASA’s science missions, visit science.nasa.gov.

This was the sixth launch and landing of this Falcon 9 first stage booster, which previously launched NROL-87, NROL-85, SARah-1, and two Starlink missions.",,maI09QHicTg,youtube,False,2022-12-16 03:46:00,2022,True,True
2587,kzw5hlrve86apy2z42ehy4fx,iSpace's Hakuto-R Mission 1,ispace-m1,final,commercialSatellite,Falcon 9,"SLC-40, Florida",2022-12-11,02:38:00,Landing Zone,,,,False,False,"On Sunday, December 11 at 2:38 a.m. ET, SpaceX launched ispace’s HAKUTO-R Mission 1 and NASA’s Jet Propulsion Laboratory’s Lunar Flashlight to a lunar transfer orbit from Space Launch Complex 40 (SLC-40) at Cape Canaveral Space Force Station in Florida.

This was the fifth launch and landing of this Falcon 9 first stage booster, which previously launched SES-22 and three Starlink missions.",,UaaF0IgzGSI,youtube,False,2022-12-11 02:38:00,2022,True,True
3214,eqagtfd0ok4qxeb6p3zja5fk,OneWeb 1 Mission,oneweb-1,final,commercialSatellite,Falcon 9,"LC-39A, Florida",2022-12-08,17:27:00,Landing Zone,,,,False,False,"On Thursday, December 8 at 5:27 p.m. ET, SpaceX launched the OneWeb 1 mission to low-Earth orbit from Launch Complex 39A (LC-39A) at NASA's Kennedy Space Center in Florida.

This was the fourth launch and landing of this Falcon 9 first stage booster, which previously launched CRS-24, Eutelsat HOTBIRD 13F, and one Starlink mission.",,Dm_OjZ5gBLA,youtube,False,2022-12-08 17:27:00,2022,True,True
1649,eu5lzw0xaj0bwlzk42mg4r2c,CRS-26 MISSION,crs26,final,resupply,Falcon 9,"LC-39A, Florida",2022-11-26,14:20:00,Droneship,,2023-01-11,05:21:00,False,False,"On Saturday, November 26 at 2:20 p.m. ET, Falcon 9 launched Dragon's 26th Commercial Resupply Services mission (CRS-26) to the International Space Station from Launch Complex 39A (LC-39A) at NASA’s Kennedy Space Center, Florida. Dragon docked with the space station at 7:39 a.m. ET on Sunday, November 27.

After 43 days, SpaceX’s Dragon spacecraft undocked from the orbiting laboratory and successfully returned to Earth, splashing down off the coast of Florida on Wednesday, January 11 at 5:19 a.m. ET.

This was the first flight for both the Dragon spacecraft and first stage booster supporting this mission.",,1xCrWbJQXgE,youtube,False,2022-11-26 14:20:00,2022,True,True
1719,auvlg40sm317wvn6pnvyp281,Eutelsat 10B Mission,eutelsat10b,final,commercialSatellite,Falcon 9,"SLC-40, Florida",2022-11-22,21:57:00,Expended,,,,False,False,"On Tuesday, November 22 at 9:57 p.m. ET, Falcon 9 launched the Eutelsat 10B mission to a geosynchronous transfer orbit from Space Launch Complex 40 (SLC-40) at Cape Canaveral Space Force Station in Florida.

This was the eleventh launch of this booster, which previously supported the launch of Telstar 18 VANTAGE, Iridium-8, and now nine Starlink missions.",,QCpfvj1eiLs,youtube,False,2022-11-22 21:57:00,2022,True,True
1647,g8nu11n8qg1y2q38bfcu5oem,Intelsat G-31/G-32 Mission,intelsatg31g32,final,commercialSatellite,Falcon 9,"SLC-40, Florida",2022-11-12,11:06:00,Expended,,,,False,False,"On Saturday, November 12 at 11:06 a.m. ET, Falcon 9 launched the Intelsat G-31/G-32 mission to a geosynchronous transfer orbit from Space Launch Complex 40 (SLC-40) at Cape Canaveral Space Force Station in Florida.

This was the fourteenth launch and landing of this booster, which previously supported Dragon’s first crew demonstration mission, the RADARSAT Constellation Mission, SXM-7, and 10 Starlink missions",,ERmF7WvCXuk,youtube,False,2022-11-12 11:06:00,2022,True,True
1739,jq1b6317c3t827u6858mr9a2,Eutelsat HOTBIRD 13G Mission,eutelsathotbird13g,final,commercialSatellite,Falcon 9,"SLC-40, Florida",2022-11-03,01:22:00,Droneship,,,,False,False,"On Thursday, November 3 at 1:22 a.m. ET, Falcon 9 launched the Eutelsat HOTBIRD 13G mission to a geosynchronous transfer orbit from Space Launch Complex 40 (SLC-40) at Cape Canaveral Space Force Station in Florida.

This was the seventh launch of this booster, which previously supported the launch of CRS-22, Crew-3, Turksat 5B, Crew-4, CRS-25, and one Starlink mission.",,McV40hM7aI8,youtube,False,2022-11-03 01:22:00,2022,True,True
1974,tuoila217opc5bc1i9nisnw0,USSF-44,ussf44,final,nssl,Falcon Heavy,"LC-39A, Florida",2022-11-01,09:41:00,Landing Zone / Expended,,,,False,False,"On Tuesday, November 1 at 9:41 a.m. ET, Falcon Heavy launched the USSF-44 mission to a geosynchronous Earth orbit from Launch Complex 39A (LC-39A) at Kennedy Space Center in Florida.

This was the first launch and landing of these Falcon Heavy side boosters, which will be prepared for re-flight on a future U.S. Space Force mission later this year.",,pY628jRd6gM&t,youtube,False,2022-11-01 09:41:00,2022,True,True
2572,lsd35b4ftz2dpqjx55capo2i,Starlink Mission,sl-4-31,final,starlink,Falcon 9,"SLC-4E, California",2022-10-27,18:14:00,Droneship,,,,False,False,"On Thursday, October 27 at 6:14 p.m. PT, SpaceX launched 53 Starlink satellites to low-Earth orbit from Space Launch Complex 4E (SLC-4E) at Vandenberg Space Force Base in California.

This was the eighth launch and landing for this Falcon 9 first stage booster, which previously launched Sentinel-6 Michael Freilich, DART, and now six Starlink missions.",,iYtH2khNIgU,youtube,False,2022-10-27 18:14:00,2022,True,True
2559,pjpoyyr4d2t2t9c4okbuhwap,Starlink Mission,sl-4-36,final,starlink,Falcon 9,"SLC-40, Florida",2022-10-20,10:50:00,Droneship,,,,False,False,"On Thursday, October 20 at 10:50 a.m. ET, SpaceX launched 54 Starlink satellites to low-Earth orbit from Space Launch Complex 40 (SLC-40) at Cape Canaveral Space Force Station in Florida.

This was the tenth launch and landing for this Falcon 9 first stage booster, which previously launched GPS III Space Vehicle 04, GPS III Space Vehicle 05, Inspiration4, Ax-1, Nilesat 301, and now five Starlink missions.",,erH5mrvQkbc,youtube,False,2022-10-20 10:50:00,2022,True,True
1759,mmisqw2cd04erriw51ypg6dd,Eutelsat HOTBIRD 13F Mission,eutelsathotbird13f,final,commercialSatellite,Falcon 9,"SLC-40, Florida",2022-10-15,01:22:00,Droneship,,,,False,False,"On Saturday, October 15 at 1:22 a.m. ET, Falcon 9 launched the Eutelsat HOTBIRD 13F mission to a geosynchronous transfer orbit from Space Launch Complex 40 (SLC-40) at Cape Canaveral Space Force Station in Florida.

This was the third launch and landing of this booster, which previously supported the launch of CRS-24 and one Starlink mission.",,kZEuwBMzR3Q,youtube,False,2022-10-15 01:22:00,2022,True,True
1694,awpany2u2jt9gqh6ohe000ui,Intelsat G-33/G-34 Mission,intelsatg33g34,final,commercialSatellite,Falcon 9,"SLC-40, Florida",2022-10-08,19:05:00,Droneship,,,,False,False,"On Saturday, October 8 at 7:05 p.m. ET, Falcon 9 launched the Intelsat G-33/G-34 mission to a geosynchronous transfer orbit from Space Launch Complex 40 (SLC-40) at Cape Canaveral Space Force Station in Florida.

This was the fourteenth launch and landing of this booster, which previously supported the launch of GPS III-3, Turksat 5A, Transporter-2, and 10 Starlink missions.",,mm_KatKutDY,youtube,False,2022-10-08 19:05:00,2022,True,True
2536,q8e5q0pypzjrluamvz4tsvgx,Starlink Mission,sl-4-29,final,starlink,Falcon 9,"SLC-4E, California",2022-10-05,16:10:00,Droneship,,,,False,False,"On Wednesday, October 5 at 4:10 p.m. PT, SpaceX launched 52 Starlink satellites to low-Earth orbit from Space Launch Complex 4E (SLC-4E) at Vandenberg Space Force Base in California.

This was the fifth launch and landing for this Falcon 9 first stage booster, which previously launched NROL-87, NROL-85, SARah-1, and now two Starlink missions.",,wcq7xiTOPRg,youtube,False,2022-10-05 16:10:00,2022,True,True
2535,u9wdlaq7zhc20znr7o6ni58o,CREW-5 MISSION,crew5,final,hsf,Falcon 9,"LC-39A, Florida",2022-10-05,12:00:00,Droneship,,2023-03-11,21:02:00,False,False,"On Wednesday, October 5 at 12:00 p.m. ET, SpaceX’s Falcon 9 launched Dragon's fifth operational human spaceflight mission (Crew-5) to the International Space Station from Launch Complex 39A at NASA’s Kennedy Space Center in Florida. Dragon docked with the space station at 5:01 p.m. ET on Thursday, October 6.

After 157 days in space, Dragon and the Crew-5 astronauts returned to Earth, splashing down off the coast of Florida on Saturday, March 11 at 9:02 p.m. ET.

This was the second flight for the Dragon spacecraft supporting this mission, which previously flew Crew-3 to and from the space station. This was the first flight for the first stage booster supporting this mission.","[{""id"": 1169, ""name"": ""Nicole Mann"", ""bioLink"": ""https://www.nasa.gov/people/nicole-a-mann/"", ""description"": ""Commander"", ""portrait"": {""id"": 3587, ""name"": ""Crew-5_Nicole_129A0097_BLKBG_960x1200.jpg"", ""alternativeText"": null, ""caption"": null, ""width"": 960, ""height"": 1200, ""formats"": {""large"": {""ext"": "".jpg"", ""url"": ""https://sxcontent9668.azureedge.us/cms-assets/assets/large_Crew_5_Nicole_129_A0097_BLKBG_960x1200_ed1b851bc4.jpg"", ""hash"": ""large_Crew_5_Nicole_129_A0097_BLKBG_960x1200_ed1b851bc4"", ""mime"": ""image/jpeg"", ""name"": ""large_Crew-5_Nicole_129A0097_BLKBG_960x1200.jpg"", ""path"": null, ""size"": 98.71, ""width"": 800, ""height"": 1000, ""sizeInBytes"": 98710}, ""small"": {""ext"": "".jpg"", ""url"": ""https://sxcontent9668.azureedge.us/cms-assets/assets/small_Crew_5_Nicole_129_A0097_BLKBG_960x1200_ed1b851bc4.jpg"", ""hash"": ""small_Crew_5_Nicole_129_A0097_BLKBG_960x1200_ed1b851bc4"", ""mime"": ""image/jpeg"", ""name"": ""small_Crew-5_Nicole_129A0097_BLKBG_960x1200.jpg"", ""path"": null, ""size"": 29.72, ""width"": 400, ""height"": 500, ""sizeInBytes"": 29716}, ""medium"": {""ext"": "".jpg"", ""url"": ""https://sxcontent9668.azureedge.us/cms-assets/assets/medium_Crew_5_Nicole_129_A0097_BLKBG_960x1200_ed1b851bc4.jpg"", ""hash"": ""medium_Crew_5_Nicole_129_A0097_BLKBG_960x1200_ed1b851bc4"", ""mime"": ""image/jpeg"", ""name"": ""medium_Crew-5_Nicole_129A0097_BLKBG_960x1200.jpg"", ""path"": null, ""size"": 58.81, ""width"": 600, ""height"": 750, ""sizeInBytes"": 58810}, ""thumbnail"": {""ext"": "".jpg"", ""url"": ""https://sxcontent9668.azureedge.us/cms-assets/assets/thumbnail_Crew_5_Nicole_129_A0097_BLKBG_960x1200_ed1b851bc4.jpg"", ""hash"": ""thumbnail_Crew_5_Nicole_129_A0097_BLKBG_960x1200_ed1b851bc4"", ""mime"": ""image/jpeg"", ""name"": ""thumbnail_Crew-5_Nicole_129A0097_BLKBG_960x1200.jpg"", ""path"": null, ""size"": 5.2, ""width"": 125, ""height"": 156, ""sizeInBytes"": 5203}}, ""hash"": ""Crew_5_Nicole_129_A0097_BLKBG_960x1200_ed1b851bc4"", ""ext"": "".jpg"", ""mime"": ""image/jpeg"", ""size"": 137.89, ""url"": ""https://sxcontent9668.azureedge.us/cms-assets/assets/Crew_5_Nicole_129_A0097_BLKBG_960x1200_ed1b851bc4.jpg"", ""previewUrl"": null, ""provider"": ""strapi-provider-upload-azure-storage"", ""provider_metadata"": null, ""folderPath"": ""/102/638"", ""createdAt"": ""2025-07-24T06:28:34.622Z"", ""updatedAt"": ""2025-07-24T06:28:34.622Z"", ""documentId"": ""tlkaw92nxgis6cmapetj9bcu"", ""locale"": null, ""publishedAt"": ""2025-07-24T06:28:34.622Z""}}, {""id"": 1170, ""name"": ""Josh Cassada"", ""bioLink"": ""https://www.nasa.gov/wp-content/uploads/2024/10/cassada-ja.pdf"", ""description"": ""Pilot"", ""portrait"": {""id"": 3588, ""name"": ""Crew-5_Josh_129A0004_BLKBG_960x1200.jpg"", ""alternativeText"": null, ""caption"": null, ""width"": 960, ""height"": 1200, ""formats"": {""large"": {""ext"": "".jpg"", ""url"": ""https://sxcontent9668.azureedge.us/cms-assets/assets/large_Crew_5_Josh_129_A0004_BLKBG_960x1200_ccf6fc8cce.jpg"", ""hash"": ""large_Crew_5_Josh_129_A0004_BLKBG_960x1200_ccf6fc8cce"", ""mime"": ""image/jpeg"", ""name"": ""large_Crew-5_Josh_129A0004_BLKBG_960x1200.jpg"", ""path"": null, ""size"": 104.16, ""width"": 800, ""height"": 1000, ""sizeInBytes"": 104164}, ""small"": {""ext"": "".jpg"", ""url"": ""https://sxcontent9668.azureedge.us/cms-assets/assets/small_Crew_5_Josh_129_A0004_BLKBG_960x1200_ccf6fc8cce.jpg"", ""hash"": ""small_Crew_5_Josh_129_A0004_BLKBG_960x1200_ccf6fc8cce"", ""mime"": ""image/jpeg"", ""name"": ""small_Crew-5_Josh_129A0004_BLKBG_960x1200.jpg"", ""path"": null, ""size"": 29.7, ""width"": 400, ""height"": 500, ""sizeInBytes"": 29702}, ""medium"": {""ext"": "".jpg"", ""url"": ""https://sxcontent9668.azureedge.us/cms-assets/assets/medium_Crew_5_Josh_129_A0004_BLKBG_960x1200_ccf6fc8cce.jpg"", ""hash"": ""medium_Crew_5_Josh_129_A0004_BLKBG_960x1200_ccf6fc8cce"", ""mime"": ""image/jpeg"", ""name"": ""medium_Crew-5_Josh_129A0004_BLKBG_960x1200.jpg"", ""path"": null, ""size"": 60.9, ""width"": 600, ""height"": 750, ""sizeInBytes"": 60898}, ""thumbnail"": {""ext"": "".jpg"", ""url"": ""https://sxcontent9668.azureedge.us/cms-assets/assets/thumbnail_Crew_5_Josh_129_A0004_BLKBG_960x1200_ccf6fc8cce.jpg"", ""hash"": ""thumbnail_Crew_5_Josh_129_A0004_BLKBG_960x1200_ccf6fc8cce"", ""mime"": ""image/jpeg"", ""name"": ""thumbnail_Crew-5_Josh_129A0004_BLKBG_960x1200.jpg"", ""path"": null, ""size"": 4.94, ""width"": 125, ""height"": 156, ""sizeInBytes"": 4941}}, ""hash"": ""Crew_5_Josh_129_A0004_BLKBG_960x1200_ccf6fc8cce"", ""ext"": "".jpg"", ""mime"": ""image/jpeg"", ""size"": 146.19, ""url"": ""https://sxcontent9668.azureedge.us/cms-assets/assets/Crew_5_Josh_129_A0004_BLKBG_960x1200_ccf6fc8cce.jpg"", ""previewUrl"": null, ""provider"": ""strapi-provider-upload-azure-storage"", ""provider_metadata"": null, ""folderPath"": ""/102/638"", ""createdAt"": ""2025-07-24T06:28:35.401Z"", ""updatedAt"": ""2025-07-24T06:28:35.401Z"", ""documentId"": ""ijbe2ulw43chqb4lf4x95ogs"", ""locale"": null, ""publishedAt"": ""2025-07-24T06:28:35.402Z""}}, {""id"": 1171, ""name"": ""Koichi Wakata"", ""bioLink"": ""https://humans-in-space.jaxa.jp/en/astronaut/wakata-koichi/"", ""description"": ""Mission Specialist"", ""portrait"": {""id"": 3589, ""name"": ""Crew-5_Koichi_129A0164_BLKBG_960x1200.jpg"", ""alternativeText"": null, ""caption"": null, ""width"": 960, ""height"": 1200, ""formats"": {""large"": {""ext"": "".jpg"", ""url"": ""https://sxcontent9668.azureedge.us/cms-assets/assets/large_Crew_5_Koichi_129_A0164_BLKBG_960x1200_712731f2fb.jpg"", ""hash"": ""large_Crew_5_Koichi_129_A0164_BLKBG_960x1200_712731f2fb"", ""mime"": ""image/jpeg"", ""name"": ""large_Crew-5_Koichi_129A0164_BLKBG_960x1200.jpg"", ""path"": null, ""size"": 99.12, ""width"": 800, ""height"": 1000, ""sizeInBytes"": 99115}, ""small"": {""ext"": "".jpg"", ""url"": ""https://sxcontent9668.azureedge.us/cms-assets/assets/small_Crew_5_Koichi_129_A0164_BLKBG_960x1200_712731f2fb.jpg"", ""hash"": ""small_Crew_5_Koichi_129_A0164_BLKBG_960x1200_712731f2fb"", ""mime"": ""image/jpeg"", ""name"": ""small_Crew-5_Koichi_129A0164_BLKBG_960x1200.jpg"", ""path"": null, ""size"": 28.32, ""width"": 400, ""height"": 500, ""sizeInBytes"": 28315}, ""medium"": {""ext"": "".jpg"", ""url"": ""https://sxcontent9668.azureedge.us/cms-assets/assets/medium_Crew_5_Koichi_129_A0164_BLKBG_960x1200_712731f2fb.jpg"", ""hash"": ""medium_Crew_5_Koichi_129_A0164_BLKBG_960x1200_712731f2fb"", ""mime"": ""image/jpeg"", ""name"": ""medium_Crew-5_Koichi_129A0164_BLKBG_960x1200.jpg"", ""path"": null, ""size"": 58.04, ""width"": 600, ""height"": 750, ""sizeInBytes"": 58039}, ""thumbnail"": {""ext"": "".jpg"", ""url"": ""https://sxcontent9668.azureedge.us/cms-assets/assets/thumbnail_Crew_5_Koichi_129_A0164_BLKBG_960x1200_712731f2fb.jpg"", ""hash"": ""thumbnail_Crew_5_Koichi_129_A0164_BLKBG_960x1200_712731f2fb"", ""mime"": ""image/jpeg"", ""name"": ""thumbnail_Crew-5_Koichi_129A0164_BLKBG_960x1200.jpg"", ""path"": null, ""size"": 4.86, ""width"": 125, ""height"": 156, ""sizeInBytes"": 4856}}, ""hash"": ""Crew_5_Koichi_129_A0164_BLKBG_960x1200_712731f2fb"", ""ext"": "".jpg"", ""mime"": ""image/jpeg"", ""size"": 139.01, ""url"": ""https://sxcontent9668.azureedge.us/cms-assets/assets/Crew_5_Koichi_129_A0164_BLKBG_960x1200_712731f2fb.jpg"", ""previewUrl"": null, ""provider"": ""strapi-provider-upload-azure-storage"", ""provider_metadata"": null, ""folderPath"": ""/102/638"", ""createdAt"": ""2025-07-24T06:28:36.102Z"", ""updatedAt"": ""2025-07-24T06:28:36.102Z"", ""documentId"": ""fjm5v2r8vv2g419wwesrvrx4"", ""locale"": null, ""publishedAt"": ""2025-07-24T06:28:36.102Z""}}, {""id"": 1172, ""name"": ""Anna Kikina"", ""bioLink"": ""https://www.gctc.ru/main.php?id=1710"", ""description"": ""Mission Specialist"", ""portrait"": {""id"": 3590, ""name"": ""Crew-5_Anna_129A0207_BLKBG_960x1200.jpg"", ""alternativeText"": null, ""caption"": null, ""width"": 960, ""height"": 1200, ""formats"": {""large"": {""ext"": "".jpg"", ""url"": ""https://sxcontent9668.azureedge.us/cms-assets/assets/large_Crew_5_Anna_129_A0207_BLKBG_960x1200_1558fc0d57.jpg"", ""hash"": ""large_Crew_5_Anna_129_A0207_BLKBG_960x1200_1558fc0d57"", ""mime"": ""image/jpeg"", ""name"": ""large_Crew-5_Anna_129A0207_BLKBG_960x1200.jpg"", ""path"": null, ""size"": 92.24, ""width"": 800, ""height"": 1000, ""sizeInBytes"": 92243}, ""small"": {""ext"": "".jpg"", ""url"": ""https://sxcontent9668.azureedge.us/cms-assets/assets/small_Crew_5_Anna_129_A0207_BLKBG_960x1200_1558fc0d57.jpg"", ""hash"": ""small_Crew_5_Anna_129_A0207_BLKBG_960x1200_1558fc0d57"", ""mime"": ""image/jpeg"", ""name"": ""small_Crew-5_Anna_129A0207_BLKBG_960x1200.jpg"", ""path"": null, ""size"": 27.57, ""width"": 400, ""height"": 500, ""sizeInBytes"": 27572}, ""medium"": {""ext"": "".jpg"", ""url"": ""https://sxcontent9668.azureedge.us/cms-assets/assets/medium_Crew_5_Anna_129_A0207_BLKBG_960x1200_1558fc0d57.jpg"", ""hash"": ""medium_Crew_5_Anna_129_A0207_BLKBG_960x1200_1558fc0d57"", ""mime"": ""image/jpeg"", ""name"": ""medium_Crew-5_Anna_129A0207_BLKBG_960x1200.jpg"", ""path"": null, ""size"": 54.84, ""width"": 600, ""height"": 750, ""sizeInBytes"": 54838}, ""thumbnail"": {""ext"": "".jpg"", ""url"": ""https://sxcontent9668.azureedge.us/cms-assets/assets/thumbnail_Crew_5_Anna_129_A0207_BLKBG_960x1200_1558fc0d57.jpg"", ""hash"": ""thumbnail_Crew_5_Anna_129_A0207_BLKBG_960x1200_1558fc0d57"", ""mime"": ""image/jpeg"", ""name"": ""thumbnail_Crew-5_Anna_129A0207_BLKBG_960x1200.jpg"", ""path"": null, ""size"": 4.89, ""width"": 125, ""height"": 156, ""sizeInBytes"": 4886}}, ""hash"": ""Crew_5_Anna_129_A0207_BLKBG_960x1200_1558fc0d57"", ""ext"": "".jpg"", ""mime"": ""image/jpeg"", ""size"": 127.12, ""url"": ""https://sxcontent9668.azureedge.us/cms-assets/assets/Crew_5_Anna_129_A0207_BLKBG_960x1200_1558fc0d57.jpg"", ""previewUrl"": null, ""provider"": ""strapi-provider-upload-azure-storage"", ""provider_metadata"": null, ""folderPath"": ""/102/638"", ""createdAt"": ""2025-07-24T06:28:36.198Z"", ""updatedAt"": ""2025-07-24T06:28:36.198Z"", ""documentId"": ""wlnm455wlcrw8x6da92knkd4"", ""locale"": null, ""publishedAt"": ""2025-07-24T06:28:36.198Z""}}]",5EwW8ZkArL4,youtube,False,2022-10-05 12:00:00,2022,True,True
2491,e2br250yvwyne2ufgj0nwe9f,Starlink Mission,SL-4-35,final,starlink,Falcon 9,"SLC-40, Florida",2022-09-24,19:32:00,Droneship,,,,False,False,,,,,,2022-09-24 19:32:00,2022,True,True
2457,qb1qcrs2fhlass0pg721q0jr,Starlink Mission,sl-4-34,final,starlink,Falcon 9,"SLC-40, Florida",2022-09-18,20:18:00,Droneship,,,,False,False,"On Sunday, September 18 at 8:18 p.m. ET, SpaceX launched 54 Starlink satellites to orbit from Space Launch Complex 40 (SLC-40) at Cape Canaveral Space Force Station in Florida.

This was the sixth launch and landing of this Falcon 9 first stage booster, which previously launched CRS-22, Crew-3, Turksat 5B, Crew-4, CRS-25, and now one Starlink mission.",,ZlQHF_yBkMQ,youtube,False,2022-09-18 20:18:00,2022,True,True
2406,enz6jytj5p8p4jubitzk0pt4,Starlink Mission,sl-4-2,final,starlink,Falcon 9,"LC-39A, Florida",2022-09-10,21:20:00,Droneship,,,,False,False,"On Saturday, September 10 at 9:20 p.m. ET, SpaceX launched 34 Starlink satellites and AST SpaceMobile’s BlueWalker 3 satellite to orbit from Launch Complex 39A (LC-39A) at Kennedy Space Center in Florida.

This was the 14th launch and landing of this Falcon 9 first stage booster, which previously launched Crew Demo-2, ANASIS-II, CRS-21, Transporter-1, Transporter-3, and now nine Starlink missions.",,a2lxdOPyR3Q,youtube,False,2022-09-10 21:20:00,2022,True,True
2323,de1ixwgoxcxxlyxqbaxo4rhe,Starlink Mission,sl-4-20,final,starlink,Falcon 9,"SLC-40, Florida",2022-09-04,22:09:00,Droneship,,,,False,False,"On Sunday, September 4 at 10:09 p.m. ET, SpaceX launched 51 Starlink satellites and Spaceflight’s Sherpa-LTC, an orbital transfer vehicle, to orbit from Space Launch Complex 40 (SLC-40) at Cape Canaveral Space Force Station in Florida.

This was the seventh flight for the first stage booster supporting this mission, which previously launched Arabsat-6A, STP-2, COSMO-SkyMed Second Generation FM2, KPLO, and now three Starlink missions.",,NONM-xsKMSs,youtube,False,2022-09-04 22:09:00,2022,True,True
2244,snc9mjjm4lbbv4jo7ynfpxns,Starlink Mission,sl-3-4,final,starlink,Falcon 9,"SLC-4E, California",2022-08-30,22:40:00,Droneship,,,,False,False,"On Tuesday, August 30 at 10:40 p.m. PT, Falcon 9 launched 46 Starlink satellites to low-Earth orbit from Space Launch Complex 4 East (SLC-4E) at Vandenberg Space Force Base, California.

This was the 7th flight for this Falcon 9 first stage booster, which previously launched Sentinel-6 Michael Freilich, DART, and now five Starlink missions.",,zSJWK_pmXVw,youtube,False,2022-08-30 22:40:00,2022,True,True
2205,i6w4g7p47yclts0evusbnm8j,Starlink Mission,sl-4-23,final,starlink,Falcon 9,"SLC-40, Florida",2022-08-27,23:41:00,Droneship,,,,False,False,"On Saturday, August 27 at 11:41 p.m. ET, SpaceX launched 54 Starlink satellites from Space Launch Complex 40 (SLC-40) at Cape Canaveral Space Force Station in Florida.

This was the second flight for the Falcon 9 first stage booster supporting this mission, which previously launched CRS-24 and now one Starlink mission.",,07RGJ04HRns,youtube,False,2022-08-27 23:41:00,2022,True,True
1987,y839pijpzbjn8n23pzc12uf7,Starlink Mission,sl-4-27,final,starlink,Falcon 9,"SLC-40, Florida",2022-08-19,15:21:00,Droneship,,,,False,False,"On Friday, August 19 at 3:21 p.m. ET, SpaceX launched 53 Starlink satellites from Space Launch Complex 40 (SLC-40) at Cape Canaveral Space Force Station in Florida.

This was the ninth flight for the Falcon 9 first stage booster supporting this mission, which previously launched GPS III Space Vehicle 04, GPS III Space Vehicle 05, Inspiration4, Ax-1, Nilesat 301, and now four Starlink missions.",,M018DAaNd_E,youtube,False,2022-08-19 15:21:00,2022,True,True
1929,x635yzfywxc50fhvgrmy1vo3,Starlink Mission,sl-3-3,final,starlink,Falcon 9,"SLC-4E, California",2022-08-12,14:20:00,Droneship,,,,False,False,"On Friday, August 12 at 2:40 p.m. PT, Falcon 9 launched 46 Starlink satellites to low-Earth orbit from Space Launch Complex 4 East (SLC-4E) at Vandenberg Space Force Base, California.

This was the 10th flight for this Falcon 9 first stage booster, which previously launched Crew-1, Crew-2, SXM-8, CRS-23, IXPE, Transporter-4, Transporter-5, Globalstar FM15, and now two Starlink missions.",,SU5FbiCbjic,youtube,False,2022-08-12 14:20:00,2022,True,True
1898,jp4catcuwud9971b2ucc86kd,Starlink Mission,sl-4-26,final,starlink,Falcon 9,"LC-39A, Florida",2022-08-09,22:14:00,Droneship,,,,False,False,"On Tuesday, August 9 at 10:14 p.m. ET, SpaceX launched 52 Starlink satellites from Launch Complex 39A (LC-39A) at Kennedy Space Center in Florida.

This was the third flight for the Falcon 9 first stage booster supporting this mission, which previously launched SES-22 and now two Starlink missions.",,ck5z0uMGz8s,youtube,False,2022-08-09 22:14:00,2022,True,True
2025,g7trgp6wgeu4nkmtypbkmzk0,KPLO Mission,kplo,final,commercialSatellite,Falcon 9,"SLC-40, Florida",2022-08-04,19:08:00,Droneship,,,,False,False,"On Thursday, August 4 at 7:08 p.m. ET, Falcon 9 launched KPLO  to a ballistic lunar transfer orbit from Space Launch Complex 40 (SLC-40) at Cape Canaveral Space Force Station in Florida.

This was the sixth launch and landing of this booster, which previously supported the launch of Arabsat-6A, STP-2, COSMO-SkyMed Second Generation FM2, and two Starlink missions.",,rTrkHZjiO_8,youtube,False,2022-08-04 19:08:00,2022,True,True
1877,h4unv2im9ie91p2hdikkx7fv,Starlink Mission,sl-4-25,final,starlink,Falcon 9,"LC-39A, Florida",2022-07-24,09:38:00,Droneship,,,,False,False,"On Sunday, July 24 at 9:38 a.m. ET, SpaceX launched 53 Starlink satellites from Launch Complex 39A (LC-39A) at Kennedy Space Center in Florida.

This was the eighth flight for the Falcon 9 first stage booster supporting this mission, which previously launched GPS III Space Vehicle 04, GPS III Space Vehicle 05, Inspiration4, Ax-1, Nilesat 301, and now three Starlink missions.",,BuXdtORWrpg,youtube,False,2022-07-24 09:38:00,2022,True,True
1841,jh2h4j47pkf4vkl8ndhaajzr,Starlink Mission,sl-3-2,final,starlink,Falcon 9,"SLC-4E, California",2022-07-22,10:39:00,Droneship,,,,False,False,"On Friday, July 22 at 10:39 a.m. PT, Falcon 9 launched 46 Starlink satellites to low-Earth orbit from Space Launch Complex 4 East (SLC-4E) at Vandenberg Space Force Base, California.

This was the fourth flight for the Falcon 9 first stage booster supporting this mission, which previously launched NROL-87, NROL-87 and SARah-1.",,ixKfOK0UYaQ,youtube,False,2022-07-22 10:39:00,2022,True,True
1816,suk61magkksy81aw6s32d9da,Starlink Mission,sl-4-22,final,starlink,Falcon 9,"SLC-40, Florida",2022-07-17,10:20:00,Droneship,,,,False,False,"On Sunday, July 17 at 10:20 a.m. ET, SpaceX launched 53 Starlink satellites from Space Launch Complex 40 (SLC-40) at Cape Canaveral Space Force Station in Florida.

This was the 13th flight for the Falcon 9 first stage booster supporting this mission, which previously launched Dragon’s first crew demonstration mission, the RADARSAT Constellation Mission, SXM-7, and now 10 Starlink missions.",,7VWcjgYfJ9U,youtube,False,2022-07-17 10:20:00,2022,True,True
2686,cbci2b63ibt9usfzq5aw03cq,CRS-25 MISSION,crs25,final,resupply,Falcon 9,"LC-39A, Florida",2022-07-14,20:44:00,Droneship,,2022-08-20,14:53:00,False,False,"On Thursday, July 14 at 8:44 p.m. ET, Falcon 9 launched Dragon's 25th Commercial Resupply Services mission (CRS-25) to the International Space Station from Launch Complex 39A (LC-39A) at NASA’s Kennedy Space Center, Florida. Dragon docked with the space station at 11:21 a.m. ET on Saturday, July 16.

After 33 days, SpaceX’s Dragon spacecraft undocked from the orbiting laboratory and successfully returned to Earth, splashing down off the coast of Florida on Saturday, August 20 at 2:53 p.m. ET.

This was the third flight for the Dragon spacecraft supporting this mission, which previously flew CRS-21 and CRS-23 to and from the space station. This was the fifth flight for the first stage booster supporting this mission, which previously launched CRS-22, Crew-3, Turksat 5B, and Crew-4.",,mnowEqqMiFs,youtube,False,2022-07-14 20:44:00,2022,True,True
1793,vomw4p6ivf9opog5dmkrjm92,Starlink Mission,sl-3-1,final,starlink,Falcon 9,"SLC-4E, California",2022-07-10,18:39:00,Droneship,,,,False,False,"On Sunday, July 10 at 6:39 p.m. PT, Falcon 9 launched 46 Starlink satellites to low-Earth orbit from Space Launch Complex 4 East (SLC-4E) at Vandenberg Space Force Base, California.

This Falcon 9 first stage booster previously launched Sentinel-6 Michael Freilich, DART, and three Starlink missions.",,_c738Z_zQR0,youtube,False,2022-07-10 18:39:00,2022,True,True
1773,kvainal50lbbosbzflvj1ojp,Starlink Missino,sl-4-21,final,starlink,Falcon 9,"SLC-40, Florida",2022-07-07,09:11:00,Droneship,,,,False,False,"On Thursday, July 7 at 9:11 a.m. ET, SpaceX launched 53 Starlink satellites from Space Launch Complex 40 (SLC-40) at Cape Canaveral Space Force Station in Florida.

This was the 13th flight for the Falcon 9 first stage booster supporting this mission, which previously launched Crew Demo-2, ANASIS-II, CRS-21, Transporter-1, Transporter-3, and now eight Starlink missions.",,u_A7xdnVllM,youtube,False,2022-07-07 09:11:00,2022,True,True
2307,znt7bhcjj3kedgtklljp7dg4,SES-22 Mission,ses22,final,commercialSatellite,Falcon 9,"SLC-40, Florida",2022-06-29,17:04:00,Droneship,,,,False,False,"On Wednesday, June 29 at 5:04 p.m. ET, Falcon 9 launched SES-22 to a geosynchronous transfer orbit from Space Launch Complex 40 (SLC-40) at Cape Canaveral Space Force Station in Florida.

This was the second launch and landing of this booster, which previously supported the launch of one Starlink mission.",,ZjUvXWg2_fE,youtube,False,2022-06-29 17:04:00,2022,True,True
1920,mbmp4xnq7ph916ydhjn6idnd,Globalstar FM15 Mission,globalstarfm15,final,commercialSatellite,Falcon 9,"SLC-40, Florida",2022-06-19,00:27:00,Droneship,,,,False,False,"On Sunday, June 19 at 12:27 a.m. ET, Falcon 9 launched Globalstar FM15  to low-Earth orbit from Space Launch Complex 40 (SLC-40) at Cape Canaveral Space Force Station in Florida.

This was the ninth launch and landing of this booster, which previously supported the launch of Crew-1, Crew-2, SXM-8, CRS-23, IXPE, one Starlink mission, Transporter-4, and Transporter-5.",,94cClvOFWH4,youtube,False,2022-06-19 00:27:00,2022,True,True
2022,vqv6h9rg5s1e7cb8b6zlyg66,Globalstar FM15,globalstarfm15,final,commercialSatellite,Falcon 9,"SLC-40, Florida",2022-06-19,00:27:00,Droneship,,,,False,False,"On Sunday, June 19 at 12:27 a.m. ET, Falcon 9 launched Globalstar FM15  to low-Earth orbit from Space Launch Complex 40 (SLC-40) at Cape Canaveral Space Force Station in Florida.

This was the ninth launch and landing of this booster, which previously supported the launch of Crew-1, Crew-2, SXM-8, CRS-23, IXPE, one Starlink mission, Transporter-4, and Transporter-5.",,94cClvOFWH4,youtube,False,2022-06-19 00:27:00,2022,True,True
2054,rxjtcibgda15hfuli1u7cwvt,SARah-1 Mission,sarah1,final,commercialSatellite,Falcon 9,"SLC-4E, California",2022-06-18,07:19:00,Landing Zone,,,,False,False,"On Saturday, June 18 at 7:19 a.m. PT, Falcon 9 launched the SARah-1 mission from Space Launch Complex 4 East (SLC-4E) at Vandenberg Space Force Base in California.

This was the third launch and landing of this booster, which previously launched the NROL-87 and NROL-85 missions.",,lCX-KUCn4A4,youtube,False,2022-06-18 07:19:00,2022,True,True
1738,iq31t1q7zzvahhzdgfpopfwy,Starlink Mission,sl-4-19,final,starlink,Falcon 9,"LC-39A, Florida",2022-06-17,12:09:00,Droneship,,,,False,False,"On Friday, June 17 at 12:09 p.m. ET, SpaceX launched 53 Starlink satellites from Launch Complex 39A (LC-39A) at Kennedy Space Center in Florida.

This was the 13th flight for the Falcon 9 first stage booster supporting this mission, which previously launched GPS III-3, Turksat 5A, Transporter-2, and now 10 Starlink missions.",,oCN-BMU9-hM,youtube,False,2022-06-17 12:09:00,2022,True,True
2211,lpu7nhom4joeda68qpfuu8lm,Nilesat 301 Mission,nilesat301,final,commercialSatellite,Falcon 9,"SLC-40, Florida",2022-06-08,17:04:00,Droneship,,,,False,False,"On Wednesday, June 8 at 5:04 p.m. ET, Falcon 9 launched Nilesat 301 to a geosynchronous transfer orbit from Space Launch Complex 40 (SLC-40) at Cape Canaveral Space Force Station in Florida.

This was the seventh launch and landing of this booster, which previously supported the launch of GPS III Space Vehicle 04, GPS III Space Vehicle 05, Inspiration4, Ax-1, and two Starlink missions.",,UpCZu89zb5Y,youtube,False,2022-06-08 17:04:00,2022,True,True
2169,nvvh6wd46mbj6a2liszaaz85,Transporter-5 Mission,transporter5,final,rideshare,Falcon 9,"SLC-40, Florida",2022-05-25,14:35:00,Landing Zone,,,,False,False,"On Wednesday, May 25 at 2:27 p.m. ET, Falcon 9 launched the Transporter-5, SpaceX’s fifth dedicated smallsat rideshare program mission, from Space Launch Complex 40 at Cape Canaveral Space Force Station in Florida. This was the eighth launch and landing of this Falcon 9 stage booster, which previously supported launch of Crew-1, Crew-2, SXM-8, CRS-23, IXPE, one Starlink mission, and Transporter-4. Following stage separation, SpaceX landed Falcon 9’s first stage on Landing Zone 1 (LZ-1) at Cape Canaveral Space Force Station.

On board this flight were 59 spacecraft, including including CubeSats, microsats, and orbital transfer vehicles.",,KHt3MyimuqU,youtube,False,2022-05-25 14:35:00,2022,True,True
1693,uvcnsx4ru3syk0d87fd2ga8f,Starlink Mission,sl-4-18,final,starlink,Falcon 9,"LC-39A, Florida",2022-05-18,06:59:00,Droneship,,,,False,False,"On Wednesday, May 18 at 6:59 a.m. ET, SpaceX launched 53 Starlink satellites from Launch Complex 39A (LC-39A) at Kennedy Space Center in Florida.

This was the fifth flight for the Falcon 9 first stage booster supporting this mission, which previously launched Arabsat-6A, STP-2, COSMO-SkyMed Second Generation FM2, and now two Starlink missions.",,dQTgX40R-IQ,youtube,False,2022-05-18 06:59:00,2022,True,True
2161,o3b9n3zrduzxlrua8rdwplxd,Starlink Mission,sl-4-15,final,starlink,Falcon 9,"SLC-40, Florida",2022-05-14,16:40:00,Droneship,,,,False,False,"On Saturday, May 14 at 4:40 p.m. ET, Falcon 9 launched 53 Starlink satellites to low-Earth orbit from Space Launch Complex 40 (SLC-40) at Cape Canaveral Space Force Station in Florida.",,nFDkWL2Hmh8,youtube,False,2022-05-14 16:40:00,2022,True,True
2066,kkcp2nchtmn6g35a2s5yj5av,Starlink Mission,sl-4-13,final,starlink,Falcon 9,"SLC-4E, California",2022-05-13,15:07:00,Droneship,,,,False,False,"On Friday, May 13 at 3:07 p.m. PT, Falcon 9 launched 53 Starlink satellites to low-Earth orbit from Space Launch Complex 4 East (SLC-4E) at Vandenberg Space Force Base, California.

This Falcon 9 first stage booster previously launched Sentinel-6 Michael Freilich, DART, and two Starlink missions.",,bG6AwvGPd-E,youtube,False,2022-05-13 15:07:00,2022,True,True
1992,jyordggstvxvziitpvkad4ww,Starlink Mission,sl-4-17,final,starlink,Falcon 9,"LC-39A, Florida",2022-05-06,05:42:00,Droneship,,,,False,False,"On Friday, May 6 at 5:42 a.m. ET, SpaceX launched 53 Starlink satellites from Launch Complex 39A (LC-39A) at Kennedy Space Center in Florida.

This was the 12th flight for the Falcon 9 first stage booster supporting this mission, which previously launched Crew Demo-2, ANASIS-II, CRS-21, Transporter-1, Transporter-3, and now seven Starlink missions.",,KzpVUXxdc68,youtube,False,2022-05-06 05:42:00,2022,True,True
1953,bkbdud2s0xb9tdfat1bn64h1,Starlink Mission,sl-4-16,final,starlink,Falcon 9,"SLC-40, Florida",2022-04-29,17:27:00,Droneship,,,,False,False,"On Friday, April 29 at 5:27 p.m. ET, Falcon 9 launched 53 Starlink satellites to low-Earth orbit from Space Launch Complex 40 (SLC-40) at Cape Canaveral Space Force Station in Florida.

This was the sixth flight for the Falcon 9 first stage booster supporting this mission, which previously launched GPS III Space Vehicle 04, GPS III Space Vehicle 05, Inspiration4, Ax-1, and now two Starlink missions.",,skNrXnubpwA,youtube,False,2022-04-29 17:27:00,2022,True,True
2510,sdbg4vw319j7esm76m6z5i0z,CREW-4 MISSION,crew4,final,hsf,Falcon 9,"LC-39A, Florida",2022-04-27,03:52:00,Droneship,,2022-10-14,16:55:00,False,False,"On Wednesday, April 27 at 3:52 a.m. ET, SpaceX’s Falcon 9 launched Dragon's fourth operational human spaceflight mission (Crew-4) to the International Space Station from Launch Complex 39A at NASA’s Kennedy Space Center in Florida. Dragon docked with the space station approximately 16 hours later at 7:37 p.m. ET.

After 170 days in space, Dragon and the Crew-4 astronauts returned to Earth, splashing down off the coast of Florida on Friday, October 14 at 4:55 p.m. ET.

This was the third flight for the Dragon spacecraft supporting this mission, which previously flew Demo-2 and Crew-2 to and from the space station. This was the fifth flight for the first stage booster supporting this mission, which previously launched GPS III Space Vehicle 04, GPS III Space Vehicle 05, Inspiration4, and a Starlink mission.","[{""id"": 1165, ""name"": ""Kjell Lindgren"", ""bioLink"": ""https://www.nasa.gov/wp-content/uploads/2024/02/lindgren-kjell.pdf"", ""description"": ""Commander"", ""portrait"": {""id"": 3612, ""name"": ""Crew-4_KJELL_129A9823_960x1200.jpg"", ""alternativeText"": null, ""caption"": null, ""width"": 960, ""height"": 1200, ""formats"": {""large"": {""ext"": "".jpg"", ""url"": ""https://sxcontent9668.azureedge.us/cms-assets/assets/large_Crew_4_KJELL_129_A9823_960x1200_1435991728.jpg"", ""hash"": ""large_Crew_4_KJELL_129_A9823_960x1200_1435991728"", ""mime"": ""image/jpeg"", ""name"": ""large_Crew-4_KJELL_129A9823_960x1200.jpg"", ""path"": null, ""size"": 105.95, ""width"": 800, ""height"": 1000, ""sizeInBytes"": 105949}, ""small"": {""ext"": "".jpg"", ""url"": ""https://sxcontent9668.azureedge.us/cms-assets/assets/small_Crew_4_KJELL_129_A9823_960x1200_1435991728.jpg"", ""hash"": ""small_Crew_4_KJELL_129_A9823_960x1200_1435991728"", ""mime"": ""image/jpeg"", ""name"": ""small_Crew-4_KJELL_129A9823_960x1200.jpg"", ""path"": null, ""size"": 29.13, ""width"": 400, ""height"": 500, ""sizeInBytes"": 29126}, ""medium"": {""ext"": "".jpg"", ""url"": ""https://sxcontent9668.azureedge.us/cms-assets/assets/medium_Crew_4_KJELL_129_A9823_960x1200_1435991728.jpg"", ""hash"": ""medium_Crew_4_KJELL_129_A9823_960x1200_1435991728"", ""mime"": ""image/jpeg"", ""name"": ""medium_Crew-4_KJELL_129A9823_960x1200.jpg"", ""path"": null, ""size"": 60.91, ""width"": 600, ""height"": 750, ""sizeInBytes"": 60914}, ""thumbnail"": {""ext"": "".jpg"", ""url"": ""https://sxcontent9668.azureedge.us/cms-assets/assets/thumbnail_Crew_4_KJELL_129_A9823_960x1200_1435991728.jpg"", ""hash"": ""thumbnail_Crew_4_KJELL_129_A9823_960x1200_1435991728"", ""mime"": ""image/jpeg"", ""name"": ""thumbnail_Crew-4_KJELL_129A9823_960x1200.jpg"", ""path"": null, ""size"": 4.96, ""width"": 125, ""height"": 156, ""sizeInBytes"": 4960}}, ""hash"": ""Crew_4_KJELL_129_A9823_960x1200_1435991728"", ""ext"": "".jpg"", ""mime"": ""image/jpeg"", ""size"": 148.46, ""url"": ""https://sxcontent9668.azureedge.us/cms-assets/assets/Crew_4_KJELL_129_A9823_960x1200_1435991728.jpg"", ""previewUrl"": null, ""provider"": ""strapi-provider-upload-azure-storage"", ""provider_metadata"": null, ""folderPath"": ""/102/635/641"", ""createdAt"": ""2025-07-24T07:12:53.108Z"", ""updatedAt"": ""2025-07-24T07:12:53.108Z"", ""documentId"": ""r30fg0h9hdd0orcfzudj5r7k"", ""locale"": null, ""publishedAt"": ""2025-07-24T07:12:53.109Z""}}, {""id"": 1166, ""name"": ""Bob Hines"", ""bioLink"": ""https://www.nasa.gov/people/bob-hines/"", ""description"": ""Pilot"", ""portrait"": {""id"": 3611, ""name"": ""Crew_4_FARMER_20220308_960x1200.jpg"", ""alternativeText"": null, ""caption"": null, ""width"": 960, ""height"": 1200, ""formats"": {""large"": {""ext"": "".jpg"", ""url"": ""https://sxcontent9668.azureedge.us/cms-assets/assets/large_Crew_4_FARMER_20220308_960x1200_f35a5ab419.jpg"", ""hash"": ""large_Crew_4_FARMER_20220308_960x1200_f35a5ab419"", ""mime"": ""image/jpeg"", ""name"": ""large_Crew_4_FARMER_20220308_960x1200.jpg"", ""path"": null, ""size"": 116.03, ""width"": 800, ""height"": 1000, ""sizeInBytes"": 116032}, ""small"": {""ext"": "".jpg"", ""url"": ""https://sxcontent9668.azureedge.us/cms-assets/assets/small_Crew_4_FARMER_20220308_960x1200_f35a5ab419.jpg"", ""hash"": ""small_Crew_4_FARMER_20220308_960x1200_f35a5ab419"", ""mime"": ""image/jpeg"", ""name"": ""small_Crew_4_FARMER_20220308_960x1200.jpg"", ""path"": null, ""size"": 30.83, ""width"": 400, ""height"": 500, ""sizeInBytes"": 30832}, ""medium"": {""ext"": "".jpg"", ""url"": ""https://sxcontent9668.azureedge.us/cms-assets/assets/medium_Crew_4_FARMER_20220308_960x1200_f35a5ab419.jpg"", ""hash"": ""medium_Crew_4_FARMER_20220308_960x1200_f35a5ab419"", ""mime"": ""image/jpeg"", ""name"": ""medium_Crew_4_FARMER_20220308_960x1200.jpg"", ""path"": null, ""size"": 66.71, ""width"": 600, ""height"": 750, ""sizeInBytes"": 66708}, ""thumbnail"": {""ext"": "".jpg"", ""url"": ""https://sxcontent9668.azureedge.us/cms-assets/assets/thumbnail_Crew_4_FARMER_20220308_960x1200_f35a5ab419.jpg"", ""hash"": ""thumbnail_Crew_4_FARMER_20220308_960x1200_f35a5ab419"", ""mime"": ""image/jpeg"", ""name"": ""thumbnail_Crew_4_FARMER_20220308_960x1200.jpg"", ""path"": null, ""size"": 5.06, ""width"": 125, ""height"": 156, ""sizeInBytes"": 5063}}, ""hash"": ""Crew_4_FARMER_20220308_960x1200_f35a5ab419"", ""ext"": "".jpg"", ""mime"": ""image/jpeg"", ""size"": 163.2, ""url"": ""https://sxcontent9668.azureedge.us/cms-assets/assets/Crew_4_FARMER_20220308_960x1200_f35a5ab419.jpg"", ""previewUrl"": null, ""provider"": ""strapi-provider-upload-azure-storage"", ""provider_metadata"": null, ""folderPath"": ""/102/635/641"", ""createdAt"": ""2025-07-24T07:12:52.598Z"", ""updatedAt"": ""2025-07-24T07:12:52.598Z"", ""documentId"": ""lkwt346sswhoikfhv2ariuue"", ""locale"": null, ""publishedAt"": ""2025-07-24T07:12:52.599Z""}}, {""id"": 1167, ""name"": ""Jessica Watkins"", ""bioLink"": ""https://www.nasa.gov/people/jessica-watkins/"", ""description"": ""Mission Specialist"", ""portrait"": {""id"": 3610, ""name"": ""Crew-4_WATKINS_129A9727_960x1200.jpg"", ""alternativeText"": null, ""caption"": null, ""width"": 960, ""height"": 1200, ""formats"": {""large"": {""ext"": "".jpg"", ""url"": ""https://sxcontent9668.azureedge.us/cms-assets/assets/large_Crew_4_WATKINS_129_A9727_960x1200_051cb58b27.jpg"", ""hash"": ""large_Crew_4_WATKINS_129_A9727_960x1200_051cb58b27"", ""mime"": ""image/jpeg"", ""name"": ""large_Crew-4_WATKINS_129A9727_960x1200.jpg"", ""path"": null, ""size"": 104.54, ""width"": 800, ""height"": 1000, ""sizeInBytes"": 104538}, ""small"": {""ext"": "".jpg"", ""url"": ""https://sxcontent9668.azureedge.us/cms-assets/assets/small_Crew_4_WATKINS_129_A9727_960x1200_051cb58b27.jpg"", ""hash"": ""small_Crew_4_WATKINS_129_A9727_960x1200_051cb58b27"", ""mime"": ""image/jpeg"", ""name"": ""small_Crew-4_WATKINS_129A9727_960x1200.jpg"", ""path"": null, ""size"": 29.77, ""width"": 400, ""height"": 500, ""sizeInBytes"": 29769}, ""medium"": {""ext"": "".jpg"", ""url"": ""https://sxcontent9668.azureedge.us/cms-assets/assets/medium_Crew_4_WATKINS_129_A9727_960x1200_051cb58b27.jpg"", ""hash"": ""medium_Crew_4_WATKINS_129_A9727_960x1200_051cb58b27"", ""mime"": ""image/jpeg"", ""name"": ""medium_Crew-4_WATKINS_129A9727_960x1200.jpg"", ""path"": null, ""size"": 61.37, ""width"": 600, ""height"": 750, ""sizeInBytes"": 61368}, ""thumbnail"": {""ext"": "".jpg"", ""url"": ""https://sxcontent9668.azureedge.us/cms-assets/assets/thumbnail_Crew_4_WATKINS_129_A9727_960x1200_051cb58b27.jpg"", ""hash"": ""thumbnail_Crew_4_WATKINS_129_A9727_960x1200_051cb58b27"", ""mime"": ""image/jpeg"", ""name"": ""thumbnail_Crew-4_WATKINS_129A9727_960x1200.jpg"", ""path"": null, ""size"": 5.12, ""width"": 125, ""height"": 156, ""sizeInBytes"": 5124}}, ""hash"": ""Crew_4_WATKINS_129_A9727_960x1200_051cb58b27"", ""ext"": "".jpg"", ""mime"": ""image/jpeg"", ""size"": 148.26, ""url"": ""https://sxcontent9668.azureedge.us/cms-assets/assets/Crew_4_WATKINS_129_A9727_960x1200_051cb58b27.jpg"", ""previewUrl"": null, ""provider"": ""strapi-provider-upload-azure-storage"", ""provider_metadata"": null, ""folderPath"": ""/102/635/641"", ""createdAt"": ""2025-07-24T07:12:51.420Z"", ""updatedAt"": ""2025-07-24T07:12:51.420Z"", ""documentId"": ""nk4fqjk582y799v4jb7z7c7n"", ""locale"": null, ""publishedAt"": ""2025-07-24T07:12:51.420Z""}}, {""id"": 1168, ""name"": ""Samantha Cristoforetti"", ""bioLink"": ""https://www.esa.int/Science_Exploration/Human_and_Robotic_Exploration/Astronauts/Samantha_Cristoforetti"", ""description"": ""Mission Specialist"", ""portrait"": {""id"": 3613, ""name"": ""Crew-4_SAM_129A9779_960x1200.jpg"", ""alternativeText"": null, ""caption"": null, ""width"": 960, ""height"": 1200, ""formats"": {""large"": {""ext"": "".jpg"", ""url"": ""https://sxcontent9668.azureedge.us/cms-assets/assets/large_Crew_4_SAM_129_A9779_960x1200_cec1d1fe94.jpg"", ""hash"": ""large_Crew_4_SAM_129_A9779_960x1200_cec1d1fe94"", ""mime"": ""image/jpeg"", ""name"": ""large_Crew-4_SAM_129A9779_960x1200.jpg"", ""path"": null, ""size"": 108.76, ""width"": 800, ""height"": 1000, ""sizeInBytes"": 108759}, ""small"": {""ext"": "".jpg"", ""url"": ""https://sxcontent9668.azureedge.us/cms-assets/assets/small_Crew_4_SAM_129_A9779_960x1200_cec1d1fe94.jpg"", ""hash"": ""small_Crew_4_SAM_129_A9779_960x1200_cec1d1fe94"", ""mime"": ""image/jpeg"", ""name"": ""small_Crew-4_SAM_129A9779_960x1200.jpg"", ""path"": null, ""size"": 31.34, ""width"": 400, ""height"": 500, ""sizeInBytes"": 31344}, ""medium"": {""ext"": "".jpg"", ""url"": ""https://sxcontent9668.azureedge.us/cms-assets/assets/medium_Crew_4_SAM_129_A9779_960x1200_cec1d1fe94.jpg"", ""hash"": ""medium_Crew_4_SAM_129_A9779_960x1200_cec1d1fe94"", ""mime"": ""image/jpeg"", ""name"": ""medium_Crew-4_SAM_129A9779_960x1200.jpg"", ""path"": null, ""size"": 64.02, ""width"": 600, ""height"": 750, ""sizeInBytes"": 64024}, ""thumbnail"": {""ext"": "".jpg"", ""url"": ""https://sxcontent9668.azureedge.us/cms-assets/assets/thumbnail_Crew_4_SAM_129_A9779_960x1200_cec1d1fe94.jpg"", ""hash"": ""thumbnail_Crew_4_SAM_129_A9779_960x1200_cec1d1fe94"", ""mime"": ""image/jpeg"", ""name"": ""thumbnail_Crew-4_SAM_129A9779_960x1200.jpg"", ""path"": null, ""size"": 5.35, ""width"": 125, ""height"": 156, ""sizeInBytes"": 5345}}, ""hash"": ""Crew_4_SAM_129_A9779_960x1200_cec1d1fe94"", ""ext"": "".jpg"", ""mime"": ""image/jpeg"", ""size"": 156.99, ""url"": ""https://sxcontent9668.azureedge.us/cms-assets/assets/Crew_4_SAM_129_A9779_960x1200_cec1d1fe94.jpg"", ""previewUrl"": null, ""provider"": ""strapi-provider-upload-azure-storage"", ""provider_metadata"": null, ""folderPath"": ""/102/635/641"", ""createdAt"": ""2025-07-24T07:12:53.198Z"", ""updatedAt"": ""2025-07-24T07:12:53.198Z"", ""documentId"": ""dp5nbvpfu5auryms8l0fkqz7"", ""locale"": null, ""publishedAt"": ""2025-07-24T07:12:53.199Z""}}]",orN0PaqQECs,youtube,False,2022-04-27 03:52:00,2022,True,True
1912,y9rqxd0z0xqp91gpxjdesyia,Starlink Mission,sl-4-14,final,starlink,Falcon 9,"SLC-40, Florida",2022-04-21,13:51:00,Droneship,,,,False,False,"On Thursday, April 21 at 1:51 p.m. ET, Falcon 9 launched 53 Starlink satellites to low-Earth orbit from Space Launch Complex 40 (SLC-40) at Cape Canaveral Space Force Station in Florida.

This was the 12th flight for the Falcon 9 first stage booster supporting this mission, which previously launched GPS III-3, Turksat 5A, Transporter-2, and now nine Starlink missions.",,s6yBwQSrtFY,youtube,False,2022-04-21 13:51:00,2022,True,True
1788,zb4tt2locb7ojawc3uskfwe9,NROL-85 Mission,nrol85,final,nssl,Falcon 9,"SLC-4E, California",2022-04-17,06:13:00,Landing Zone,,,,False,False,"On Sunday, April 17 at 6:13 a.m. PT, Falcon 9 launched the NROL-85 mission from Space Launch Complex 4 East (SLC-4E) at Vandenberg Space Force Base in California. This was the second launch and landing of this booster, which previously launched the NROL-87 mission.",,,,False,2022-04-17 06:13:00,2022,True,True
2348,q8dn2tk067p5a1bc6pc2rgov,Ax-1 MISSION,ax1,final,hsf,Falcon 9,"LC-39A, Florida",2022-04-08,11:17:00,Droneship,,2022-04-25,13:06:00,False,False,"On Friday, April 8 at 11:17 a.m. ET, SpaceX’s Falcon 9 launched Axiom Space’s Axiom Mission 1 (Ax-1) to the International Space Station from Launch Complex 39A at NASA’s Kennedy Space Center in Florida. Dragon docked with the space station at 8:29 a.m. ET on Saturday, April 9.

After 17 days in space, Dragon and the Ax-1 astronauts returned to Earth, splashing down off the coast of Florida on Monday, April 25 at 1:06 p.m. ET.

This was the third flight for the Dragon spacecraft supporting this mission, which previously flew Demo-2 and Crew-2 to and from the space station. This was the fifth flight for the first stage booster supporting this mission, which previously launched GPS III Space Vehicle 04, GPS III Space Vehicle 05, Inspiration4, and a Starlink mission.","[{""id"": 1183, ""name"": ""Michael L\u00f3pez-Alegr\u00eda"", ""bioLink"": ""https://www.axiomspace.com/astronaut/michael-lopez-alegria"", ""description"": ""Commander"", ""portrait"": {""id"": 3596, ""name"": ""AX-1_MLA_00128_960x960.jpg"", ""alternativeText"": null, ""caption"": null, ""width"": 960, ""height"": 960, ""formats"": {""small"": {""ext"": "".jpg"", ""url"": ""https://sxcontent9668.azureedge.us/cms-assets/assets/small_AX_1_MLA_00128_960x960_b6eb8c8313.jpg"", ""hash"": ""small_AX_1_MLA_00128_960x960_b6eb8c8313"", ""mime"": ""image/jpeg"", ""name"": ""small_AX-1_MLA_00128_960x960.jpg"", ""path"": null, ""size"": 27.92, ""width"": 500, ""height"": 500, ""sizeInBytes"": 27919}, ""medium"": {""ext"": "".jpg"", ""url"": ""https://sxcontent9668.azureedge.us/cms-assets/assets/medium_AX_1_MLA_00128_960x960_b6eb8c8313.jpg"", ""hash"": ""medium_AX_1_MLA_00128_960x960_b6eb8c8313"", ""mime"": ""image/jpeg"", ""name"": ""medium_AX-1_MLA_00128_960x960.jpg"", ""path"": null, ""size"": 53.45, ""width"": 750, ""height"": 750, ""sizeInBytes"": 53452}, ""thumbnail"": {""ext"": "".jpg"", ""url"": ""https://sxcontent9668.azureedge.us/cms-assets/assets/thumbnail_AX_1_MLA_00128_960x960_b6eb8c8313.jpg"", ""hash"": ""thumbnail_AX_1_MLA_00128_960x960_b6eb8c8313"", ""mime"": ""image/jpeg"", ""name"": ""thumbnail_AX-1_MLA_00128_960x960.jpg"", ""path"": null, ""size"": 4.85, ""width"": 156, ""height"": 156, ""sizeInBytes"": 4853}}, ""hash"": ""AX_1_MLA_00128_960x960_b6eb8c8313"", ""ext"": "".jpg"", ""mime"": ""image/jpeg"", ""size"": 78.95, ""url"": ""https://sxcontent9668.azureedge.us/cms-assets/assets/AX_1_MLA_00128_960x960_b6eb8c8313.jpg"", ""previewUrl"": null, ""provider"": ""strapi-provider-upload-azure-storage"", ""provider_metadata"": null, ""folderPath"": ""/102/634/640"", ""createdAt"": ""2025-07-24T06:56:11.899Z"", ""updatedAt"": ""2025-07-24T06:56:11.899Z"", ""documentId"": ""gofsa4oy2bfx14vveue139rw"", ""locale"": null, ""publishedAt"": ""2025-07-24T06:56:11.900Z""}}, {""id"": 1184, ""name"": ""Larry Connor"", ""bioLink"": ""https://www.axiomspace.com/astronaut/larry-connor"", ""description"": ""Pilot"", ""portrait"": {""id"": 3598, ""name"": ""AX-1_LARRY_00081_960x960.jpg"", ""alternativeText"": null, ""caption"": null, ""width"": 960, ""height"": 960, ""formats"": {""small"": {""ext"": "".jpg"", ""url"": ""https://sxcontent9668.azureedge.us/cms-assets/assets/small_AX_1_LARRY_00081_960x960_d53ffd477b.jpg"", ""hash"": ""small_AX_1_LARRY_00081_960x960_d53ffd477b"", ""mime"": ""image/jpeg"", ""name"": ""small_AX-1_LARRY_00081_960x960.jpg"", ""path"": null, ""size"": 26.3, ""width"": 500, ""height"": 500, ""sizeInBytes"": 26299}, ""medium"": {""ext"": "".jpg"", ""url"": ""https://sxcontent9668.azureedge.us/cms-assets/assets/medium_AX_1_LARRY_00081_960x960_d53ffd477b.jpg"", ""hash"": ""medium_AX_1_LARRY_00081_960x960_d53ffd477b"", ""mime"": ""image/jpeg"", ""name"": ""medium_AX-1_LARRY_00081_960x960.jpg"", ""path"": null, ""size"": 51.35, ""width"": 750, ""height"": 750, ""sizeInBytes"": 51348}, ""thumbnail"": {""ext"": "".jpg"", ""url"": ""https://sxcontent9668.azureedge.us/cms-assets/assets/thumbnail_AX_1_LARRY_00081_960x960_d53ffd477b.jpg"", ""hash"": ""thumbnail_AX_1_LARRY_00081_960x960_d53ffd477b"", ""mime"": ""image/jpeg"", ""name"": ""thumbnail_AX-1_LARRY_00081_960x960.jpg"", ""path"": null, ""size"": 4.46, ""width"": 156, ""height"": 156, ""sizeInBytes"": 4459}}, ""hash"": ""AX_1_LARRY_00081_960x960_d53ffd477b"", ""ext"": "".jpg"", ""mime"": ""image/jpeg"", ""size"": 76.54, ""url"": ""https://sxcontent9668.azureedge.us/cms-assets/assets/AX_1_LARRY_00081_960x960_d53ffd477b.jpg"", ""previewUrl"": null, ""provider"": ""strapi-provider-upload-azure-storage"", ""provider_metadata"": null, ""folderPath"": ""/102/634/640"", ""createdAt"": ""2025-07-24T06:56:12.504Z"", ""updatedAt"": ""2025-07-24T06:56:12.504Z"", ""documentId"": ""htjb62v1ii3hj7ayvesaz5wy"", ""locale"": null, ""publishedAt"": ""2025-07-24T06:56:12.504Z""}}, {""id"": 1185, ""name"": ""Eytan Stibbe"", ""bioLink"": ""https://www.axiomspace.com/astronaut/eytan-stibbe"", ""description"": ""Mission Specialist"", ""portrait"": {""id"": 3597, ""name"": ""AX-1_EYTAN_1290_960x960.jpg"", ""alternativeText"": null, ""caption"": null, ""width"": 960, ""height"": 960, ""formats"": {""small"": {""ext"": "".jpg"", ""url"": ""https://sxcontent9668.azureedge.us/cms-assets/assets/small_AX_1_EYTAN_1290_960x960_ba3a538cec.jpg"", ""hash"": ""small_AX_1_EYTAN_1290_960x960_ba3a538cec"", ""mime"": ""image/jpeg"", ""name"": ""small_AX-1_EYTAN_1290_960x960.jpg"", ""path"": null, ""size"": 27.2, ""width"": 500, ""height"": 500, ""sizeInBytes"": 27202}, ""medium"": {""ext"": "".jpg"", ""url"": ""https://sxcontent9668.azureedge.us/cms-assets/assets/medium_AX_1_EYTAN_1290_960x960_ba3a538cec.jpg"", ""hash"": ""medium_AX_1_EYTAN_1290_960x960_ba3a538cec"", ""mime"": ""image/jpeg"", ""name"": ""medium_AX-1_EYTAN_1290_960x960.jpg"", ""path"": null, ""size"": 53.7, ""width"": 750, ""height"": 750, ""sizeInBytes"": 53701}, ""thumbnail"": {""ext"": "".jpg"", ""url"": ""https://sxcontent9668.azureedge.us/cms-assets/assets/thumbnail_AX_1_EYTAN_1290_960x960_ba3a538cec.jpg"", ""hash"": ""thumbnail_AX_1_EYTAN_1290_960x960_ba3a538cec"", ""mime"": ""image/jpeg"", ""name"": ""thumbnail_AX-1_EYTAN_1290_960x960.jpg"", ""path"": null, ""size"": 4.55, ""width"": 156, ""height"": 156, ""sizeInBytes"": 4551}}, ""hash"": ""AX_1_EYTAN_1290_960x960_ba3a538cec"", ""ext"": "".jpg"", ""mime"": ""image/jpeg"", ""size"": 81.15, ""url"": ""https://sxcontent9668.azureedge.us/cms-assets/assets/AX_1_EYTAN_1290_960x960_ba3a538cec.jpg"", ""previewUrl"": null, ""provider"": ""strapi-provider-upload-azure-storage"", ""provider_metadata"": null, ""folderPath"": ""/102/634/640"", ""createdAt"": ""2025-07-24T06:56:12.297Z"", ""updatedAt"": ""2025-07-24T06:56:12.297Z"", ""documentId"": ""wm2xj38xb598zjwctta8i698"", ""locale"": null, ""publishedAt"": ""2025-07-24T06:56:12.298Z""}}, {""id"": 1186, ""name"": ""Mark Pathy"", ""bioLink"": ""https://www.axiomspace.com/astronaut/mark-pathy"", ""description"": ""Mission Specialist"", ""portrait"": {""id"": 3595, ""name"": ""AX-1_MARK_00041_960x960.jpg"", ""alternativeText"": null, ""caption"": null, ""width"": 960, ""height"": 960, ""formats"": {""small"": {""ext"": "".jpg"", ""url"": ""https://sxcontent9668.azureedge.us/cms-assets/assets/small_AX_1_MARK_00041_960x960_071a6d72d2.jpg"", ""hash"": ""small_AX_1_MARK_00041_960x960_071a6d72d2"", ""mime"": ""image/jpeg"", ""name"": ""small_AX-1_MARK_00041_960x960.jpg"", ""path"": null, ""size"": 26.39, ""width"": 500, ""height"": 500, ""sizeInBytes"": 26394}, ""medium"": {""ext"": "".jpg"", ""url"": ""https://sxcontent9668.azureedge.us/cms-assets/assets/medium_AX_1_MARK_00041_960x960_071a6d72d2.jpg"", ""hash"": ""medium_AX_1_MARK_00041_960x960_071a6d72d2"", ""mime"": ""image/jpeg"", ""name"": ""medium_AX-1_MARK_00041_960x960.jpg"", ""path"": null, ""size"": 51.26, ""width"": 750, ""height"": 750, ""sizeInBytes"": 51259}, ""thumbnail"": {""ext"": "".jpg"", ""url"": ""https://sxcontent9668.azureedge.us/cms-assets/assets/thumbnail_AX_1_MARK_00041_960x960_071a6d72d2.jpg"", ""hash"": ""thumbnail_AX_1_MARK_00041_960x960_071a6d72d2"", ""mime"": ""image/jpeg"", ""name"": ""thumbnail_AX-1_MARK_00041_960x960.jpg"", ""path"": null, ""size"": 4.56, ""width"": 156, ""height"": 156, ""sizeInBytes"": 4562}}, ""hash"": ""AX_1_MARK_00041_960x960_071a6d72d2"", ""ext"": "".jpg"", ""mime"": ""image/jpeg"", ""size"": 76.61, ""url"": ""https://sxcontent9668.azureedge.us/cms-assets/assets/AX_1_MARK_00041_960x960_071a6d72d2.jpg"", ""previewUrl"": null, ""provider"": ""strapi-provider-upload-azure-storage"", ""provider_metadata"": null, ""folderPath"": ""/102/634/640"", ""createdAt"": ""2025-07-24T06:56:11.500Z"", ""updatedAt"": ""2025-07-24T06:56:11.500Z"", ""documentId"": ""u5w16roefaeizalxcmd4ds0d"", ""locale"": null, ""publishedAt"": ""2025-07-24T06:56:11.500Z""}}]",5nLk_Vqp7nw,youtube,False,2022-04-08 11:17:00,2022,True,True
1892,jgjwq2r4am20ebvzkm6fe9pe,Transporter-4 Mission,transporter4,final,rideshare,Falcon 9,"SLC-40, Florida",2022-04-01,12:24:00,Droneship,,,,False,False,"On Friday, April 1 at 12:24 p.m. ET, Falcon 9 launched the Transporter-4, SpaceX’s fourth dedicated smallsat rideshare program  mission, from Space Launch Complex 40 at Cape Canaveral Space Force Station in Florida. This was the seventh launch and landing of this Falcon 9 stage booster, which previously supported launch of Crew-1, Crew-2, SXM-8, CRS-23, IXPE, and one Starlink mission. Following stage separation, SpaceX landed Falcon 9’s first stage on the Just Read the Instructions droneship, which was stationed in the Atlantic Ocean.

On board this flight were 40 spacecraft, including CubeSats, microsats, picosats, and an orbital transfer vehicle.",,4NqSoHnkKEM,youtube,False,2022-04-01 12:24:00,2022,True,True
1887,g9scsfaj9u3q7hvemxkvr2mh,Starlink Mission,sl-4-12,final,starlink,Falcon 9,"SLC-40, Florida",2022-03-19,12:42:00,Droneship,,,,False,False,"On Saturday, March 19 at 12:42 a.m. ET, Falcon 9 launched 53 Starlink satellites to low-Earth orbit from Space Launch Complex 40 (SLC-40) at Cape Canaveral Space Force Station in Florida, completing the first twelfth launch and landing of an orbital class rocket booster.

This Falcon 9 first stage booster previously launched Dragon’s first crew demonstration mission, the RADARSAT Constellation Mission, SXM-7, and now nine Starlink missions.",,0giA6VZOICs,youtube,False,2022-03-19 12:42:00,2022,True,True
1875,bavw1aay6y1r2tgbntewaeyr,Starlink Mission,sl-4-10,final,starlink,Falcon 9,"SLC-40, Florida",2022-03-09,08:45:00,Droneship,,,,False,False,"On Wednesday, March 9 at 8:45 a.m. EST, Falcon 9 launched 48 Starlink satellites to low Earth orbit from Space Launch Complex 40 (SLC-40) at Cape Canaveral Space Force Station in Florida.

This was the fourth launch and landing of this Falcon 9 first stage booster, which previously launched Arabsat-6A, STP-2, and COSMO-SkyMed Second Generation FM2.",,uqAppamdGyo,youtube,False,2022-03-09 08:45:00,2022,True,True
1858,y4aak4a4apqyzdwhsth7chen,Starlink Mission,sl-4-9,final,starlink,Falcon 9,"LC-39A, Florida",2022-03-03,09:25:00,Droneship,,,,False,False,"On Thursday, March 3 at 9:25 a.m. EST, SpaceX launched 47 Starlink satellites from Launch Complex 39A (LC-39A) at Kennedy Space Center in Florida.

This was the 11th flight for the Falcon 9 first stage booster supporting this mission, which previously launched GPS III-3, Turksat-5A, Transporter 2, and now eight Starlink missions.",,ypb2sDdUkRo,youtube,False,2022-03-03 09:25:00,2022,True,True
1836,f5645igbkupc9qiyptbraxav,Starlink Mission,SL-4-11,final,starlink,Falcon 9,"SLC-4E, California",2022-02-25,09:12:00,Droneship,,,,False,False,"On Friday, February 25 at 9:12 a.m. PST, SpaceX launched 50 Starlink satellites from Space Launch Complex 4 East (SLC-4E) at Vandenberg Space Force Base in California.

This was the fourth flight for the Falcon 9 first stage booster supporting this mission, which previously supported Sentinel-6 Michael Freilich, DART and one Starlink mission.",,nnVOfKOzXHE,youtube,False,2022-02-25 09:12:00,2022,True,True
1819,qgz94nkh55d285wftwmaiyri,Starlink Mission,sl-4-8,final,starlink,Falcon 9,"SLC-40, Florida",2022-02-21,09:44:00,Droneship,,,,False,False,"On Monday, February 21 at 9:44 a.m. EST, SpaceX launched 46 Starlink satellites from Space Launch Complex 40 (SLC-40) at Cape Canaveral Space Force Station in Florida.

This was the 11th flight for the Falcon 9 first stage booster supporting this mission, which previously launched Crew Demo-2, ANASIS-II, CRS-21, Transporter-1, Transporter-3, and now six Starlink missions.",,eiKOMCRymsw,youtube,False,2022-02-21 09:44:00,2022,True,True
1792,z4aela2elnhuc5e939364ujd,Starlink Mission,sl-4-7,final,starlink,Falcon 9,"LC-39A, Florida",2022-02-03,13:13:00,Droneship,,,,False,False,"On Thursday, February 3 at 1:13 p.m. EST, Falcon 9 launched 49 Starlink satellites to low Earth orbit from Launch Complex 39A (LC-39A) at Kennedy Space Center in Florida.

This was the sixth launch and landing of this Falcon 9 first stage booster, which previously launched Crew-1, Crew-2, SXM-8, CRS-23, and IXPE.",,UY3fZ6PwuUY,youtube,False,2022-02-03 13:13:00,2022,True,True
1770,tlgxuibopjubyb5t35i93rzr,NROL-87 Mission,nrol87,final,nssl,Falcon 9,"SLC-4E, California",2022-02-02,12:18:00,Landing Zone,,,,False,False,"On Wednesday, February 2 at 12:18 p.m. PT, Falcon 9 launched the NROL-87 mission from Space Launch Complex 4 East (SLC-4E) at Vandenberg Space Force Base in California. This was the first launch and landing of this booster, which will be prepared for re-flight on another NRO mission later this year.",,,,False,2022-02-02 12:18:00,2022,True,True
2341,yw33e9rlg92im27mxofl4ckv,COSMO-SkyMed Second Generation FM2 Mission,cosmoskymed,final,commercialSatellite,Falcon 9,"SLC-40, Florida",2022-01-31,18:11:00,Landing Zone,,,,False,False,"On Thursday, January 27 at 6:11 p.m. EST, Falcon 9 launched the COSMO-SkyMed Second Generation FM2 mission to low Earth orbit from Space Launch Complex 40 (SLC-40) at Cape Canaveral Space Force Station in Florida.

This was the third launch and landing of this booster, which previously supported the launch of Arabsat-6A and STP-2.",,AbFoi68L-GQ,youtube,False,2022-01-31 18:11:00,2022,True,True
2589,rsn2bicdc9sryi2ekanyy65j,Starlink Mission,sl-4-6,final,starlink,Falcon 9,"LC-39A, Florida",2022-01-18,21:02:00,Droneship,,,,False,False,"On Tuesday, January 18 at 9:02 p.m. EST, Falcon 9 launched 49 Starlink satellites to low Earth orbit from Launch Complex 39A (LC-39A) at Kennedy Space Center in Florida.

This was the tenth launch and landing of this Falcon 9 first stage booster, which has launched GPS III-3, Turksat 5A, Transporter-2, and now seven Starlink missions.",,Yov854ZT1lg,youtube,False,2022-01-18 21:02:00,2022,True,True
1960,hte8897s4id1yp5hm46cmayd,Transporter-3 Mission,transporter3,final,rideshare,Falcon 9,"SLC-40, Florida",2022-01-13,10:25:00,Landing Zone,,,,False,False,"On Thursday, January 13 at 10:25 a.m. EST, Falcon 9 launched the Transporter- 3, SpaceX’s third dedicated SmallSat Rideshare Program mission, from Space Launch Complex 40 at Cape Canaveral Space Force Station in Florida. This was the tenth launch and landing of this Falcon 9 stage booster, which previously supported launch of Crew Demo-2, ANASIS-II, CRS-21, Transporter-1, and five Starlink missions. Following stage separation, SpaceX landed Falcon 9’s first stage on Landing Zone 1 (LZ-1) at Cape Canaveral Space Force Station.

On board this launch were 105 commercial and government spacecraft (including CubeSats, microsats, PocketQuebes, and orbital transfer vehicles).",,mFBeuSAvhUQ,youtube,False,2022-01-13 10:25:00,2022,True,True
2579,r0gjoayfqogcyl6zf71yrk89,Starlink Mission,sl-4-5,final,starlink,Falcon 9,"LC-39A, Florida",2022-01-06,16:49:00,Droneship,,,,False,False,"On Thursday, January 6 at 4:49 p.m. EST, Falcon 9 launched 49 Starlink satellites to low Earth orbit from Launch Complex 39A (LC-39A) at Kennedy Space Center in Florida.

This was the fourth launch and landing of this Falcon 9 first stage booster, which previously launched GPS III-4, GPS III-5, and Inspiration4.",,ePBpwMhns,youtube,False,2022-01-06 16:49:00,2022,True,True
2668,fmaj8oovx4mvynlw5nz9r520,CRS-24 MISSION,crs24,final,resupply,Falcon 9,"LC-39A, Florida",2021-12-21,05:06:00,Droneship,,2022-01-24,16:05:00,False,False,"On Tuesday, December 21 at 5:06 a.m. ET, Falcon 9 launched Dragon's 24th Commercial Resupply Services mission (CRS-24) to the International Space Station from Launch Complex 39A (LC-39A) at NASA’s Kennedy Space Center, Florida. Dragon docked with the space station at 3:41 a.m. ET on Wednesday, December 22.

After 32 days, SpaceX’s Dragon spacecraft undocked from the orbiting laboratory and successfully returned to Earth, splashing down off the coast of Florida on Monday, January 24 at 4:05 p.m. ET.

This was the second flight for the Dragon spacecraft supporting this mission, which previously flew CRS-22 to and from the space station. This was the first flight for the first stage booster supporting this mission.",,gEv6HLHYhWo,youtube,False,2021-12-21 05:06:00,2021,True,True
2288,jpykq1w21ex7nza5hn9onjd5,Turksat 5B Mission,turksat5b,final,commercialSatellite,Falcon 9,"SLC-40, Florida",2021-12-18,22:58:00,Droneship,,,,False,False,"On Saturday, December 18 at 10:58 p.m. EST, Falcon 9 launched the Turksat 5B mission to a Geostationary Transfer Orbit from Space Launch Complex 40 (SLC-40) at Cape Canaveral Space Force Station in Florida.

This was the third launch and landing of this booster, which previously supported launch of CRS-22 and Crew-3.",,JBGjE9_aosc,youtube,False,2021-12-18 22:58:00,2021,True,True
1654,y690kmlnihup6hp7d426gaih,Starlink Mission,sl-4-4,final,starlink,Falcon 9,"SLC-4E, California",2021-12-18,04:41:00,Droneship,,,,False,False,"On December 18 at 4:41 a.m. PST, Falcon 9 launched 52 Starlink satellites to low-Earth orbit from Space Launch Complex 4 East (SLC-4E) at Vandenberg Space Force Base in California, completing the first eleventh launch and landing of an orbital class rocket booster.

The Falcon 9 first stage booster has launched Dragon’s first crew demonstration mission, the RADARSAT Constellation Mission, SXM-7, and now 8 Starlink missions.",,q4Ed3EBx90s,youtube,False,2021-12-18 04:41:00,2021,True,True
1710,j005c3ctnpr4e9l6dii63wln,IXPE,ixpe,final,science,Falcon 9,"LC-39A, Florida",2021-12-09,01:00:00,Droneship,,,,False,False,"On Thursday, December 9 at 1:00 a.m. EST, Falcon 9 launched NASA’s Imaging X-ray Polarimetry Explorer (IXPE) to low Earth orbit from historic Launch Complex 39A (LC-39A) at NASA’s Kennedy Space Center in Florida. This was the fifth flight for NASA’s Launch Service Program.

This was the fifth flight for this Falcon 9’s first stage booster, which previously supported launch of Crew-1, Crew-2, SXM-8, and CRS-23. This mission marked SpaceX’s 130th flight of Falcon 9 and its 90th successful landing.",,CpmHsN5GUn8,youtube,False,2021-12-09 01:00:00,2021,True,True
1740,u10f4qkyriw5mbfcyg6zyy23,Starlink Mission,sl-4-3,final,starlink,Falcon 9,"SLC-40, Florida",2021-12-02,18:12:00,Droneship,,,,False,False,"On Thursday, December 2 at 6:12 p.m. EST, Falcon 9 launched 48 Starlink satellites and two BlackSky spacecraft to orbit from Space Launch Complex 40 (SLC-40) at Cape Canaveral Space Force Station in Florida.

This was the ninth launch and landing of this Falcon 9 first stage booster, which previously launched GPS III-3, Turksat 5A, Transporter-2, and now six Starlink missions.",,594TbXriaAk,youtube,False,2021-12-02 18:12:00,2021,True,True
1730,yddgvhzgsx0aqye0wz6a9xqi,DART,dart,final,science,Falcon 9,"SLC-4E, California",2021-11-23,22:21:00,Droneship,,,,False,False,"On Tuesday, November 23 at 10:21 p.m. PST, Falcon 9 launched NASA’s Double Asteroid Redirection Test (DART) mission to an interplanetary transfer orbit from Space Launch Complex 4 East (SLC-4E) at Vandenberg Space Force Base in California. DART is humanity’s first planetary defense test mission to see if intentionally crashing a spacecraft into an asteroid is an effective way to change its course, should an Earth-threatening asteroid be discovered in the future. This was SpaceX’s first inter-planetary mission.

This was the third flight for this Falcon 9’s first stage booster, which previously supported launch of Sentinel-6 Michael Freilich and a Starlink mission.",,XKRf6-NcMqI,youtube,False,2021-11-23 22:21:00,2021,True,True
1704,whfcbl3hn6dpr2qksenexfw6,Starlink Mission,sl-4-1,final,starlink,Falcon 9,"SLC-40, Florida",2021-11-13,07:19:00,Droneship,,,,False,False,"On Saturday, November 13 at 7:19 a.m. EST, Falcon 9 launched 53 Starlink satellites to orbit from Space Launch Complex 40 (SLC-40) at Cape Canaveral Space Force Station in Florida.

This was the ninth launch and landing of this Falcon 9 first stage booster, which previously launched Crew Demo-2, ANASIS-11, CRS-21, Transporter-1, and now five Starlink missions.",,AtmtP4vouSY,youtube,False,2021-11-13 07:19:00,2021,True,True
1959,iowi3hn6h56x3zt86uos7l0v,CREW-3 MISSION,crew3,final,hsf,Falcon 9,"LC-39A, Florida",2021-11-10,21:03:00,Droneship,,2022-05-06,00:43:00,False,False,"On Wednesday, November 10 at 9:03 p.m. ET, SpaceX’s Falcon 9 launched Dragon's third operational human spaceflight mission (Crew-3) to the International Space Station from Launch Complex 39A (LC-39A) at NASA’s Kennedy Space Center in Florida. Dragon autonomously docked with the space station at 6:32 p.m. ET on Thursday, November 11.

After 176 days in space, Dragon and the Crew-3 astronauts returned to Earth, splashing down off the coast of Florida on Friday, May 6 at 12:43 a.m. ET.

This was the first flight for the Dragon spacecraft supporting this mission. This was the second flight for the first stage booster supporting this mission, which previously launched CRS-22.","[{""id"": 1161, ""name"": ""Raja Chari"", ""bioLink"": ""https://www.nasa.gov/people/raja-chari/"", ""description"": ""Commander"", ""portrait"": {""id"": 3542, ""name"": ""Crew-3_20210804-Crew3-027_v02_960x1200.jpg"", ""alternativeText"": null, ""caption"": null, ""width"": 960, ""height"": 1200, ""formats"": {""large"": {""ext"": "".jpg"", ""url"": ""https://sxcontent9668.azureedge.us/cms-assets/assets/large_Crew_3_20210804_Crew3_027_v02_960x1200_a4e57b281a.jpg"", ""hash"": ""large_Crew_3_20210804_Crew3_027_v02_960x1200_a4e57b281a"", ""mime"": ""image/jpeg"", ""name"": ""large_Crew-3_20210804-Crew3-027_v02_960x1200.jpg"", ""path"": null, ""size"": 128.86, ""width"": 800, ""height"": 1000, ""sizeInBytes"": 128861}, ""small"": {""ext"": "".jpg"", ""url"": ""https://sxcontent9668.azureedge.us/cms-assets/assets/small_Crew_3_20210804_Crew3_027_v02_960x1200_a4e57b281a.jpg"", ""hash"": ""small_Crew_3_20210804_Crew3_027_v02_960x1200_a4e57b281a"", ""mime"": ""image/jpeg"", ""name"": ""small_Crew-3_20210804-Crew3-027_v02_960x1200.jpg"", ""path"": null, ""size"": 33.05, ""width"": 400, ""height"": 500, ""sizeInBytes"": 33045}, ""medium"": {""ext"": "".jpg"", ""url"": ""https://sxcontent9668.azureedge.us/cms-assets/assets/medium_Crew_3_20210804_Crew3_027_v02_960x1200_a4e57b281a.jpg"", ""hash"": ""medium_Crew_3_20210804_Crew3_027_v02_960x1200_a4e57b281a"", ""mime"": ""image/jpeg"", ""name"": ""medium_Crew-3_20210804-Crew3-027_v02_960x1200.jpg"", ""path"": null, ""size"": 72.95, ""width"": 600, ""height"": 750, ""sizeInBytes"": 72949}, ""thumbnail"": {""ext"": "".jpg"", ""url"": ""https://sxcontent9668.azureedge.us/cms-assets/assets/thumbnail_Crew_3_20210804_Crew3_027_v02_960x1200_a4e57b281a.jpg"", ""hash"": ""thumbnail_Crew_3_20210804_Crew3_027_v02_960x1200_a4e57b281a"", ""mime"": ""image/jpeg"", ""name"": ""thumbnail_Crew-3_20210804-Crew3-027_v02_960x1200.jpg"", ""path"": null, ""size"": 5.29, ""width"": 125, ""height"": 156, ""sizeInBytes"": 5287}}, ""hash"": ""Crew_3_20210804_Crew3_027_v02_960x1200_a4e57b281a"", ""ext"": "".jpg"", ""mime"": ""image/jpeg"", ""size"": 183.83, ""url"": ""https://sxcontent9668.azureedge.us/cms-assets/assets/Crew_3_20210804_Crew3_027_v02_960x1200_a4e57b281a.jpg"", ""previewUrl"": null, ""provider"": ""strapi-provider-upload-azure-storage"", ""provider_metadata"": null, ""folderPath"": ""/487/514/593/633"", ""createdAt"": ""2025-07-24T01:29:36.219Z"", ""updatedAt"": ""2025-07-24T01:29:36.219Z"", ""documentId"": ""iav4pc2knn7c3jzgf2rzgthh"", ""locale"": null, ""publishedAt"": ""2025-07-24T01:29:36.220Z""}}, {""id"": 1162, ""name"": ""Tom Marshburn"", ""bioLink"": ""https://www.nasa.gov/wp-content/uploads/2023/07/marshburn-thomas.pdf"", ""description"": ""Pilot"", ""portrait"": {""id"": 3544, ""name"": ""Crew-3_20210804-Crew3-127_v02_960x1200.jpg"", ""alternativeText"": null, ""caption"": null, ""width"": 960, ""height"": 1200, ""formats"": {""large"": {""ext"": "".jpg"", ""url"": ""https://sxcontent9668.azureedge.us/cms-assets/assets/large_Crew_3_20210804_Crew3_127_v02_960x1200_494d2f5ce8.jpg"", ""hash"": ""large_Crew_3_20210804_Crew3_127_v02_960x1200_494d2f5ce8"", ""mime"": ""image/jpeg"", ""name"": ""large_Crew-3_20210804-Crew3-127_v02_960x1200.jpg"", ""path"": null, ""size"": 117.71, ""width"": 800, ""height"": 1000, ""sizeInBytes"": 117707}, ""small"": {""ext"": "".jpg"", ""url"": ""https://sxcontent9668.azureedge.us/cms-assets/assets/small_Crew_3_20210804_Crew3_127_v02_960x1200_494d2f5ce8.jpg"", ""hash"": ""small_Crew_3_20210804_Crew3_127_v02_960x1200_494d2f5ce8"", ""mime"": ""image/jpeg"", ""name"": ""small_Crew-3_20210804-Crew3-127_v02_960x1200.jpg"", ""path"": null, ""size"": 32.63, ""width"": 400, ""height"": 500, ""sizeInBytes"": 32629}, ""medium"": {""ext"": "".jpg"", ""url"": ""https://sxcontent9668.azureedge.us/cms-assets/assets/medium_Crew_3_20210804_Crew3_127_v02_960x1200_494d2f5ce8.jpg"", ""hash"": ""medium_Crew_3_20210804_Crew3_127_v02_960x1200_494d2f5ce8"", ""mime"": ""image/jpeg"", ""name"": ""medium_Crew-3_20210804-Crew3-127_v02_960x1200.jpg"", ""path"": null, ""size"": 69.42, ""width"": 600, ""height"": 750, ""sizeInBytes"": 69419}, ""thumbnail"": {""ext"": "".jpg"", ""url"": ""https://sxcontent9668.azureedge.us/cms-assets/assets/thumbnail_Crew_3_20210804_Crew3_127_v02_960x1200_494d2f5ce8.jpg"", ""hash"": ""thumbnail_Crew_3_20210804_Crew3_127_v02_960x1200_494d2f5ce8"", ""mime"": ""image/jpeg"", ""name"": ""thumbnail_Crew-3_20210804-Crew3-127_v02_960x1200.jpg"", ""path"": null, ""size"": 5.2, ""width"": 125, ""height"": 156, ""sizeInBytes"": 5195}}, ""hash"": ""Crew_3_20210804_Crew3_127_v02_960x1200_494d2f5ce8"", ""ext"": "".jpg"", ""mime"": ""image/jpeg"", ""size"": 162.27, ""url"": ""https://sxcontent9668.azureedge.us/cms-assets/assets/Crew_3_20210804_Crew3_127_v02_960x1200_494d2f5ce8.jpg"", ""previewUrl"": null, ""provider"": ""strapi-provider-upload-azure-storage"", ""provider_metadata"": null, ""folderPath"": ""/487/514/593/633"", ""createdAt"": ""2025-07-24T01:29:36.699Z"", ""updatedAt"": ""2025-07-24T01:29:36.699Z"", ""documentId"": ""xz940f1sjmdolqgnvz1bps68"", ""locale"": null, ""publishedAt"": ""2025-07-24T01:29:36.699Z""}}, {""id"": 1163, ""name"": ""Kayla Barron"", ""bioLink"": ""https://www.nasa.gov/people/kayla-barron/"", ""description"": ""Mission Specialist"", ""portrait"": {""id"": 3543, ""name"": ""Crew-3_20210804-Crew3-083_v02_960x1200.jpg"", ""alternativeText"": null, ""caption"": null, ""width"": 960, ""height"": 1200, ""formats"": {""large"": {""ext"": "".jpg"", ""url"": ""https://sxcontent9668.azureedge.us/cms-assets/assets/large_Crew_3_20210804_Crew3_083_v02_960x1200_1091530622.jpg"", ""hash"": ""large_Crew_3_20210804_Crew3_083_v02_960x1200_1091530622"", ""mime"": ""image/jpeg"", ""name"": ""large_Crew-3_20210804-Crew3-083_v02_960x1200.jpg"", ""path"": null, ""size"": 119.07, ""width"": 800, ""height"": 1000, ""sizeInBytes"": 119073}, ""small"": {""ext"": "".jpg"", ""url"": ""https://sxcontent9668.azureedge.us/cms-assets/assets/small_Crew_3_20210804_Crew3_083_v02_960x1200_1091530622.jpg"", ""hash"": ""small_Crew_3_20210804_Crew3_083_v02_960x1200_1091530622"", ""mime"": ""image/jpeg"", ""name"": ""small_Crew-3_20210804-Crew3-083_v02_960x1200.jpg"", ""path"": null, ""size"": 31.54, ""width"": 400, ""height"": 500, ""sizeInBytes"": 31540}, ""medium"": {""ext"": "".jpg"", ""url"": ""https://sxcontent9668.azureedge.us/cms-assets/assets/medium_Crew_3_20210804_Crew3_083_v02_960x1200_1091530622.jpg"", ""hash"": ""medium_Crew_3_20210804_Crew3_083_v02_960x1200_1091530622"", ""mime"": ""image/jpeg"", ""name"": ""medium_Crew-3_20210804-Crew3-083_v02_960x1200.jpg"", ""path"": null, ""size"": 68.27, ""width"": 600, ""height"": 750, ""sizeInBytes"": 68274}, ""thumbnail"": {""ext"": "".jpg"", ""url"": ""https://sxcontent9668.azureedge.us/cms-assets/assets/thumbnail_Crew_3_20210804_Crew3_083_v02_960x1200_1091530622.jpg"", ""hash"": ""thumbnail_Crew_3_20210804_Crew3_083_v02_960x1200_1091530622"", ""mime"": ""image/jpeg"", ""name"": ""thumbnail_Crew-3_20210804-Crew3-083_v02_960x1200.jpg"", ""path"": null, ""size"": 5.06, ""width"": 125, ""height"": 156, ""sizeInBytes"": 5063}}, ""hash"": ""Crew_3_20210804_Crew3_083_v02_960x1200_1091530622"", ""ext"": "".jpg"", ""mime"": ""image/jpeg"", ""size"": 167.22, ""url"": ""https://sxcontent9668.azureedge.us/cms-assets/assets/Crew_3_20210804_Crew3_083_v02_960x1200_1091530622.jpg"", ""previewUrl"": null, ""provider"": ""strapi-provider-upload-azure-storage"", ""provider_metadata"": null, ""folderPath"": ""/487/514/593/633"", ""createdAt"": ""2025-07-24T01:29:36.519Z"", ""updatedAt"": ""2025-07-24T01:29:36.519Z"", ""documentId"": ""oi429e7wuj7vtoc34rfqdygf"", ""locale"": null, ""publishedAt"": ""2025-07-24T01:29:36.519Z""}}, {""id"": 1164, ""name"": ""Matthias Maurer"", ""bioLink"": ""https://www.esa.int/Science_Exploration/Human_and_Robotic_Exploration/Astronauts/Matthias_Maurer"", ""description"": ""Mission Specialist"", ""portrait"": {""id"": 3541, ""name"": ""Crew-3_20210804-Crew3-237_v02_960x1200.jpg"", ""alternativeText"": null, ""caption"": null, ""width"": 960, ""height"": 1200, ""formats"": {""large"": {""ext"": "".jpg"", ""url"": ""https://sxcontent9668.azureedge.us/cms-assets/assets/large_Crew_3_20210804_Crew3_237_v02_960x1200_3b4da9c5d0.jpg"", ""hash"": ""large_Crew_3_20210804_Crew3_237_v02_960x1200_3b4da9c5d0"", ""mime"": ""image/jpeg"", ""name"": ""large_Crew-3_20210804-Crew3-237_v02_960x1200.jpg"", ""path"": null, ""size"": 128.38, ""width"": 800, ""height"": 1000, ""sizeInBytes"": 128379}, ""small"": {""ext"": "".jpg"", ""url"": ""https://sxcontent9668.azureedge.us/cms-assets/assets/small_Crew_3_20210804_Crew3_237_v02_960x1200_3b4da9c5d0.jpg"", ""hash"": ""small_Crew_3_20210804_Crew3_237_v02_960x1200_3b4da9c5d0"", ""mime"": ""image/jpeg"", ""name"": ""small_Crew-3_20210804-Crew3-237_v02_960x1200.jpg"", ""path"": null, ""size"": 33.46, ""width"": 400, ""height"": 500, ""sizeInBytes"": 33461}, ""medium"": {""ext"": "".jpg"", ""url"": ""https://sxcontent9668.azureedge.us/cms-assets/assets/medium_Crew_3_20210804_Crew3_237_v02_960x1200_3b4da9c5d0.jpg"", ""hash"": ""medium_Crew_3_20210804_Crew3_237_v02_960x1200_3b4da9c5d0"", ""mime"": ""image/jpeg"", ""name"": ""medium_Crew-3_20210804-Crew3-237_v02_960x1200.jpg"", ""path"": null, ""size"": 73.62, ""width"": 600, ""height"": 750, ""sizeInBytes"": 73616}, ""thumbnail"": {""ext"": "".jpg"", ""url"": ""https://sxcontent9668.azureedge.us/cms-assets/assets/thumbnail_Crew_3_20210804_Crew3_237_v02_960x1200_3b4da9c5d0.jpg"", ""hash"": ""thumbnail_Crew_3_20210804_Crew3_237_v02_960x1200_3b4da9c5d0"", ""mime"": ""image/jpeg"", ""name"": ""thumbnail_Crew-3_20210804-Crew3-237_v02_960x1200.jpg"", ""path"": null, ""size"": 5.24, ""width"": 125, ""height"": 156, ""sizeInBytes"": 5237}}, ""hash"": ""Crew_3_20210804_Crew3_237_v02_960x1200_3b4da9c5d0"", ""ext"": "".jpg"", ""mime"": ""image/jpeg"", ""size"": 182.04, ""url"": ""https://sxcontent9668.azureedge.us/cms-assets/assets/Crew_3_20210804_Crew3_237_v02_960x1200_3b4da9c5d0.jpg"", ""previewUrl"": null, ""provider"": ""strapi-provider-upload-azure-storage"", ""provider_metadata"": null, ""folderPath"": ""/487/514/593/633"", ""createdAt"": ""2025-07-24T01:29:36.215Z"", ""updatedAt"": ""2025-07-24T01:29:36.215Z"", ""documentId"": ""t39igukb058a48yxc7hehn05"", ""locale"": null, ""publishedAt"": ""2025-07-24T01:29:36.218Z""}}]",WZvtrnFItNs,youtube,False,2021-11-10 21:03:00,2021,True,True
2436,z92ikhtsuvhoar6n4smh5f45,Inspiration4 Mission,inspiration4,final,hsf,Falcon 9,"LC-39A, Florida",2021-09-15,22:02:00,Droneship,,2021-09-18,19:06:00,False,False,"On Wednesday, September 15 at 10:02 p.m. ET, SpaceX’s Falcon 9 launched Inspiration4 to low-Earth orbit from Launch Complex 39A at NASA’s Kennedy Space Center in Florida.

After three days orbiting Earth, Dragon and the Inspiration4 crew – the world’s first civilian mission to orbit – safely splashed down off the coast of Florida on Saturday, September 18 at 7:06 p.m. ET.

This was the second flight for the Dragon spacecraft supporting this mission, which previously flew Crew-1 to and from the space station. This was the third flight for the first stage booster supporting this mission, which previously GPS III Space Vehicle 04 and GPS III Space Vehicle 05.","[{""id"": 1079, ""name"": ""Jared Isaacman"", ""bioLink"": ""https://inspiration4.com/crew/#jared"", ""description"": ""Commander"", ""portrait"": {""id"": 3593, ""name"": ""I4_Jared_I_129A9236-FINAL_960x1202.jpg"", ""alternativeText"": null, ""caption"": null, ""width"": 960, ""height"": 1202, ""formats"": {""large"": {""ext"": "".jpg"", ""url"": ""https://sxcontent9668.azureedge.us/cms-assets/assets/large_I4_Jared_I_129_A9236_FINAL_960x1202_28f7b31e4a.jpg"", ""hash"": ""large_I4_Jared_I_129_A9236_FINAL_960x1202_28f7b31e4a"", ""mime"": ""image/jpeg"", ""name"": ""large_I4_Jared_I_129A9236-FINAL_960x1202.jpg"", ""path"": null, ""size"": 88.14, ""width"": 799, ""height"": 1000, ""sizeInBytes"": 88143}, ""small"": {""ext"": "".jpg"", ""url"": ""https://sxcontent9668.azureedge.us/cms-assets/assets/small_I4_Jared_I_129_A9236_FINAL_960x1202_28f7b31e4a.jpg"", ""hash"": ""small_I4_Jared_I_129_A9236_FINAL_960x1202_28f7b31e4a"", ""mime"": ""image/jpeg"", ""name"": ""small_I4_Jared_I_129A9236-FINAL_960x1202.jpg"", ""path"": null, ""size"": 27.12, ""width"": 399, ""height"": 500, ""sizeInBytes"": 27116}, ""medium"": {""ext"": "".jpg"", ""url"": ""https://sxcontent9668.azureedge.us/cms-assets/assets/medium_I4_Jared_I_129_A9236_FINAL_960x1202_28f7b31e4a.jpg"", ""hash"": ""medium_I4_Jared_I_129_A9236_FINAL_960x1202_28f7b31e4a"", ""mime"": ""image/jpeg"", ""name"": ""medium_I4_Jared_I_129A9236-FINAL_960x1202.jpg"", ""path"": null, ""size"": 53.8, ""width"": 599, ""height"": 750, ""sizeInBytes"": 53795}, ""thumbnail"": {""ext"": "".jpg"", ""url"": ""https://sxcontent9668.azureedge.us/cms-assets/assets/thumbnail_I4_Jared_I_129_A9236_FINAL_960x1202_28f7b31e4a.jpg"", ""hash"": ""thumbnail_I4_Jared_I_129_A9236_FINAL_960x1202_28f7b31e4a"", ""mime"": ""image/jpeg"", ""name"": ""thumbnail_I4_Jared_I_129A9236-FINAL_960x1202.jpg"", ""path"": null, ""size"": 4.66, ""width"": 125, ""height"": 156, ""sizeInBytes"": 4655}}, ""hash"": ""I4_Jared_I_129_A9236_FINAL_960x1202_28f7b31e4a"", ""ext"": "".jpg"", ""mime"": ""image/jpeg"", ""size"": 121.69, ""url"": ""https://sxcontent9668.azureedge.us/cms-assets/assets/I4_Jared_I_129_A9236_FINAL_960x1202_28f7b31e4a.jpg"", ""previewUrl"": null, ""provider"": ""strapi-provider-upload-azure-storage"", ""provider_metadata"": null, ""folderPath"": ""/102/637/639"", ""createdAt"": ""2025-07-24T06:37:38.698Z"", ""updatedAt"": ""2025-07-24T06:37:38.698Z"", ""documentId"": ""d0qvx1tu5tb2gzexkj6k1dxs"", ""locale"": null, ""publishedAt"": ""2025-07-24T06:37:38.699Z""}}, {""id"": 1080, ""name"": ""Hayley Arceneaux"", ""bioLink"": ""https://inspiration4.com/crew/#hayley"", ""description"": ""Medical Officer"", ""portrait"": {""id"": 3592, ""name"": ""I4_Haley_129A9282_FINAL_960x1202.jpg"", ""alternativeText"": null, ""caption"": null, ""width"": 960, ""height"": 1202, ""formats"": {""large"": {""ext"": "".jpg"", ""url"": ""https://sxcontent9668.azureedge.us/cms-assets/assets/large_I4_Haley_129_A9282_FINAL_960x1202_5e284aa338.jpg"", ""hash"": ""large_I4_Haley_129_A9282_FINAL_960x1202_5e284aa338"", ""mime"": ""image/jpeg"", ""name"": ""large_I4_Haley_129A9282_FINAL_960x1202.jpg"", ""path"": null, ""size"": 91.78, ""width"": 799, ""height"": 1000, ""sizeInBytes"": 91780}, ""small"": {""ext"": "".jpg"", ""url"": ""https://sxcontent9668.azureedge.us/cms-assets/assets/small_I4_Haley_129_A9282_FINAL_960x1202_5e284aa338.jpg"", ""hash"": ""small_I4_Haley_129_A9282_FINAL_960x1202_5e284aa338"", ""mime"": ""image/jpeg"", ""name"": ""small_I4_Haley_129A9282_FINAL_960x1202.jpg"", ""path"": null, ""size"": 27.88, ""width"": 399, ""height"": 500, ""sizeInBytes"": 27883}, ""medium"": {""ext"": "".jpg"", ""url"": ""https://sxcontent9668.azureedge.us/cms-assets/assets/medium_I4_Haley_129_A9282_FINAL_960x1202_5e284aa338.jpg"", ""hash"": ""medium_I4_Haley_129_A9282_FINAL_960x1202_5e284aa338"", ""mime"": ""image/jpeg"", ""name"": ""medium_I4_Haley_129A9282_FINAL_960x1202.jpg"", ""path"": null, ""size"": 55.51, ""width"": 599, ""height"": 750, ""sizeInBytes"": 55505}, ""thumbnail"": {""ext"": "".jpg"", ""url"": ""https://sxcontent9668.azureedge.us/cms-assets/assets/thumbnail_I4_Haley_129_A9282_FINAL_960x1202_5e284aa338.jpg"", ""hash"": ""thumbnail_I4_Haley_129_A9282_FINAL_960x1202_5e284aa338"", ""mime"": ""image/jpeg"", ""name"": ""thumbnail_I4_Haley_129A9282_FINAL_960x1202.jpg"", ""path"": null, ""size"": 4.74, ""width"": 125, ""height"": 156, ""sizeInBytes"": 4742}}, ""hash"": ""I4_Haley_129_A9282_FINAL_960x1202_5e284aa338"", ""ext"": "".jpg"", ""mime"": ""image/jpeg"", ""size"": 128.3, ""url"": ""https://sxcontent9668.azureedge.us/cms-assets/assets/I4_Haley_129_A9282_FINAL_960x1202_5e284aa338.jpg"", ""previewUrl"": null, ""provider"": ""strapi-provider-upload-azure-storage"", ""provider_metadata"": null, ""folderPath"": ""/102/637/639"", ""createdAt"": ""2025-07-24T06:37:38.119Z"", ""updatedAt"": ""2025-07-24T06:37:38.119Z"", ""documentId"": ""k775jyd300tdfdv1bp9o2cnz"", ""locale"": null, ""publishedAt"": ""2025-07-24T06:37:38.119Z""}}, {""id"": 1081, ""name"": ""Chris Sembroski"", ""bioLink"": ""https://inspiration4.com/crew/#chris"", ""description"": ""Mission Specialist"", ""portrait"": {""id"": 3594, ""name"": ""I4_Chris_S_129A9147-FINAL_960x1203.jpg"", ""alternativeText"": null, ""caption"": null, ""width"": 960, ""height"": 1203, ""formats"": {""large"": {""ext"": "".jpg"", ""url"": ""https://sxcontent9668.azureedge.us/cms-assets/assets/large_I4_Chris_S_129_A9147_FINAL_960x1203_91404407f3.jpg"", ""hash"": ""large_I4_Chris_S_129_A9147_FINAL_960x1203_91404407f3"", ""mime"": ""image/jpeg"", ""name"": ""large_I4_Chris_S_129A9147-FINAL_960x1203.jpg"", ""path"": null, ""size"": 88.28, ""width"": 798, ""height"": 1000, ""sizeInBytes"": 88282}, ""small"": {""ext"": "".jpg"", ""url"": ""https://sxcontent9668.azureedge.us/cms-assets/assets/small_I4_Chris_S_129_A9147_FINAL_960x1203_91404407f3.jpg"", ""hash"": ""small_I4_Chris_S_129_A9147_FINAL_960x1203_91404407f3"", ""mime"": ""image/jpeg"", ""name"": ""small_I4_Chris_S_129A9147-FINAL_960x1203.jpg"", ""path"": null, ""size"": 27, ""width"": 399, ""height"": 500, ""sizeInBytes"": 26995}, ""medium"": {""ext"": "".jpg"", ""url"": ""https://sxcontent9668.azureedge.us/cms-assets/assets/medium_I4_Chris_S_129_A9147_FINAL_960x1203_91404407f3.jpg"", ""hash"": ""medium_I4_Chris_S_129_A9147_FINAL_960x1203_91404407f3"", ""mime"": ""image/jpeg"", ""name"": ""medium_I4_Chris_S_129A9147-FINAL_960x1203.jpg"", ""path"": null, ""size"": 53.67, ""width"": 599, ""height"": 750, ""sizeInBytes"": 53673}, ""thumbnail"": {""ext"": "".jpg"", ""url"": ""https://sxcontent9668.azureedge.us/cms-assets/assets/thumbnail_I4_Chris_S_129_A9147_FINAL_960x1203_91404407f3.jpg"", ""hash"": ""thumbnail_I4_Chris_S_129_A9147_FINAL_960x1203_91404407f3"", ""mime"": ""image/jpeg"", ""name"": ""thumbnail_I4_Chris_S_129A9147-FINAL_960x1203.jpg"", ""path"": null, ""size"": 4.7, ""width"": 125, ""height"": 156, ""sizeInBytes"": 4699}}, ""hash"": ""I4_Chris_S_129_A9147_FINAL_960x1203_91404407f3"", ""ext"": "".jpg"", ""mime"": ""image/jpeg"", ""size"": 123.22, ""url"": ""https://sxcontent9668.azureedge.us/cms-assets/assets/I4_Chris_S_129_A9147_FINAL_960x1203_91404407f3.jpg"", ""previewUrl"": null, ""provider"": ""strapi-provider-upload-azure-storage"", ""provider_metadata"": null, ""folderPath"": ""/102/637/639"", ""createdAt"": ""2025-07-24T06:37:38.799Z"", ""updatedAt"": ""2025-07-24T06:37:38.799Z"", ""documentId"": ""dorxmh68tdbv2rou4el2v10g"", ""locale"": null, ""publishedAt"": ""2025-07-24T06:37:38.800Z""}}, {""id"": 1082, ""name"": ""Dr. Sian Proctor"", ""bioLink"": ""https://inspiration4.com/crew/#drsian"", ""description"": ""Pilot"", ""portrait"": {""id"": 3591, ""name"": ""I4_Sian_P_129A9197-FINAL_960x1200.jpg"", ""alternativeText"": null, ""caption"": null, ""width"": 960, ""height"": 1200, ""formats"": {""large"": {""ext"": "".jpg"", ""url"": ""https://sxcontent9668.azureedge.us/cms-assets/assets/large_I4_Sian_P_129_A9197_FINAL_960x1200_b8b1bce622.jpg"", ""hash"": ""large_I4_Sian_P_129_A9197_FINAL_960x1200_b8b1bce622"", ""mime"": ""image/jpeg"", ""name"": ""large_I4_Sian_P_129A9197-FINAL_960x1200.jpg"", ""path"": null, ""size"": 84.51, ""width"": 800, ""height"": 1000, ""sizeInBytes"": 84513}, ""small"": {""ext"": "".jpg"", ""url"": ""https://sxcontent9668.azureedge.us/cms-assets/assets/small_I4_Sian_P_129_A9197_FINAL_960x1200_b8b1bce622.jpg"", ""hash"": ""small_I4_Sian_P_129_A9197_FINAL_960x1200_b8b1bce622"", ""mime"": ""image/jpeg"", ""name"": ""small_I4_Sian_P_129A9197-FINAL_960x1200.jpg"", ""path"": null, ""size"": 27.6, ""width"": 400, ""height"": 500, ""sizeInBytes"": 27596}, ""medium"": {""ext"": "".jpg"", ""url"": ""https://sxcontent9668.azureedge.us/cms-assets/assets/medium_I4_Sian_P_129_A9197_FINAL_960x1200_b8b1bce622.jpg"", ""hash"": ""medium_I4_Sian_P_129_A9197_FINAL_960x1200_b8b1bce622"", ""mime"": ""image/jpeg"", ""name"": ""medium_I4_Sian_P_129A9197-FINAL_960x1200.jpg"", ""path"": null, ""size"": 52.73, ""width"": 600, ""height"": 750, ""sizeInBytes"": 52734}, ""thumbnail"": {""ext"": "".jpg"", ""url"": ""https://sxcontent9668.azureedge.us/cms-assets/assets/thumbnail_I4_Sian_P_129_A9197_FINAL_960x1200_b8b1bce622.jpg"", ""hash"": ""thumbnail_I4_Sian_P_129_A9197_FINAL_960x1200_b8b1bce622"", ""mime"": ""image/jpeg"", ""name"": ""thumbnail_I4_Sian_P_129A9197-FINAL_960x1200.jpg"", ""path"": null, ""size"": 4.96, ""width"": 125, ""height"": 156, ""sizeInBytes"": 4964}}, ""hash"": ""I4_Sian_P_129_A9197_FINAL_960x1200_b8b1bce622"", ""ext"": "".jpg"", ""mime"": ""image/jpeg"", ""size"": 113.39, ""url"": ""https://sxcontent9668.azureedge.us/cms-assets/assets/I4_Sian_P_129_A9197_FINAL_960x1200_b8b1bce622.jpg"", ""previewUrl"": null, ""provider"": ""strapi-provider-upload-azure-storage"", ""provider_metadata"": null, ""folderPath"": ""/102/637/639"", ""createdAt"": ""2025-07-24T06:37:37.419Z"", ""updatedAt"": ""2025-07-24T06:37:37.419Z"", ""documentId"": ""zcez7dgx0fbntohr7iz2zh0m"", ""locale"": null, ""publishedAt"": ""2025-07-24T06:37:37.419Z""}}]",3pv01sSq44w,youtube,False,2021-09-15 22:02:00,2021,True,True
1727,i1vmfrlwyndksew07qwei9v5,Starlink Mission,sl-2-1,final,starlink,Falcon 9,"SLC-4E, California",2021-09-13,20:55:00,Droneship,,,,False,False,"On Monday, September 13 at 8:55 p.m. PDT, SpaceX launched 51 Starlink satellites from Space Launch Complex 4E (SLC-4E) at Vandenberg Air Force Base in California.

This was the tenth launch and landing of this Falcon 9 first stage booster, which previously launched the Telstar 18 VANTAGE, Iridium-8, and seven Starlink missions.",,4372QYiPZB4,youtube,False,2021-09-13 20:55:00,2021,True,True
1794,q14gb345sun83zp9euitq7s3,CRS-23 MISSION,crs23,final,resupply,Falcon 9,"LC-39A, Florida",2021-08-29,13:29:00,Droneship,,2021-09-30,22:57:00,False,False,"On Sunday, August 29 at 3:14 a.m. ET, Falcon 9 launched Dragon's 23rd Commercial Resupply Services mission (CRS-23) to the International Space Station from Launch Complex 39A (LC-39A) at NASA’s Kennedy Space Center, Florida. Dragon docked with the space station at 10:30 a.m. ET on Monday, August 30.

After 30 days, SpaceX’s Dragon spacecraft undocked from the orbiting laboratory and successfully returned to Earth, splashing down off the coast of Florida on Thursday, September 30 at 10:57 p.m. ET.

This was the second flight for the Dragon spacecraft supporting this mission, which previously flew CRS-21 to and from the space station. This was the fourth flight for the first stage booster supporting this mission, which previously launched Crew-1, Crew-2, and SXM-8.",,x-KiDqxAMU0,youtube,False,2021-08-29 13:29:00,2021,True,True
3288,exvylz6ibsmi011xd7xy4vbu,Transporter-2 Mission,transporter2,final,rideshare,Falcon 9,"SLC-40, Florida",2021-06-30,15:31:00,Landing Zone,,,,False,False,"On Wednesday, June 30 at 3:31 p.m. EDT, Falcon 9 launched the Transporter-2, SpaceX’s second dedicated SmallSat Rideshare Program mission, from Space Launch Complex 40 at Cape Canaveral Space Force Station in Florida. The mission also marked SpaceX’s second launch to a polar orbit from Florida.

On board this launch were 85 commercial and government spacecraft (including CubeSats, microsats, and orbital transfer vehicles) and 3 Starlink satellites. While there were fewer spacecraft on board compared to Transporter-1, this mission launched more mass to orbit for SpaceX’s customers.

This was the eighth launch and landing of this Falcon 9 first stage booster in exactly one year, including launch of GPS III Space Vehicle 03, Turksat 5A, and five Starlink missions. Following stage separation, SpaceX landed Falcon 9’s first stage on Landing Zone 1 (LZ-1) at Cape Canaveral Space Force Station.",,,,False,2021-06-30 15:31:00,2021,True,True
1683,yuapvqhmx38uolmfsnllj1hj,GPS III Space Vehicle 05 Mission,gpsiii5,final,nssl,Falcon 9,"SLC-40, Florida",2021-06-17,12:09:00,Droneship,,,,False,False,"On Thursday, June 17 at 12:09 p.m. EDT, Falcon 9 launched the GPS III Space Vehicle 05 mission from Space Launch Complex 40 at Cape Canaveral Space Force Station in Florida. This was the second launch and landing of this Falcon 9 stage booster, which previously supported launch of GPS III Space Vehicle 04. Following stage separation, SpaceX landed Falcon 9’s first stage on the “Just Read the Instructions” droneship, located in the Atlantic Ocean.",,,,False,2021-06-17 12:09:00,2021,True,True
1812,lbeacu6tvgyhyk9bait6xjll,SXM-8 Mission,sxm8,final,commercialSatellite,Falcon 9,"SLC-40, Florida",2021-06-06,00:26:00,Droneship,,,,False,False,"On Sunday, June 6 at 12:26 a.m. EDT, Falcon 9 launched the SXM-8 mission from Space Launch Complex 40 at Cape Canaveral Space Force Station in Florida.

This was the third launch and landing of this Falcon 9 first stage booster, which previously launched NASA astronauts on the Crew-1 and Crew-2 missions to the International Space Station. Following stage separation, Falcon 9’s first stage landed on the “Just Read the Instructions” droneship, located in the Atlantic Ocean.",,bgtDRR2F2wA,youtube,False,2021-06-06 00:26:00,2021,True,True
2183,kitmg1vd7x1ksnfjqoektbai,CRS-22 MISSION,crs22,final,resupply,Falcon 9,"LC-39A, Florida",2021-06-03,13:29:00,Droneship,,2021-07-09,,False,False,"On Thursday, June 3 at 1:29 p.m. ET, Falcon 9 launched Dragon's 22nd Commercial Resupply Services mission (CRS-22) to the International Space Station from Launch Complex 39A (LC-39A) at NASA’s Kennedy Space Center, Florida. Dragon docked with the space station at 5:09 a.m. ET on Saturday, June 5.

After 33 days, SpaceX’s Dragon spacecraft undocked from the orbiting laboratory and successfully returned to Earth, splashing down off the coast of Florida on Friday, July 9 at 11:30 p.m. ET.

This was the first flight for both the Dragon spacecraft and first stage booster supporting this mission.",,QXf9mRWbXDM&t=1s,youtube,False,2021-06-03 13:29:00,2021,True,True
1726,w1rn3y31ui8iuuopojd37xrr,Starlink Mission,sl-28,final,starlink,Falcon 9,"SLC-40, Florida",2021-05-26,14:59:00,Droneship,,,,False,False,"On Wednesday, May 26 at 2:59 p.m. EDT, SpaceX launched 60 Starlink satellites from Space Launch Complex 40 (SLC-40) at Cape Canaveral Space Force Station in Florida.

This was the second launch and landing of this Falcon 9 first stage booster, which previously launched the Sentinel-6A mission.",,xRu-ekesDyY,youtube,False,2021-05-26 14:59:00,2021,True,True
1725,at3k2r04mzjyxgqcf17cniw6,Starlink Mission,sl-26,final,starlink,Falcon 9,"LC-39A, Florida",2021-05-15,18:56:00,Droneship,,,,False,False,"On Saturday, May 15 at 6:56 p.m. EDT, SpaceX launched 52 Starlink satellites, a Capella Synthetic Aperture Radar (SAR) satellite, and Tyvak-0130 from Launch Complex 39A (LC-39A) at Kennedy Space Center in Florida.

This was the eighth launch and landing of this Falcon 9 first stage booster, which previously launched NASA astronauts Bob Behnken and Doug Hurley to the International Space Station, ANASIS-II, CRS-21, Transporter-1, and three Starlink missions.",,tdgg_qwj-hI,youtube,False,2021-05-15 18:56:00,2021,True,True
1702,j3xmn3hjxtx0dkyviuxdooim,Starlink Mission,sl-27,final,starlink,Falcon 9,"SLC-40, Florida",2021-05-09,02:42:00,Droneship,,,,False,False,"On Sunday, May 9 at 2:42 a.m. EDT, Falcon 9 launched 60 Starlink satellites from Space Launch Complex 40 (SLC-40) at Cape Canaveral Space Force Station in Florida. After stage separation, Falcon 9’s first stage returned to Earth and landed on the “Just Read the Instructions” droneship.

This was the first Falcon 9 first stage booster to complete a tenth launch and landing. The first stage booster previously supported Crew Dragon’s first demonstration mission to the International Space Station, the RADARSAT Constellation Mission, SXM-7, and now seven Starlink missions.",,J71s2KmkSrc,youtube,False,2021-05-09 02:42:00,2021,True,True
2162,wyfgin1xux6epdcakaabomre,Starship High Altitude Test - SN15,starship-sn15,final,starship,Starship,"Starbase, Texas",2021-05-05,17:24:00,Landing Zone,,,,False,False,"On Wednesday, May 5, Starship serial number 15 (SN15) successfully completed SpaceX’s fifth high-altitude flight test of a Starship prototype from Starbase in Texas.

Similar to previous high-altitude flight tests of Starship, SN15 was powered through ascent by three Raptor engines, each shutting down in sequence prior to the vehicle reaching apogee – approximately 10 km in altitude. SN15 performed a propellant transition to the internal header tanks, which hold landing propellant, before reorienting itself for reentry and a controlled aerodynamic descent.

The Starship prototype descended under active aerodynamic control, accomplished by independent movement of two forward and two aft flaps on the vehicle. All four flaps were actuated by an onboard flight computer to control Starship’s attitude during flight and enabled precise landing at the intended location. SN15’s Raptor engines reignited as the vehicle performed the landing flip maneuver immediately before touching down for a nominal landing on the pad.

These test flights of Starship are all about improving our understanding and development of a fully reusable transportation system designed to carry both crew and cargo on long-duration interplanetary flights, and help humanity return to the Moon, and travel to Mars and beyond.

Congratulations to the entire SpaceX team on SN15’s successful flight and landing!",,z9eoubnO-pE,youtube,False,2021-05-05 17:24:00,2021,True,True
1724,ifszmcxduoj6y1p1y5k5w1xb,Starlink Mission,sl-25,final,starlink,Falcon 9,"LC-39A, Florida",2021-05-04,15:01:00,Droneship,,,,False,False,"On Tuesday, May 4 at 3:01 p.m. EDT, SpaceX launched 60 Starlink satellites from Launch Complex 39A (LC-39A) at Kennedy Space Center in Florida.

This was the ninth launch and landing of this Falcon 9 first stage booster, which previously launched Telstar 18 VANTAGE, Iridium-8, and six Starlink missions.",,xpl_JnG7rcg,youtube,False,2021-05-04 15:01:00,2021,True,True
1676,nfqpush0dz5whx83g7ae2iz5,Starlink Mission,sl-24,final,starlink,Falcon 9,"SLC-40, Florida",2021-04-28,23:44:00,Droneship,,,,False,False,"On Wednesday, April 28 at 11:44 p.m. EDT, SpaceX launched 60 Starlink satellites from Space Launch Complex 40 (SLC-40) at Cape Canaveral Space Force Station in Florida. This was the seventh launch and landing of this Falcon 9 first stage booster, which previously launched GPS III Space Vehicle 03, Turksat 5A, and four Starlink missions.

You can watch a replay of this mission above.",,RBxkRKZ34yo,youtube,False,2021-04-28 23:44:00,2021,True,True
1918,a0tf3u8k5k1nzyrv98bxd3jl,Crew-2 MISSION,crew2,final,hsf,Falcon 9,"LC-39A, Florida",2021-04-23,05:49:00,Droneship,,2021-08-08,22:33:00,True,False,"On Friday, April 23 at 5:49 a.m. ET, SpaceX’s Falcon 9 launched Dragon's second operational human spaceflight mission (Crew-2) to the International Space Station from Launch Complex 39A (LC-39A) at NASA’s Kennedy Space Center in Florida. Dragon autonomously docked with the space station at 5:08 a.m. ET on Saturday, April 24.

After 199 days in space, the longest-duration mission for a U.S. spacecraft, Dragon and the Crew-2 astronauts returned to Earth, splashing down off the coast of Pensacola, Florida on Monday, November 8 at 10:33 p.m. ET.

This was the second flight for the Dragon spacecraft supporting this mission, which previously flew Demo-2 to and from the space station. This was the second flight for the first stage booster supporting this mission, which previously launched Crew-1.

This mission marked multiple firsts for SpaceX and NASA’s Commercial Crew Program, including being the first to fly two international partners, the first crew mission to use a flight-proven Dragon and Falcon 9, and the first U.S. spacecraft to spend 199 consecutive days on-orbit.","[{""id"": 1157, ""name"": ""Shane Kimbrough"", ""bioLink"": ""https://www.nasa.gov/wp-content/uploads/2016/03/kimbrough-rs.pdf"", ""description"": ""Commander"", ""portrait"": {""id"": 3522, ""name"": ""CREW2_PORTRAIT-SHANE_129A6450-F1-fullres.jpg"", ""alternativeText"": null, ""caption"": null, ""width"": 960, ""height"": 1200, ""formats"": {""large"": {""ext"": "".jpg"", ""url"": ""https://sxcontent9668.azureedge.us/cms-assets/assets/large_CREW_2_PORTRAIT_SHANE_129_A6450_F1_fullres_b1275cf021.jpg"", ""hash"": ""large_CREW_2_PORTRAIT_SHANE_129_A6450_F1_fullres_b1275cf021"", ""mime"": ""image/jpeg"", ""name"": ""large_CREW2_PORTRAIT-SHANE_129A6450-F1-fullres.jpg"", ""path"": null, ""size"": 101.27, ""width"": 800, ""height"": 1000, ""sizeInBytes"": 101268}, ""small"": {""ext"": "".jpg"", ""url"": ""https://sxcontent9668.azureedge.us/cms-assets/assets/small_CREW_2_PORTRAIT_SHANE_129_A6450_F1_fullres_b1275cf021.jpg"", ""hash"": ""small_CREW_2_PORTRAIT_SHANE_129_A6450_F1_fullres_b1275cf021"", ""mime"": ""image/jpeg"", ""name"": ""small_CREW2_PORTRAIT-SHANE_129A6450-F1-fullres.jpg"", ""path"": null, ""size"": 30.24, ""width"": 400, ""height"": 500, ""sizeInBytes"": 30239}, ""medium"": {""ext"": "".jpg"", ""url"": ""https://sxcontent9668.azureedge.us/cms-assets/assets/medium_CREW_2_PORTRAIT_SHANE_129_A6450_F1_fullres_b1275cf021.jpg"", ""hash"": ""medium_CREW_2_PORTRAIT_SHANE_129_A6450_F1_fullres_b1275cf021"", ""mime"": ""image/jpeg"", ""name"": ""medium_CREW2_PORTRAIT-SHANE_129A6450-F1-fullres.jpg"", ""path"": null, ""size"": 61.16, ""width"": 600, ""height"": 750, ""sizeInBytes"": 61156}, ""thumbnail"": {""ext"": "".jpg"", ""url"": ""https://sxcontent9668.azureedge.us/cms-assets/assets/thumbnail_CREW_2_PORTRAIT_SHANE_129_A6450_F1_fullres_b1275cf021.jpg"", ""hash"": ""thumbnail_CREW_2_PORTRAIT_SHANE_129_A6450_F1_fullres_b1275cf021"", ""mime"": ""image/jpeg"", ""name"": ""thumbnail_CREW2_PORTRAIT-SHANE_129A6450-F1-fullres.jpg"", ""path"": null, ""size"": 5, ""width"": 125, ""height"": 156, ""sizeInBytes"": 4998}}, ""hash"": ""CREW_2_PORTRAIT_SHANE_129_A6450_F1_fullres_b1275cf021"", ""ext"": "".jpg"", ""mime"": ""image/jpeg"", ""size"": 137.87, ""url"": ""https://sxcontent9668.azureedge.us/cms-assets/assets/CREW_2_PORTRAIT_SHANE_129_A6450_F1_fullres_b1275cf021.jpg"", ""previewUrl"": null, ""provider"": ""strapi-provider-upload-azure-storage"", ""provider_metadata"": null, ""folderPath"": ""/487/514/580"", ""createdAt"": ""2025-07-24T00:48:22.623Z"", ""updatedAt"": ""2025-07-24T00:48:22.623Z"", ""documentId"": ""v8j5e0uhk96y12jc0uvynu3g"", ""locale"": null, ""publishedAt"": ""2025-07-24T00:48:22.623Z""}}, {""id"": 1158, ""name"": ""Megan McArthur"", ""bioLink"": ""https://www.nasa.gov/people/megan-mcarthur/"", ""description"": ""Pilot"", ""portrait"": {""id"": 3525, ""name"": ""CREW2_PORTRAIT-MEGAN_129A6440-F1_fullres.jpg"", ""alternativeText"": null, ""caption"": null, ""width"": 960, ""height"": 1200, ""formats"": {""large"": {""ext"": "".jpg"", ""url"": ""https://sxcontent9668.azureedge.us/cms-assets/assets/large_CREW_2_PORTRAIT_MEGAN_129_A6440_F1_fullres_71e3184e79.jpg"", ""hash"": ""large_CREW_2_PORTRAIT_MEGAN_129_A6440_F1_fullres_71e3184e79"", ""mime"": ""image/jpeg"", ""name"": ""large_CREW2_PORTRAIT-MEGAN_129A6440-F1_fullres.jpg"", ""path"": null, ""size"": 94.42, ""width"": 800, ""height"": 1000, ""sizeInBytes"": 94422}, ""small"": {""ext"": "".jpg"", ""url"": ""https://sxcontent9668.azureedge.us/cms-assets/assets/small_CREW_2_PORTRAIT_MEGAN_129_A6440_F1_fullres_71e3184e79.jpg"", ""hash"": ""small_CREW_2_PORTRAIT_MEGAN_129_A6440_F1_fullres_71e3184e79"", ""mime"": ""image/jpeg"", ""name"": ""small_CREW2_PORTRAIT-MEGAN_129A6440-F1_fullres.jpg"", ""path"": null, ""size"": 28.35, ""width"": 400, ""height"": 500, ""sizeInBytes"": 28345}, ""medium"": {""ext"": "".jpg"", ""url"": ""https://sxcontent9668.azureedge.us/cms-assets/assets/medium_CREW_2_PORTRAIT_MEGAN_129_A6440_F1_fullres_71e3184e79.jpg"", ""hash"": ""medium_CREW_2_PORTRAIT_MEGAN_129_A6440_F1_fullres_71e3184e79"", ""mime"": ""image/jpeg"", ""name"": ""medium_CREW2_PORTRAIT-MEGAN_129A6440-F1_fullres.jpg"", ""path"": null, ""size"": 56.99, ""width"": 600, ""height"": 750, ""sizeInBytes"": 56994}, ""thumbnail"": {""ext"": "".jpg"", ""url"": ""https://sxcontent9668.azureedge.us/cms-assets/assets/thumbnail_CREW_2_PORTRAIT_MEGAN_129_A6440_F1_fullres_71e3184e79.jpg"", ""hash"": ""thumbnail_CREW_2_PORTRAIT_MEGAN_129_A6440_F1_fullres_71e3184e79"", ""mime"": ""image/jpeg"", ""name"": ""thumbnail_CREW2_PORTRAIT-MEGAN_129A6440-F1_fullres.jpg"", ""path"": null, ""size"": 4.89, ""width"": 125, ""height"": 156, ""sizeInBytes"": 4889}}, ""hash"": ""CREW_2_PORTRAIT_MEGAN_129_A6440_F1_fullres_71e3184e79"", ""ext"": "".jpg"", ""mime"": ""image/jpeg"", ""size"": 129.14, ""url"": ""https://sxcontent9668.azureedge.us/cms-assets/assets/CREW_2_PORTRAIT_MEGAN_129_A6440_F1_fullres_71e3184e79.jpg"", ""previewUrl"": null, ""provider"": ""strapi-provider-upload-azure-storage"", ""provider_metadata"": null, ""folderPath"": ""/487/514/580"", ""createdAt"": ""2025-07-24T00:48:23.828Z"", ""updatedAt"": ""2025-07-24T00:48:23.828Z"", ""documentId"": ""f4yuej6fz7dnp7em4glq1c19"", ""locale"": null, ""publishedAt"": ""2025-07-24T00:48:23.828Z""}}, {""id"": 1159, ""name"": ""Akihiko Hoshide"", ""bioLink"": ""https://humans-in-space.jaxa.jp/en/astronaut/hoshide-akihiko/"", ""description"": ""Mission Specialist"", ""portrait"": {""id"": 3517, ""name"": ""CREW2_PORTRAITS-AKI-025-F1_fullres-(1).jpg"", ""alternativeText"": null, ""caption"": null, ""width"": 960, ""height"": 1200, ""formats"": {""large"": {""ext"": "".jpg"", ""url"": ""https://sxcontent9668.azureedge.us/cms-assets/assets/large_CREW_2_PORTRAITS_AKI_025_F1_fullres_1_ccaa00dd69.jpg"", ""hash"": ""large_CREW_2_PORTRAITS_AKI_025_F1_fullres_1_ccaa00dd69"", ""mime"": ""image/jpeg"", ""name"": ""large_CREW2_PORTRAITS-AKI-025-F1_fullres-(1).jpg"", ""path"": null, ""size"": 102.12, ""width"": 800, ""height"": 1000, ""sizeInBytes"": 102122}, ""small"": {""ext"": "".jpg"", ""url"": ""https://sxcontent9668.azureedge.us/cms-assets/assets/small_CREW_2_PORTRAITS_AKI_025_F1_fullres_1_ccaa00dd69.jpg"", ""hash"": ""small_CREW_2_PORTRAITS_AKI_025_F1_fullres_1_ccaa00dd69"", ""mime"": ""image/jpeg"", ""name"": ""small_CREW2_PORTRAITS-AKI-025-F1_fullres-(1).jpg"", ""path"": null, ""size"": 30.28, ""width"": 400, ""height"": 500, ""sizeInBytes"": 30280}, ""medium"": {""ext"": "".jpg"", ""url"": ""https://sxcontent9668.azureedge.us/cms-assets/assets/medium_CREW_2_PORTRAITS_AKI_025_F1_fullres_1_ccaa00dd69.jpg"", ""hash"": ""medium_CREW_2_PORTRAITS_AKI_025_F1_fullres_1_ccaa00dd69"", ""mime"": ""image/jpeg"", ""name"": ""medium_CREW2_PORTRAITS-AKI-025-F1_fullres-(1).jpg"", ""path"": null, ""size"": 61, ""width"": 600, ""height"": 750, ""sizeInBytes"": 61002}, ""thumbnail"": {""ext"": "".jpg"", ""url"": ""https://sxcontent9668.azureedge.us/cms-assets/assets/thumbnail_CREW_2_PORTRAITS_AKI_025_F1_fullres_1_ccaa00dd69.jpg"", ""hash"": ""thumbnail_CREW_2_PORTRAITS_AKI_025_F1_fullres_1_ccaa00dd69"", ""mime"": ""image/jpeg"", ""name"": ""thumbnail_CREW2_PORTRAITS-AKI-025-F1_fullres-(1).jpg"", ""path"": null, ""size"": 5.07, ""width"": 125, ""height"": 156, ""sizeInBytes"": 5066}}, ""hash"": ""CREW_2_PORTRAITS_AKI_025_F1_fullres_1_ccaa00dd69"", ""ext"": "".jpg"", ""mime"": ""image/jpeg"", ""size"": 141.88, ""url"": ""https://sxcontent9668.azureedge.us/cms-assets/assets/CREW_2_PORTRAITS_AKI_025_F1_fullres_1_ccaa00dd69.jpg"", ""previewUrl"": null, ""provider"": ""strapi-provider-upload-azure-storage"", ""provider_metadata"": null, ""folderPath"": ""/487/514/580"", ""createdAt"": ""2025-07-24T00:48:20.008Z"", ""updatedAt"": ""2025-07-24T00:48:20.008Z"", ""documentId"": ""a6hatfpigi1ntrp9oilyrm6m"", ""locale"": null, ""publishedAt"": ""2025-07-24T00:48:20.009Z""}}, {""id"": 1160, ""name"": ""Thomas Pesquet"", ""bioLink"": ""https://www.esa.int/Science_Exploration/Human_and_Robotic_Exploration/Astronauts/Thomas_Pesquet"", ""description"": ""Mission Specialist"", ""portrait"": {""id"": 3520, ""name"": ""CREW2_PORTRAITS-THOMAS-135-F1-fullres.jpg"", ""alternativeText"": null, ""caption"": null, ""width"": 960, ""height"": 1200, ""formats"": {""large"": {""ext"": "".jpg"", ""url"": ""https://sxcontent9668.azureedge.us/cms-assets/assets/large_CREW_2_PORTRAITS_THOMAS_135_F1_fullres_7d5ae79d7e.jpg"", ""hash"": ""large_CREW_2_PORTRAITS_THOMAS_135_F1_fullres_7d5ae79d7e"", ""mime"": ""image/jpeg"", ""name"": ""large_CREW2_PORTRAITS-THOMAS-135-F1-fullres.jpg"", ""path"": null, ""size"": 103.34, ""width"": 800, ""height"": 1000, ""sizeInBytes"": 103338}, ""small"": {""ext"": "".jpg"", ""url"": ""https://sxcontent9668.azureedge.us/cms-assets/assets/small_CREW_2_PORTRAITS_THOMAS_135_F1_fullres_7d5ae79d7e.jpg"", ""hash"": ""small_CREW_2_PORTRAITS_THOMAS_135_F1_fullres_7d5ae79d7e"", ""mime"": ""image/jpeg"", ""name"": ""small_CREW2_PORTRAITS-THOMAS-135-F1-fullres.jpg"", ""path"": null, ""size"": 30.64, ""width"": 400, ""height"": 500, ""sizeInBytes"": 30642}, ""medium"": {""ext"": "".jpg"", ""url"": ""https://sxcontent9668.azureedge.us/cms-assets/assets/medium_CREW_2_PORTRAITS_THOMAS_135_F1_fullres_7d5ae79d7e.jpg"", ""hash"": ""medium_CREW_2_PORTRAITS_THOMAS_135_F1_fullres_7d5ae79d7e"", ""mime"": ""image/jpeg"", ""name"": ""medium_CREW2_PORTRAITS-THOMAS-135-F1-fullres.jpg"", ""path"": null, ""size"": 61.74, ""width"": 600, ""height"": 750, ""sizeInBytes"": 61742}, ""thumbnail"": {""ext"": "".jpg"", ""url"": ""https://sxcontent9668.azureedge.us/cms-assets/assets/thumbnail_CREW_2_PORTRAITS_THOMAS_135_F1_fullres_7d5ae79d7e.jpg"", ""hash"": ""thumbnail_CREW_2_PORTRAITS_THOMAS_135_F1_fullres_7d5ae79d7e"", ""mime"": ""image/jpeg"", ""name"": ""thumbnail_CREW2_PORTRAITS-THOMAS-135-F1-fullres.jpg"", ""path"": null, ""size"": 5.13, ""width"": 125, ""height"": 156, ""sizeInBytes"": 5129}}, ""hash"": ""CREW_2_PORTRAITS_THOMAS_135_F1_fullres_7d5ae79d7e"", ""ext"": "".jpg"", ""mime"": ""image/jpeg"", ""size"": 143.57, ""url"": ""https://sxcontent9668.azureedge.us/cms-assets/assets/CREW_2_PORTRAITS_THOMAS_135_F1_fullres_7d5ae79d7e.jpg"", ""previewUrl"": null, ""provider"": ""strapi-provider-upload-azure-storage"", ""provider_metadata"": null, ""folderPath"": ""/487/514/580"", ""createdAt"": ""2025-07-24T00:48:20.199Z"", ""updatedAt"": ""2025-07-24T00:48:20.199Z"", ""documentId"": ""slk7rkxfcsgrhmycmilcsoqh"", ""locale"": null, ""publishedAt"": ""2025-07-24T00:48:20.199Z""}}]",lW07SN3YoLI,youtube,False,2021-04-23 05:49:00,2021,True,True
1675,f2dowo0y94qw7l6httitkt9w,Starlink Mission,sl-23,final,starlink,Falcon 9,"SLC-40, Florida",2021-04-07,12:34:00,Droneship,,,,False,False,"On Wednesday, April 7 at 12:34 p.m. EDT, SpaceX launched 60 Starlink satellites from Space Launch Complex 40 (SLC-40) at Cape Canaveral Space Force Station in Florida. This was the seventh launch and landing of this Falcon 9 first stage booster, which previously launched NASA astronauts Bob Behnken and Doug Hurley to the International Space Station, ANASIS-II, CRS-21, Transporter-1, and two Starlink missions. One half of Falcon 9’s fairing previously supported the AMOS-17 and two Starlink missions, and the other supported one Starlink mission.

You can watch a replay of this mission above.",,Uy9Jn-3vuPs,youtube,False,2021-04-07 12:34:00,2021,True,True
2243,ydue6fjarpzr68ebiv37v7yf,Starship High Altitude Test - SN11,starship-sn11,final,starship,Starship,"Starbase, Texas",2021-03-30,08:00:00,Landing Zone,,,,False,False,"On Tuesday, March 30, SpaceX launched its fourth high-altitude flight test of Starship from Starbase in Texas. Similar to previous high-altitude flight tests, Starship Serial Number 11 (SN11) was powered through ascent by three Raptor engines, each shutting down in sequence prior to the vehicle reaching apogee – approximately 10 km in altitude. SN11 performed a propellant transition to the internal header tanks, which hold landing propellant, before reorienting itself for reentry and a controlled aerodynamic descent.

Shortly after the landing burn started, SN11 experienced a rapid unscheduled disassembly. Teams will continue to review data and work toward our next flight test.

Test flights are all about improving our understanding and development of a fully reusable transportation system designed to carry both crew and cargo on long-duration interplanetary flights, and help humanity return to the Moon, and travel to Mars and beyond.",,gjCSJIAKEPM,youtube,False,2021-03-30 08:00:00,2021,True,True
1701,sbd7sryxph0w1yn4e45f6yyz,Starlink Mission,sl-22,final,starlink,Falcon 9,"SLC-40, Florida",2021-03-24,04:28:00,Droneship,,,,False,False,"On Wednesday, March 24 at 4:28 a.m. EDT, SpaceX launched 60 Starlink satellites from Space Launch Complex 40 (SLC-40) at Cape Canaveral Space Force Station in Florida. This was the sixth launch and landing of this Falcon 9 first stage booster, which previously supported launch of GPS-III Space Vehicle 03, Turksat 5A, and three Starlink missions. One half of Falcon 9’s fairing supported the Sentinel-6A mission and the other supported a previous Starlink mission.

You can watch a replay of this mission above.",,a15czI9B91c,youtube,False,2021-03-24 04:28:00,2021,True,True
1650,l4d1sk0ivu6sl6n3vyrz013w,Starlink Mission,sl-21,final,starlink,Falcon 9,"LC-39A, Florida",2021-03-14,06:01:00,Droneship,,,,False,False,"On Sunday, March 14 at 6:01 a.m. EDT, SpaceX launched 60 Starlink satellites from Launch Complex 39A (LC-39A) at Kennedy Space Center in Florida. This was the ninth launch and landing of this Falcon 9 first stage booster, which previously supported launch of Crew Dragon Demo-1, RADARSAT Constellation, SXM-7, and five Starlink missions.

You can watch a replay of this mission above.",,JKf45ATgATc,youtube,False,2021-03-14 06:01:00,2021,True,True
3239,ku3wldpco8b95mo8116ulppn,Starlink Mission,sl-20,final,starlink,Falcon 9,"SLC-4E, California ",2021-03-11,03:13:00,Droneship,,,,False,False,"On Thursday, March 11 at 3:13 a.m. EST, SpaceX launched 60 Starlink satellites from Space Launch Complex 40 (SLC-40) at Cape Canaveral Space Force Station in Florida. This was the sixth launch and landing of this Falcon 9 booster, which previously supported launch of NASA astronauts Bob Behnken and Doug Hurley to the International Space Station, ANASIS-II, CRS-21, Transporter-1, and a Starlink mission.

You can watch a replay of this mission above.",,U4sWbTfrzj8,youtube,False,2021-03-11 03:13:00,2021,True,True
2471,mqbfkm5t4cawtzaygt7jy5vi,Starlink Mission,sl-17,final,starlink,Falcon 9,"LC-39A, Florida",2021-03-04,03:24:00,Droneship,,,,False,False,"On Thursday, March 4 at 3:24 a.m. EST, SpaceX launched 60 Starlink satellites from Launch Complex 39A (LC-39A) at Kennedy Space Center in Florida. This was the eighth launch of this Falcon 9 booster, which previously supported Iridium-8, Telstar 18 VANTAGE, and five Starlink missions.

You can watch a replay of this mission above.

Unbounded by traditional ground infrastructure, Starlink can deliver high-speed broadband internet to locations where access has been unreliable or completely unavailable. At a time when more people are working from home and more students are participating in virtual learning, internet connectivity is more important than ever. With Starlink, we’re able to deploy quickly to areas that need it most.

In December, the Wise County Public School District in rural Virginia, where approximately 40% of teachers and students do not have internet access at home, announced it would provide some families in the area with Starlink to support remote learning. Starlink units were deployed in January and over 40 homes are now connected with high-speed internet.

If you’re interested in service, we recently started taking orders on a first-come, first-served basis. To reserve your spot in line, head over to starlink.com for more information.",,d5DzoKuhdNk,youtube,False,2021-03-04 03:24:00,2021,True,True
1967,p4kz49ibz8z9to2a4gknawpk,Starship High Altitude Test - SN10,starship-sn10,final,starship,Starship,"Starbase, Texas",2021-03-03,17:14:00,Landing Zone,,,,False,False,"On Wednesday, March 3, Starship serial number (SN10) successfully completed SpaceX’s third high-altitude flight test of a Starship prototype from our site in Cameron County, Texas.

Similar to the high-altitude flight tests of Starship SN8 and SN9, SN10 was powered through ascent by three Raptor engines, each shutting down in sequence prior to the vehicle reaching apogee – approximately 10 km in altitude. SN10 performed a propellant transition to the internal header tanks, which hold landing propellant, before reorienting itself for reentry and a controlled aerodynamic descent.

The Starship prototype descended under active aerodynamic control, accomplished by independent movement of two forward and two aft flaps on the vehicle. All four flaps were actuated by an onboard flight computer to control Starship’s attitude during flight and enabled a precise landing at the intended location. SN10’s Raptor engines reignited as the vehicle performed the landing flip maneuver immediately before successfully touching down on the landing pad!

As if the flight test was not exciting enough, SN10 experienced a rapid unscheduled disassembly shortly after landing. All in all a great day for the Starship teams – these test flights are all about improving our understanding and development of a fully reusable transportation system designed to carry both crew and cargo on long-duration interplanetary flights, and help humanity return to the Moon, and travel to Mars and beyond.

Congratulations to the entire Starship and SpaceX teams on the flight test!",,ODY6JWzS8WU,youtube,False,2021-03-03 17:14:00,2021,True,True
2542,wulupvol0z5ef1lfdqllspna,Starlink Mission,sl-19,final,starlink,Falcon 9,"SLC-40, Florida",2021-02-15,22:59:00,Expended,,,,False,False,"On Monday, February 15 at 10:59 p.m. EST, SpaceX launched 60 Starlink satellites from Space Launch Complex 40 (SLC-40) at Cape Canaveral Space Force Station in Florida.

This was the sixth launch of this Falcon 9 booster, which previously supported Dragon’s 19th and 20th cargo resupply missions to the International Space Station, SAOCOM 1B, NROL-108, and a Starlink mission.

You can watch a replay of this mission above.",,L0dkyV09Zso,youtube,False,2021-02-15 22:59:00,2021,True,True
2394,prghyquci2mf1nwmbkpozmap,Starlink Mission,sl-18,final,starlink,Falcon 9,"SLC-40, Florida",2021-02-04,01:19:00,Droneship,,,,False,False,"On Thursday, February 4 at 1:19 a.m. EST, SpaceX launched 60 Starlink satellites from Space Launch Complex 40 (SLC-40) at Cape Canaveral Space Force Station in Florida.

Following stage separation, Falcon 9's first stage successfully returned to Earth and landed on the “Of Course I Still Love You” droneship stationed in the Atlantic Ocean, completing this booster's fifth launch and landing.

You can watch a replay of this mission above.",,fe6HBw1y6bA,youtube,False,2021-02-04 01:19:00,2021,True,True
1917,apmn2hmr5gyohrrw102ao3zk,Starship High Altitude Test - SN9,starship-sn9,final,starship,Starship,"Starbase, Texas",2021-02-02,14:25:00,Landing Zone,,,,False,False,"On Tuesday, February 2, Starship serial number 9 (SN9) completed SpaceX’s second high-altitude flight test of a Starship prototype from our site in Cameron County, Texas.

Similar to the high-altitude flight test of Starship serial number 8 (SN8), SN9 was powered through ascent by three Raptor engines, each shutting down in sequence prior to the vehicle reaching apogee – approximately 10 kilometers in altitude. SN9 successfully performed a propellant transition to the internal header tanks, which hold landing propellant, before reorienting itself for reentry and a controlled aerodynamic descent.

The Starship prototype descended under active aerodynamic control, accomplished by independent movement of two forward and two aft flaps on the vehicle. All four flaps are actuated by an onboard flight computer to control Starship’s attitude during flight and enable precise landing at the intended location. During the landing flip maneuver, one of the Raptor engines did not relight and caused SN9 to land at high speed and experience a RUD.

The Starship prototype descended under active aerodynamic control, accomplished by independent movement of two forward and two aft flaps on the vehicle. All four flaps are actuated by an onboard flight computer to control Starship’s attitude during flight and enable precise landing at the intended location. During the landing flip maneuver, one of the Raptor engines did not relight and caused SN9 to land at high speed and experience a RUD.

These test flights are all about improving our understanding and development of a fully reusable transportation system designed to carry both crew and cargo on long-duration, interplanetary flights and help humanity return to the Moon, and travel to Mars and beyond.",,_zZ7fIkpBgs,youtube,False,2021-02-02 14:25:00,2021,True,True
1862,y0bib8dj79uxrl22cbrzof3f,Transporter-1 Misson,transporter1,final,rideshare,Falcon 9,"SLC-40, Florida",2021-01-24,10:00:00,Droneship,,,,False,False,"On Sunday, January 24 at 10:00 a.m. EST, Falcon 9 launched Transporter-1, SpaceX’s first dedicated SmallSat Rideshare Program mission, from Space Launch Complex 40 (SLC-40) at Cape Canaveral Space Force Station in Florida.

Falcon 9’s first stage booster previously supported launch of Crew Dragon’s second demonstration mission, the ANASIS-II mission, a Starlink mission, and launch of Dragon’s 21st cargo resupply mission to the International Space Station. Following stage separation, Falcon 9’s first stage landed on the Of Course I Still Love You droneship, stationed in the Atlantic Ocean.

On board this launch were 133 commercial and government spacecraft (including CubeSats, microsats, and orbital transfer vehicles) and 10 Starlink satellites – the most spacecraft ever deployed on a single mission. The Starlink satellites aboard this mission were the first in the constellation to deploy to a polar orbit.",,PSIcspDHbu0,youtube,False,2021-01-24 10:00:00,2021,True,True
2529,el1lmv7l6xcervrnx9d7y35k,Starlink Mission,sl-16,final,starlink,Falcon 9,"LC-39A, Florida",2021-01-20,08:02:00,Droneship,,,,False,False,"On Wednesday, January 20 at 8:02 a.m. EST, SpaceX launched 60 Starlink satellites to orbit from Launch Complex 39A (LC-39A) at Kennedy Space Center, completing the seventeenth Starlink mission.

Following first-stage separation, Falcon 9 successfully landed for the eighth time on the “Just Read the Instructions” droneship, which was stationed in the Atlantic Ocean. Falcon 9’s first stage booster rocket previously supported seven other missions: the SXM-7 mission in December 2020, launch of the RADARSAT Constellation Mission in June 2019, launch of Crew Dragon’s first demonstration mission in March 2019, and four Starlink missions. One half of Falcon 9’s fairing previously supported a Starlink mission and the other previously supported two.

You can watch a replay of this mission above.",,84Nct_Q9Lqw,youtube,False,2021-01-20 08:02:00,2021,True,True
2194,wk9to3s4kssn3vf72go3f5cs,Turksat 5A MISSION,turksat5a,final,commercialSatellite,Falcon 9,"SLC-40, Florida",2021-01-07,21:15:00,Droneship,,,,False,False,"On Thursday, January 7 at 9:15 p.m. ET, SpaceX launched the Turksat 5A mission from Space Launch Complex 40 (SLC-40) at Cape Canaveral Space Force Station in Florida – SpaceX’s first mission of 2021.

Falcon 9’s first stage booster previously supported launch of GPS III Space Vehicle 03 and two Starlink missions. Following stage separation, SpaceX landed Falcon 9’s first stage on the Just Read the Instructions droneship, which was stationed in the Atlantic Ocean. Falcon 9’s fairings were also flight-proven: one half previously supported the GPS III Space Vehicle 03 mission and the other flew aboard the ANASIS-II mission.",,9I0UYXVqIn8,youtube,False,2021-01-07 21:15:00,2021,True,True
1798,yvjet1j68zaxcdotv9xonggx,NROL-108 Mission,nrol108,final,nssl,Falcon 9,"LC-39A, Florida",2020-12-19,09:00:00,Landing Zone,,,,False,False,"On Saturday, December 19 at 9:00 a.m. ET, Falcon 9 launched the NROL-108 mission from Launch Complex 39A (LC-39A) at Kennedy Space Center, Florida, completing SpaceX’s 26th and final mission of 2020.

Falcon 9’s first stage booster previously supported launch of SpaceX’s 19th and 20th cargo resupply missions to the International Space Station, a Starlink mission, and the SAOCOM 1B mission. Following stage separation, SpaceX landed Falcon 9’s first stage on Landing Zone 1 at Cape Canaveral Space Force Station in Florida – the 70th landing for SpaceX.",,,,False,2020-12-19 09:00:00,2020,True,True
3283,ol1r3tczdumgdzoaii4tudr1,SXM-7 Mission,sxm7,final,commercialSatellite,Falcon 9,"SLC-40, Florida",2020-12-13,12:30:00,Droneship,,,,False,False,"On Sunday, December 13 at 12:30 p.m. EST, Falcon 9 launched the SXM-7 mission from Space Launch Complex 40 (SLC-40) at Cape Canaveral Space Force Station, Florida - SpaceX's 25th mission in 2020.

This mission marked the seventh flight of this Falcon 9 first stage rocket booster, which previously supported launch of Crew Dragon’s first flight to the International Space Station (Demo-1), launch of the RADARSAT Constellation Mission, and four Starlink missions in 2020. Following stage separation, SpaceX landed Falcon 9’s first stage on the “Just Read the Instructions” droneship, which was located in the Atlantic Ocean. One half of Falcon 9’s fairing previously supported the ANASIS-II mission in July 2020.",,gONuvx4hU6A,youtube,False,2020-12-13 12:30:00,2020,True,True
1901,vtjse5mz7i5c749jggce7fa8,Starship High Altitude Test - SN8,starship-sn8,final,starship,Starship,"Starbase, Texas",2020-12-09,16:45:00,Landing Zone,,,,False,False,"On Wednesday, December 9, Starship serial number 8 (SN8) lifted off from our Cameron County launch pad and successfully ascended, transitioned propellant, and performed its landing flip maneuver with precise flap control to reach its landing point. Low pressure in the fuel header tank during the landing burn led to high touchdown velocity resulting in a hard (and exciting!) landing.

Thank you to all the locals supporting our efforts in Cameron County and beyond. Congratulations to the entire Starship and SpaceX teams on today’s test! Serial number 9 (SN9) is up next – Mars, here we come!",,ap-BkkrRg-o,youtube,False,2020-12-09 16:45:00,2020,True,True
2401,qbnevzrj3vwmbyw9dvy2wwec,CRS-21 MISSION,crs21,final,resupply,Falcon 9,"SLC-40, Florida",2020-12-06,11:17:00,Droneship,,2021-01-13,,False,False,"On Sunday, December 6 at 11:17 a.m. ET, Falcon 9 launched Dragon’s 21st Commercial Resupply Services mission (CRS-21) to the International Space Station from Space Launch Complex 40 (SLC-40) at Cape Canaveral Air Force Station, Florida. Dragon autonomously docked with the space station at 1:40 p.m. ET on Tuesday, December 7.

After 35 days, SpaceX’s Dragon undocked from the orbiting laboratory and successfully returned to Earth, becoming the first cargo spacecraft to splash down off the coast of Florida on Wednesday, January 13 at 8:36 p.m. PT. This mission also marked the completion of the first autonomous undocking of a commercial cargo spacecraft from the International Docking Adaptor.

This was the first flight of the updated cargo version of Dragon, which is capable of carrying about 20 percent more volume than the previous version of Dragon and double the amount of powered locker cargo. The updated vehicle has the capability to allow science payloads to remain inside the spacecraft during the full mission’s duration as an extension to the space station lab space, also known as extend-the-lab. Dragon’s new design also permits for up to five flights to and from the space station, and this cargo version of the spacecraft can stay on station more than twice as long as the previous version.

This was the third flight for the first stage booster supporting this mission, which previously launched Demo-2, ANASIS-II, and a Starlink mission.",,4xJAGFR_N-c,youtube,False,2020-12-06 11:17:00,2020,True,True
2528,amf3eczf644h41zgamvgyz76,Starlink Mission,sl-15,final,starlink,Falcon 9,"SLC-40, Florida",2020-11-24,21:13:00,Droneship,,,,False,False,,,,,,2020-11-24 21:13:00,2020,True,True
3069,h1bg54ukhgwzahu7x2dvczbs,Sentinel-6 Michael Freilich,sentinel6,final,science,Falcon 9,"SLC-4E, California",2020-11-21,09:17:00,Landing Zone,,,,False,False,"On Saturday, November 21 at 9:17 a.m. PST, SpaceX launched the Sentinel-6 Michael Freilich mission from Space Launch Complex 4E (SLC-4E) at Vandenberg Air Force Base in California.

Following stage separation, Falcon 9’s first stage returned to Earth and landed on Landing Zone 4 at Vandenberg Air Force Base. The spacecraft deployed approximately 58 minutes after liftoff.",,aVFPzTDCihQ,youtube,False,2020-11-21 09:17:00,2020,True,True
1936,i1fsvqyzflp6gm9qzyrqwx6f,Crew-1 MISSION,crew1,final,hsf,Falcon 9,"LC-39A, Florida",2020-11-15,19:27:00,Droneship,,2021-05-02,02:56:00,False,False,"On Sunday, November 15 at 7:27 p.m. ET, SpaceX’s Falcon 9 launched Dragon's first operational human spaceflight mission (Crew-1) to the International Space Station from Launch Complex 39A (LC-39A) at NASA’s Kennedy Space Center in Florida. Dragon autonomously docked with the space station at 11:01 p.m. ET on Monday, November 16.

After 167 days in space, the longest duration mission for a U.S. spacecraft since the final Skylab mission in 1974, Dragon and the Crew-1 astronauts undocked from the orbiting laboratory and safely returned to Earth, splashing down off the coast of Florida on Sunday, May 2 at 2:56 a.m. ET, completing the spacecraft’s first long-duration operational mission. This was also the first nighttime splashdown of a U.S. spacecraft with crew on board since Apollo 8’s return in 1968.

This was the first flight for both the Dragon spacecraft and first stage booster supporting this mission.","[{""id"": 1179, ""name"": ""Mike Hopkins"", ""bioLink"": ""https://www.nasa.gov/wp-content/uploads/2023/04/hopkins-michael-r1-2.pdf"", ""description"": ""Commander"", ""portrait"": {""id"": 3536, ""name"": ""Space_Suit_Mike_Hopkins_960x1200.jpg"", ""alternativeText"": null, ""caption"": null, ""width"": 960, ""height"": 1200, ""formats"": {""large"": {""ext"": "".jpg"", ""url"": ""https://sxcontent9668.azureedge.us/cms-assets/assets/large_Space_Suit_Mike_Hopkins_960x1200_44f8c09e0a.jpg"", ""hash"": ""large_Space_Suit_Mike_Hopkins_960x1200_44f8c09e0a"", ""mime"": ""image/jpeg"", ""name"": ""large_Space_Suit_Mike_Hopkins_960x1200.jpg"", ""path"": null, ""size"": 106.55, ""width"": 800, ""height"": 1000, ""sizeInBytes"": 106546}, ""small"": {""ext"": "".jpg"", ""url"": ""https://sxcontent9668.azureedge.us/cms-assets/assets/small_Space_Suit_Mike_Hopkins_960x1200_44f8c09e0a.jpg"", ""hash"": ""small_Space_Suit_Mike_Hopkins_960x1200_44f8c09e0a"", ""mime"": ""image/jpeg"", ""name"": ""small_Space_Suit_Mike_Hopkins_960x1200.jpg"", ""path"": null, ""size"": 30.96, ""width"": 400, ""height"": 500, ""sizeInBytes"": 30955}, ""medium"": {""ext"": "".jpg"", ""url"": ""https://sxcontent9668.azureedge.us/cms-assets/assets/medium_Space_Suit_Mike_Hopkins_960x1200_44f8c09e0a.jpg"", ""hash"": ""medium_Space_Suit_Mike_Hopkins_960x1200_44f8c09e0a"", ""mime"": ""image/jpeg"", ""name"": ""medium_Space_Suit_Mike_Hopkins_960x1200.jpg"", ""path"": null, ""size"": 62.97, ""width"": 600, ""height"": 750, ""sizeInBytes"": 62970}, ""thumbnail"": {""ext"": "".jpg"", ""url"": ""https://sxcontent9668.azureedge.us/cms-assets/assets/thumbnail_Space_Suit_Mike_Hopkins_960x1200_44f8c09e0a.jpg"", ""hash"": ""thumbnail_Space_Suit_Mike_Hopkins_960x1200_44f8c09e0a"", ""mime"": ""image/jpeg"", ""name"": ""thumbnail_Space_Suit_Mike_Hopkins_960x1200.jpg"", ""path"": null, ""size"": 5.3, ""width"": 125, ""height"": 156, ""sizeInBytes"": 5296}}, ""hash"": ""Space_Suit_Mike_Hopkins_960x1200_44f8c09e0a"", ""ext"": "".jpg"", ""mime"": ""image/jpeg"", ""size"": 149.32, ""url"": ""https://sxcontent9668.azureedge.us/cms-assets/assets/Space_Suit_Mike_Hopkins_960x1200_44f8c09e0a.jpg"", ""previewUrl"": null, ""provider"": ""strapi-provider-upload-azure-storage"", ""provider_metadata"": null, ""folderPath"": ""/487/513/624/632"", ""createdAt"": ""2025-07-24T01:01:53.836Z"", ""updatedAt"": ""2025-07-24T01:01:53.836Z"", ""documentId"": ""mhru5lrjv1u0q3r3k64d5i34"", ""locale"": null, ""publishedAt"": ""2025-07-24T01:01:53.836Z""}}, {""id"": 1180, ""name"": ""Victor Glover"", ""bioLink"": ""https://www.nasa.gov/people/victor-j-glover-jr/"", ""description"": ""Pilot"", ""portrait"": {""id"": 3533, ""name"": ""Space_Suit_Victor_Glover_960x1200.jpg"", ""alternativeText"": null, ""caption"": null, ""width"": 960, ""height"": 1200, ""formats"": {""large"": {""ext"": "".jpg"", ""url"": ""https://sxcontent9668.azureedge.us/cms-assets/assets/large_Space_Suit_Victor_Glover_960x1200_ccba7b9c77.jpg"", ""hash"": ""large_Space_Suit_Victor_Glover_960x1200_ccba7b9c77"", ""mime"": ""image/jpeg"", ""name"": ""large_Space_Suit_Victor_Glover_960x1200.jpg"", ""path"": null, ""size"": 107.62, ""width"": 800, ""height"": 1000, ""sizeInBytes"": 107621}, ""small"": {""ext"": "".jpg"", ""url"": ""https://sxcontent9668.azureedge.us/cms-assets/assets/small_Space_Suit_Victor_Glover_960x1200_ccba7b9c77.jpg"", ""hash"": ""small_Space_Suit_Victor_Glover_960x1200_ccba7b9c77"", ""mime"": ""image/jpeg"", ""name"": ""small_Space_Suit_Victor_Glover_960x1200.jpg"", ""path"": null, ""size"": 30.4, ""width"": 400, ""height"": 500, ""sizeInBytes"": 30399}, ""medium"": {""ext"": "".jpg"", ""url"": ""https://sxcontent9668.azureedge.us/cms-assets/assets/medium_Space_Suit_Victor_Glover_960x1200_ccba7b9c77.jpg"", ""hash"": ""medium_Space_Suit_Victor_Glover_960x1200_ccba7b9c77"", ""mime"": ""image/jpeg"", ""name"": ""medium_Space_Suit_Victor_Glover_960x1200.jpg"", ""path"": null, ""size"": 63.42, ""width"": 600, ""height"": 750, ""sizeInBytes"": 63415}, ""thumbnail"": {""ext"": "".jpg"", ""url"": ""https://sxcontent9668.azureedge.us/cms-assets/assets/thumbnail_Space_Suit_Victor_Glover_960x1200_ccba7b9c77.jpg"", ""hash"": ""thumbnail_Space_Suit_Victor_Glover_960x1200_ccba7b9c77"", ""mime"": ""image/jpeg"", ""name"": ""thumbnail_Space_Suit_Victor_Glover_960x1200.jpg"", ""path"": null, ""size"": 5.06, ""width"": 125, ""height"": 156, ""sizeInBytes"": 5061}}, ""hash"": ""Space_Suit_Victor_Glover_960x1200_ccba7b9c77"", ""ext"": "".jpg"", ""mime"": ""image/jpeg"", ""size"": 150.13, ""url"": ""https://sxcontent9668.azureedge.us/cms-assets/assets/Space_Suit_Victor_Glover_960x1200_ccba7b9c77.jpg"", ""previewUrl"": null, ""provider"": ""strapi-provider-upload-azure-storage"", ""provider_metadata"": null, ""folderPath"": ""/487/513/624/632"", ""createdAt"": ""2025-07-24T01:01:52.923Z"", ""updatedAt"": ""2025-07-24T01:01:52.923Z"", ""documentId"": ""e1z7q9mhhrgrxlrmzmuq7nnt"", ""locale"": null, ""publishedAt"": ""2025-07-24T01:01:52.923Z""}}, {""id"": 1181, ""name"": ""Shannon Walker"", ""bioLink"": ""https://www.nasa.gov/wp-content/uploads/2023/10/walker-s.pdf"", ""description"": ""Mission Specialist"", ""portrait"": {""id"": 3535, ""name"": ""CREW1_PORTRAIT-SPACESUIT-SHANNON-1111_960x1200.jpg"", ""alternativeText"": null, ""caption"": null, ""width"": 960, ""height"": 1200, ""formats"": {""large"": {""ext"": "".jpg"", ""url"": ""https://sxcontent9668.azureedge.us/cms-assets/assets/large_CREW_1_PORTRAIT_SPACESUIT_SHANNON_1111_960x1200_50cd3cb009.jpg"", ""hash"": ""large_CREW_1_PORTRAIT_SPACESUIT_SHANNON_1111_960x1200_50cd3cb009"", ""mime"": ""image/jpeg"", ""name"": ""large_CREW1_PORTRAIT-SPACESUIT-SHANNON-1111_960x1200.jpg"", ""path"": null, ""size"": 105.35, ""width"": 800, ""height"": 1000, ""sizeInBytes"": 105353}, ""small"": {""ext"": "".jpg"", ""url"": ""https://sxcontent9668.azureedge.us/cms-assets/assets/small_CREW_1_PORTRAIT_SPACESUIT_SHANNON_1111_960x1200_50cd3cb009.jpg"", ""hash"": ""small_CREW_1_PORTRAIT_SPACESUIT_SHANNON_1111_960x1200_50cd3cb009"", ""mime"": ""image/jpeg"", ""name"": ""small_CREW1_PORTRAIT-SPACESUIT-SHANNON-1111_960x1200.jpg"", ""path"": null, ""size"": 30.68, ""width"": 400, ""height"": 500, ""sizeInBytes"": 30676}, ""medium"": {""ext"": "".jpg"", ""url"": ""https://sxcontent9668.azureedge.us/cms-assets/assets/medium_CREW_1_PORTRAIT_SPACESUIT_SHANNON_1111_960x1200_50cd3cb009.jpg"", ""hash"": ""medium_CREW_1_PORTRAIT_SPACESUIT_SHANNON_1111_960x1200_50cd3cb009"", ""mime"": ""image/jpeg"", ""name"": ""medium_CREW1_PORTRAIT-SPACESUIT-SHANNON-1111_960x1200.jpg"", ""path"": null, ""size"": 62.19, ""width"": 600, ""height"": 750, ""sizeInBytes"": 62194}, ""thumbnail"": {""ext"": "".jpg"", ""url"": ""https://sxcontent9668.azureedge.us/cms-assets/assets/thumbnail_CREW_1_PORTRAIT_SPACESUIT_SHANNON_1111_960x1200_50cd3cb009.jpg"", ""hash"": ""thumbnail_CREW_1_PORTRAIT_SPACESUIT_SHANNON_1111_960x1200_50cd3cb009"", ""mime"": ""image/jpeg"", ""name"": ""thumbnail_CREW1_PORTRAIT-SPACESUIT-SHANNON-1111_960x1200.jpg"", ""path"": null, ""size"": 5.15, ""width"": 125, ""height"": 156, ""sizeInBytes"": 5145}}, ""hash"": ""CREW_1_PORTRAIT_SPACESUIT_SHANNON_1111_960x1200_50cd3cb009"", ""ext"": "".jpg"", ""mime"": ""image/jpeg"", ""size"": 146.28, ""url"": ""https://sxcontent9668.azureedge.us/cms-assets/assets/CREW_1_PORTRAIT_SPACESUIT_SHANNON_1111_960x1200_50cd3cb009.jpg"", ""previewUrl"": null, ""provider"": ""strapi-provider-upload-azure-storage"", ""provider_metadata"": null, ""folderPath"": ""/487/513/624/632"", ""createdAt"": ""2025-07-24T01:01:53.619Z"", ""updatedAt"": ""2025-07-24T01:01:53.619Z"", ""documentId"": ""oh7rch99nlts8lw47nxe45pe"", ""locale"": null, ""publishedAt"": ""2025-07-24T01:01:53.619Z""}}, {""id"": 1182, ""name"": ""Soichi Noguchi"", ""bioLink"": ""https://humans-in-space.jaxa.jp/en/astronaut/noguchi-soichi/"", ""description"": ""Mission Specialist"", ""portrait"": {""id"": 3534, ""name"": ""CREW1_PORTRAIT-SPACESUIT-SOICHI-1051_960x1200.jpg"", ""alternativeText"": null, ""caption"": null, ""width"": 960, ""height"": 1200, ""formats"": {""large"": {""ext"": "".jpg"", ""url"": ""https://sxcontent9668.azureedge.us/cms-assets/assets/large_CREW_1_PORTRAIT_SPACESUIT_SOICHI_1051_960x1200_4c0e487237.jpg"", ""hash"": ""large_CREW_1_PORTRAIT_SPACESUIT_SOICHI_1051_960x1200_4c0e487237"", ""mime"": ""image/jpeg"", ""name"": ""large_CREW1_PORTRAIT-SPACESUIT-SOICHI-1051_960x1200.jpg"", ""path"": null, ""size"": 102.19, ""width"": 800, ""height"": 1000, ""sizeInBytes"": 102188}, ""small"": {""ext"": "".jpg"", ""url"": ""https://sxcontent9668.azureedge.us/cms-assets/assets/small_CREW_1_PORTRAIT_SPACESUIT_SOICHI_1051_960x1200_4c0e487237.jpg"", ""hash"": ""small_CREW_1_PORTRAIT_SPACESUIT_SOICHI_1051_960x1200_4c0e487237"", ""mime"": ""image/jpeg"", ""name"": ""small_CREW1_PORTRAIT-SPACESUIT-SOICHI-1051_960x1200.jpg"", ""path"": null, ""size"": 29.9, ""width"": 400, ""height"": 500, ""sizeInBytes"": 29904}, ""medium"": {""ext"": "".jpg"", ""url"": ""https://sxcontent9668.azureedge.us/cms-assets/assets/medium_CREW_1_PORTRAIT_SPACESUIT_SOICHI_1051_960x1200_4c0e487237.jpg"", ""hash"": ""medium_CREW_1_PORTRAIT_SPACESUIT_SOICHI_1051_960x1200_4c0e487237"", ""mime"": ""image/jpeg"", ""name"": ""medium_CREW1_PORTRAIT-SPACESUIT-SOICHI-1051_960x1200.jpg"", ""path"": null, ""size"": 60.45, ""width"": 600, ""height"": 750, ""sizeInBytes"": 60449}, ""thumbnail"": {""ext"": "".jpg"", ""url"": ""https://sxcontent9668.azureedge.us/cms-assets/assets/thumbnail_CREW_1_PORTRAIT_SPACESUIT_SOICHI_1051_960x1200_4c0e487237.jpg"", ""hash"": ""thumbnail_CREW_1_PORTRAIT_SPACESUIT_SOICHI_1051_960x1200_4c0e487237"", ""mime"": ""image/jpeg"", ""name"": ""thumbnail_CREW1_PORTRAIT-SPACESUIT-SOICHI-1051_960x1200.jpg"", ""path"": null, ""size"": 5.04, ""width"": 125, ""height"": 156, ""sizeInBytes"": 5044}}, ""hash"": ""CREW_1_PORTRAIT_SPACESUIT_SOICHI_1051_960x1200_4c0e487237"", ""ext"": "".jpg"", ""mime"": ""image/jpeg"", ""size"": 142.11, ""url"": ""https://sxcontent9668.azureedge.us/cms-assets/assets/CREW_1_PORTRAIT_SPACESUIT_SOICHI_1051_960x1200_4c0e487237.jpg"", ""previewUrl"": null, ""provider"": ""strapi-provider-upload-azure-storage"", ""provider_metadata"": null, ""folderPath"": ""/487/513/624/632"", ""createdAt"": ""2025-07-24T01:01:53.498Z"", ""updatedAt"": ""2025-07-24T01:01:53.498Z"", ""documentId"": ""avkl5druxvaqrlpawa6jh2nl"", ""locale"": null, ""publishedAt"": ""2025-07-24T01:01:53.498Z""}}]",bnChQbxLkkI,youtube,False,2020-11-15 19:27:00,2020,True,True
1660,gn5urxwsixeat46thga5yh3j,GPS III Space Vehicle 04 Mission,gpsiiisv04,final,nssl,Falcon 9,"SLC-40, Florida",2020-11-05,18:24:00,Droneship,,,,False,False,"On Thursday, November 5 at 6:24 p.m. EST, Falcon 9 completed its second mission this year for the United States Space Force when it launched the GPS III Space Vehicle 04 from Space Launch Complex 40 (SLC-40) at Cape Canaveral Air Force Station in Florida. Following stage separation, SpaceX landed Falcon 9’s first stage on the “Of Course I Still Love You” droneship, which was stationed in the Atlantic Ocean. The spacecraft deployed approximately 1 hour and 29 minutes after liftoff.

In September 2020, the United States Space Force’s Space and Missile Systems Center (SMC) announced its agreement with SpaceX to launch previously flown first stage boosters on future National Security Space Launch (NSSL) missions.",,,,False,2020-11-05 18:24:00,2020,True,True
2526,kv91f12p5383bb1l6si5sq8n,Starlink Mission,sl-14,final,starlink,Falcon 9,"SLC-40, Florida",2020-10-24,11:31:00,Droneship,,,,False,False,,,,,,2020-10-24 11:31:00,2020,True,True
2563,paau6tlato8ouyvjpc68smyw,Starlink Mission,sl-13,final,starlink,Falcon 9,"LC-39A, Florida",2020-10-18,08:25:00,Droneship,,,,False,False,,,,,,2020-10-18 08:25:00,2020,True,True
2525,q3zosx0ngb5bvz23sm8rhy56,Starlink Mission,sl-12,final,starlink,Falcon 9,"LC-39A, Florida",2020-10-06,07:29:00,Droneship,,,,False,False,,,,,,2020-10-06 07:29:00,2020,True,True
2524,t80xromu3bbqx6ohh2mf6y90,Starlink Mission,sl-11,final,starlink,Falcon 9,"LC-39A, Florida",2020-09-03,08:46:00,Droneship,,,,False,False,,,,,,2020-09-03 08:46:00,2020,True,True
1774,kpr2i2o1ttvb4orto2cqzutr,SAOCOM 1B Mission,saocom1b,final,commercialSatellite,Falcon 9,"SLC-40, Florida",2020-08-30,19:19:00,Landing Zone,,,,False,False,"On Sunday, August 30 at 7:19 p.m. EDT, or 23:19 UTC, SpaceX's Falcon 9 successfully lifted off carrying the SAOCOM 1B mission. This mission put the SAOCOM 1B spacecraft into orbit as well as two rideshare payloads, Tyvak-0172 and PlanetiQ’s GNOMES-1.

The mission lifted off from Space Launch Complex 40 (SLC-40) at Cape Canaveral Air Force Station in Florida. This mission marks SpaceX’s first launch to a polar orbit from the East Coast, and the first polar launch from Florida in decades.

Falcon 9’s first stage previously launched Dragon to the International Space Station for SpaceX’s 19th and 20th commercial resupply missions, and it also supported launch of SpaceX’s ninth Starlink mission. Following stage separation, SpaceX landed Falcon 9 on Landing Zone 1 at Cape Canaveral Air Force Station.

SAOCOM 1B deployed approximately 14 minutes after launch. GNOMES-1 and Tyvak-0172 deployed approximately 61 and 62 minutes after liftoff respectively.",,,,False,2020-08-30 19:19:00,2020,True,True
2538,f16hmgu82bdx3ydrx0ufe3ja,Starlink Mission,sl-10,final,starlink,Falcon 9,"SLC-40, Florida",2020-08-18,10:31:00,Droneship,,,,False,False,,,,,,2020-08-18 10:31:00,2020,True,True
2497,lihb6ein8kphs3ou1igdopac,Starlink Mission,sl-9,final,starlink,Falcon 9,"LC-39A, Florida",2020-08-07,01:12:00,Droneship,,,,False,False,,,,,,2020-08-07 01:12:00,2020,True,True
1924,vrm3qoqwcwc6ez4s0br6juwc,Starship Test - SN5,starship-sn5,final,starship,Starship,"Starbase, Texas",2020-08-04,16:56:00,Landing Zone,,,,False,False,"On Tuesday, August 4 at 4:56 p.m. CDT in Boca Chica, Texas, Starship serial number 5 (SN5) lifted-off from its launch mount and flew to a height of 150 meters before successfully touching down on a near-by landing pad.

On this flight test, SN5 was powered by a single Raptor engine – a reusable methalox full-flow staged-combustion rocket engine. This test flight was an important step in development of SpaceX’s fully reusable transportation system designed to carry both crew and cargo to Earth orbit, the Moon, Mars and beyond.",,s1HA9LlFNM0,youtube,False,2020-08-04 16:56:00,2020,True,True
1874,easjgwiefqj50yj0tt3yb93e,GPS III Space Vehicle 03 MISSION,gpsiiisv03,final,nssl,Falcon 9,"SLC-40, Florida",2020-06-30,16:10:00,Droneship,,,,False,False,"On Tuesday, June 30th at 4:10 p.m. ET, 20:10 UTC, SpaceX's Falcon 9 successfully lifted off, carrying the Space Force's GPS III Space Vehicle 03 mission from Space Launch Complex 40 (SLC-40) at Cape Canaveral Air Force Station in Florida.

Following stage separation, SpaceX landed Falcon 9’s first stage on the “Just Read the Instructions” droneship, stationed in the Atlantic Ocean. The spacecraft deployed approximately 1 hour and 29 minutes after liftoff.",,6zr0nfG3Xy4,youtube,False,2020-06-30 16:10:00,2020,True,True
2537,vc5gbvfrgp72l1u07bb2mt2b,Starlink Mission,sl-8,final,starlink,Falcon 9,"SLC-40, Florida",2020-06-13,05:21:00,Droneship,,,,False,False,,,,,,2020-06-13 05:21:00,2020,True,True
2522,jr8g5iiv2akry3l7hv9rulvq,Starlink Mission,sl-7,final,starlink,Falcon 9,"SLC-40, Florida",2020-06-03,21:25:00,Droneship,,,,False,False,,,,,,2020-06-03 21:25:00,2020,True,True
2567,je7vdhxip85hev7h3rlau3xl,Demo-2 Mission,demo2,final,hsf,Falcon 9,"LC-39A, Florida",2020-05-30,15:22:00,Droneship,,2020-08-02,,False,False,"On Saturday, May 30 at 3:22 p.m. ET, Falcon 9 launched Dragon’s second demonstration (Demo-2) mission from Launch Complex 39A (LC-39A) at NASA’s Kennedy Space Center in Florida with NASA astronauts Bob Benken and Doug Hurley aboard the spacecraft. Approximately 19 hours later, Dragon autonomously docked with the International Space Station at 10:27 a.m. ET on Sunday, May 31. This test flight with NASA astronauts Bob Behnken and Doug Hurley on board the Dragon spacecraft returned human spaceflight to the United States.

Sixty-three days later, Dragon undocked and departed from the orbiting laboratory, before successfully splashing down off the coast of Pensacola, Florida on Sunday, August 2 at 2:48 p.m. ET.

Demo-2 marked the return of human spaceflight to the United States with one of the safest, most advanced systems ever built, and the first-time in history a commercial company successfully took astronauts to orbit and back. This mission was also the final major test milestone for SpaceX’s human spaceflight system to be certified by NASA for operational crew missions to and from the International Space Station.","[{""id"": 1191, ""name"": ""Doug Hurley"", ""bioLink"": ""https://www.nasa.gov/wp-content/uploads/2016/03/hurley-dg.pdf?emrc=96a80a"", ""description"": ""Commander"", ""portrait"": {""id"": 3614, ""name"": ""Space_Suit_Doug_Hurley-(1)_960x1200.jpg"", ""alternativeText"": null, ""caption"": null, ""width"": 960, ""height"": 1200, ""formats"": {""large"": {""ext"": "".jpg"", ""url"": ""https://sxcontent9668.azureedge.us/cms-assets/assets/large_Space_Suit_Doug_Hurley_1_960x1200_8787be8380.jpg"", ""hash"": ""large_Space_Suit_Doug_Hurley_1_960x1200_8787be8380"", ""mime"": ""image/jpeg"", ""name"": ""large_Space_Suit_Doug_Hurley-(1)_960x1200.jpg"", ""path"": null, ""size"": 107.19, ""width"": 800, ""height"": 1000, ""sizeInBytes"": 107194}, ""small"": {""ext"": "".jpg"", ""url"": ""https://sxcontent9668.azureedge.us/cms-assets/assets/small_Space_Suit_Doug_Hurley_1_960x1200_8787be8380.jpg"", ""hash"": ""small_Space_Suit_Doug_Hurley_1_960x1200_8787be8380"", ""mime"": ""image/jpeg"", ""name"": ""small_Space_Suit_Doug_Hurley-(1)_960x1200.jpg"", ""path"": null, ""size"": 30.81, ""width"": 400, ""height"": 500, ""sizeInBytes"": 30807}, ""medium"": {""ext"": "".jpg"", ""url"": ""https://sxcontent9668.azureedge.us/cms-assets/assets/medium_Space_Suit_Doug_Hurley_1_960x1200_8787be8380.jpg"", ""hash"": ""medium_Space_Suit_Doug_Hurley_1_960x1200_8787be8380"", ""mime"": ""image/jpeg"", ""name"": ""medium_Space_Suit_Doug_Hurley-(1)_960x1200.jpg"", ""path"": null, ""size"": 63.23, ""width"": 600, ""height"": 750, ""sizeInBytes"": 63228}, ""thumbnail"": {""ext"": "".jpg"", ""url"": ""https://sxcontent9668.azureedge.us/cms-assets/assets/thumbnail_Space_Suit_Doug_Hurley_1_960x1200_8787be8380.jpg"", ""hash"": ""thumbnail_Space_Suit_Doug_Hurley_1_960x1200_8787be8380"", ""mime"": ""image/jpeg"", ""name"": ""thumbnail_Space_Suit_Doug_Hurley-(1)_960x1200.jpg"", ""path"": null, ""size"": 5.12, ""width"": 125, ""height"": 156, ""sizeInBytes"": 5119}}, ""hash"": ""Space_Suit_Doug_Hurley_1_960x1200_8787be8380"", ""ext"": "".jpg"", ""mime"": ""image/jpeg"", ""size"": 148.76, ""url"": ""https://sxcontent9668.azureedge.us/cms-assets/assets/Space_Suit_Doug_Hurley_1_960x1200_8787be8380.jpg"", ""previewUrl"": null, ""provider"": ""strapi-provider-upload-azure-storage"", ""provider_metadata"": null, ""folderPath"": ""/102/642/643"", ""createdAt"": ""2025-07-24T07:23:32.000Z"", ""updatedAt"": ""2025-07-24T07:23:32.000Z"", ""documentId"": ""vv1i0sgn2pxgll4l9u35dkje"", ""locale"": null, ""publishedAt"": ""2025-07-24T07:23:32.001Z""}}, {""id"": 1192, ""name"": ""Bob Behnken"", ""bioLink"": ""https://www.nasa.gov/wp-content/uploads/2016/08/behnken-rl.pdf?emrc=a16289"", ""description"": ""Pilot"", ""portrait"": {""id"": 3615, ""name"": ""Space_Suit_Bob_Behnken-(1)_960x1200.jpg"", ""alternativeText"": null, ""caption"": null, ""width"": 960, ""height"": 1200, ""formats"": {""large"": {""ext"": "".jpg"", ""url"": ""https://sxcontent9668.azureedge.us/cms-assets/assets/large_Space_Suit_Bob_Behnken_1_960x1200_8fccb82598.jpg"", ""hash"": ""large_Space_Suit_Bob_Behnken_1_960x1200_8fccb82598"", ""mime"": ""image/jpeg"", ""name"": ""large_Space_Suit_Bob_Behnken-(1)_960x1200.jpg"", ""path"": null, ""size"": 106.03, ""width"": 800, ""height"": 1000, ""sizeInBytes"": 106027}, ""small"": {""ext"": "".jpg"", ""url"": ""https://sxcontent9668.azureedge.us/cms-assets/assets/small_Space_Suit_Bob_Behnken_1_960x1200_8fccb82598.jpg"", ""hash"": ""small_Space_Suit_Bob_Behnken_1_960x1200_8fccb82598"", ""mime"": ""image/jpeg"", ""name"": ""small_Space_Suit_Bob_Behnken-(1)_960x1200.jpg"", ""path"": null, ""size"": 30.33, ""width"": 400, ""height"": 500, ""sizeInBytes"": 30326}, ""medium"": {""ext"": "".jpg"", ""url"": ""https://sxcontent9668.azureedge.us/cms-assets/assets/medium_Space_Suit_Bob_Behnken_1_960x1200_8fccb82598.jpg"", ""hash"": ""medium_Space_Suit_Bob_Behnken_1_960x1200_8fccb82598"", ""mime"": ""image/jpeg"", ""name"": ""medium_Space_Suit_Bob_Behnken-(1)_960x1200.jpg"", ""path"": null, ""size"": 62.35, ""width"": 600, ""height"": 750, ""sizeInBytes"": 62351}, ""thumbnail"": {""ext"": "".jpg"", ""url"": ""https://sxcontent9668.azureedge.us/cms-assets/assets/thumbnail_Space_Suit_Bob_Behnken_1_960x1200_8fccb82598.jpg"", ""hash"": ""thumbnail_Space_Suit_Bob_Behnken_1_960x1200_8fccb82598"", ""mime"": ""image/jpeg"", ""name"": ""thumbnail_Space_Suit_Bob_Behnken-(1)_960x1200.jpg"", ""path"": null, ""size"": 5.12, ""width"": 125, ""height"": 156, ""sizeInBytes"": 5124}}, ""hash"": ""Space_Suit_Bob_Behnken_1_960x1200_8fccb82598"", ""ext"": "".jpg"", ""mime"": ""image/jpeg"", ""size"": 148.14, ""url"": ""https://sxcontent9668.azureedge.us/cms-assets/assets/Space_Suit_Bob_Behnken_1_960x1200_8fccb82598.jpg"", ""previewUrl"": null, ""provider"": ""strapi-provider-upload-azure-storage"", ""provider_metadata"": null, ""folderPath"": ""/102/642/643"", ""createdAt"": ""2025-07-24T07:23:32.127Z"", ""updatedAt"": ""2025-07-24T07:23:32.127Z"", ""documentId"": ""siyvra0tufcg8dcahggnlsch"", ""locale"": null, ""publishedAt"": ""2025-07-24T07:23:32.127Z""}}]",xY96v0OIcK4,youtube,False,2020-05-30 15:22:00,2020,True,True
3234,rbk3rpg6yiz915lnq8465v4y,Starlink Mission,sl-6,final,starlink,Falcon 9,"LC-39A, Florida",2020-04-22,15:30:00,Droneship,,,,False,False,,,,,,2020-04-22 15:30:00,2020,True,True
2412,vp1wyqua0go891lnoajn3s3x,Starlink Mission,sl-5,final,starlink,Falcon 9,"LC-39A, Florida",2020-03-18,08:16:00,Expended,,,,False,False,,,,,,2020-03-18 08:16:00,2020,True,True
2463,h6oaprx8uf7rg1u5k1sjo3rt,CRS-20 Mission,crs20,final,resupply,Falcon 9,"SLC-40, Florida",2020-03-06,23:50:00,Landing Zone,,,,False,False,"On Friday, March 6 at 11:50 p.m. EST, Falcon 9 launched Dragon’s twentieth Commercial Resupply Services mission (CRS-20) from Space Launch Complex 40 (SLC-40) at Cape Canaveral Air Force Station, Florida. Approximately two days later on Monday, March 9, the spacecraft was captured at 6:25 a.m. ET and then berthed to the space station at 7:18 a.m. ET.

After 28 days, Dragon was released from the orbiting laboratory at 6:30 a.m. ET on Tuesday, April 7 and successfully returned to Earth, splashing off the coast of Baja, California the same day at 11:50 a.m. PT.

The Dragon spacecraft supporting this mission previously CRS-10 and CRS-16. This was the second flight for the first stage booster supporting this mission, which previously launched CRS-19. This mission also marked the 50th landing of an orbital class rocket booster and final flight of the first iteration of the Dragon spacecraft.",,-aoAGdYXp_4&t=1s,youtube,False,2020-03-06 23:50:00,2020,True,True
2496,j3vdx44rlblm6trvbl1dysth,Starlink Mission,sl-4,final,starlink,Falcon 9,"SLC-40, Florida",2020-02-17,10:05:00,Expended,,,,False,False,,,,,,2020-02-17 10:05:00,2020,True,True
2474,zi46j3285phjt6sihfl5evh0,Starlink Mission,sl-3,final,starlink,Falcon 9,"SLC-40, Florida",2020-01-29,09:06:00,Droneship,,,,False,False,,,,,,2020-01-29 09:06:00,2020,True,True
2581,i594ezxnc0qpea2n6dvfcoe3,Dragon Launch Escape Demonstration,dragoninflightabort,final,hsf,Falcon 9,"LC-39A, Florida",2020-01-19,10:30:00,Droneship,,,,False,False,"On Sunday, January 19, SpaceX successfully completed an in-flight test of Dragon’s launch escape capabilities from Launch Complex 39A (LC-39A) at NASA’s Kennedy Space Center in Florida. This test, which did not have NASA astronauts onboard the spacecraft, demonstrated Dragon’s ability to reliably carry crew to safety in the unlikely event of an emergency on ascent. Falcon 9 and Dragon lifted off at 10:30 a.m. ET with the abort sequence initiating approximately one and a half minutes into flight.

Dragon's eight SuperDraco engines powered the spacecraft away from Falcon 9 at speeds of over 400 mph. Following separation, Dragon's trunk was released and the spacecraft's parachutes were deployed, first the two drogue parachutes followed by the four upgraded Mark III parachutes. Dragon safely splashed down in the Atlantic Ocean and teams successfully recovered the spacecraft onto SpaceX's recovery vessel.",,DJ70N5HahDU,youtube,False,2020-01-19 10:30:00,2020,True,True
2469,xkb85xbujys28rg8zeu9ymxh,Starlink Mission,sl-2,final,starlink,Falcon 9,"SLC-40, Florida",2020-01-06,21:19:00,Droneship,,,,False,False,,,,,,2020-01-06 21:19:00,2020,True,True
1958,c6kf439g9g88tpxb7wk128n5,JCSAT-18/KACIFIC1 MISSION,jcsat18-kacific1,final,commercialSatellite,Falcon 9,"SLC-40, Florida",2019-12-16,19:10:00,Droneship,,,,False,False,"On Monday, December 16 at 7:10 p.m. EST, SpaceX launched JCSAT-18/Kacific1 from Space Launch Complex 40 (SLC-40) at Cape Canaveral Air Force Station, Florida. The satellite was deployed approximately 33 minutes after liftoff. Falcon 9’s first stage for the JCSAT-18/Kacific1 mission previously supported the CRS-17 mission in May 2019 and the CRS-18 mission in July 2019.

Following stage separation, SpaceX landed Falcon 9’s first stage on the “Of Course I Still Love You” droneship, which was stationed in the Atlantic Ocean.",,sbXgZg9JmkI,youtube,False,2019-12-16 19:10:00,2019,True,True
2482,tgqfc9fokwdrcjwap7590a52,CRS-19 Mission,crs19,final,resupply,Falcon 9,"SLC-40, Florida",2019-12-05,12:29:00,Droneship,,,,False,False,"On Thursday, December 5 at 12:29 p.m. ET, Falcon 9 launched Dragon’s nineteenth Commercial Resupply Services mission (CRS-19) from Space Launch Complex 40 (SLC-40) at Cape Canaveral Air Force Station, Florida. Approximately two days later on Monday, December 8, the spacecraft was captured at 5:05 a.m. ET and then berthed to the space station at 7:47 a.m. ET.

After 29 days, Dragon was released from the orbiting laboratory at 3:41 a.m. ET on Tuesday, January 7 and successfully returned to Earth, splashing off the coast of Baja, California the same day at 7:42 a.m. PT.

The Dragon spacecraft supporting this mission previously supported CRS-4 and CRS-11. This was the first flight for the first stage booster supporting this mission.",,-aoAGdYXp_4,youtube,False,2019-12-05 12:29:00,2019,True,True
2433,wly6msxssn73q1ua1hk1eqjx,Starlink Mission,sl-1,final,starlink,Falcon 9,"SLC-40, Florida",2019-11-11,09:56:00,Droneship,,,,False,False,,,,,,2019-11-11 09:56:00,2019,True,True
1927,zraj7olt14lo6hf3mb3vgkef,Amos-17 Mission,amos17,final,commercialSatellite,Falcon 9,"SLC-40, Florida",2019-08-06,19:23:00,Expended,,,,False,False,"On Tuesday, August 6 at 7:23 p.m. ET, Falcon 9 launched the AMOS-17 mission from Space Launch Complex 40 (SLC-40) at Cape Canaveral Air Force Station in Florida.

This was the third and final flight for the first stage booster supporting this mission, which previously launched Telstar-19 VANTAGE and Es’hail-2.",,fZh82-WcCuo,youtube,False,2019-08-06 19:23:00,2019,True,True
2760,xp83zyucgngph1safznvv1n3,CRS-18 Mission,crs18,final,resupply,Falcon 9,"SLC-40, Florida",2019-07-25,18:01:00,Landing Zone,,2019-08-27,13:20:00,False,False,"On Wednesday, July 25 at 6:01 p.m. ET, Falcon 9 launched Dragon’s 18th Commercial Resupply Services mission (CRS-18) to the International Space Station from Space Launch Complex 40 (SLC-40) at Cape Canaveral Air Force Station in Florida. Approximately two days later on Friday, July 27 the spacecraft was captured at 9:11 a.m. ET and then berthed to the space station at 12:01 p.m. ET.

After 30 days, Dragon was released from the orbiting laboratory at 10:59 a.m. ET on Tuesday, August 27 and successfully returned to Earth, splashing down off the coast of Baja, California the same day at 1:20 p.m. PT.

The Dragon spacecraft supporting this mission previously flew CRS-6 and CRS-13 to and from the orbiting laboratory. This was the second flight for the first stage booster supporting this mission, which previously launched CRS-17.",,SlgrxVuP5jk,youtube,False,2019-07-25 18:01:00,2019,True,True
1909,l4wlw5l9wk8cikla7j75ojfj,STP-2 Mission,stp2,final,commercialSatellite,Falcon Heavy,"LC-39A, Florida",2019-06-25,02:30:00,Landing Zone,,,,False,False,"On Tuesday, June 25 at 2:30 a.m. ET, Falcon Heavy launched the STP-2 mission from Launch Complex 39A (LC-39A) at NASA’s Kennedy Space Center in Florida.

This was the second flight for the first stage boosters supporting this mission, which previously launched Arabsat-6A.",,WxH4CAlhtiQ,youtube,False,2019-06-25 02:30:00,2019,True,True
2759,nefkxu1l52jek3540zczuyb0,RADARSAT Constellation Mission,radarsatconstellation,final,science,Falcon 9,"SLC-4E, California",2019-06-12,07:17:00,Landing Zone,,,,False,False,"On Wednesday, June 12 at 7:17 a.m. PT, Falcon 9 launched the RADARSAT Constellation mission to sun-synchronous orbit from Space Launch Complex 4E (SLC-4E) at Vandenberg Air Force Base in California.

This was the second flight for the first stage booster supporting this mission, which previously launched Demo-1.",,8A2nJd9Urk8,youtube,False,2019-06-12 07:17:00,2019,True,True
2407,b0iin4k5gbuuosmbj7im75w9,Starlink Mission,starlink,final,starlink,Falcon 9,"SLC-40, Florida",2019-05-23,22:30:00,Droneship,,,,False,False,,,,,,2019-05-23 22:30:00,2019,True,True
1973,fajnn2epcqp4tv8hyfhov6er,CRS-17 Mission,crs17,final,resupply,Falcon 9,"SLC-40, Florida",2019-05-04,02:49:00,Droneship,,2019-06-03,14:10:00,False,False,"On Saturday, May 4 at 2:49 a.m. ET, Falcon 9 launched Dragon’s 17th Commercial Resupply Services mission (CRS-17) to the International Space Station from Space Launch Complex 40 (SLC-40) at Cape Canaveral Air Force Station in Florida. Approximately two days later on Monday, May 6 the spacecraft was captured at 7:04 a.m. ET and then berthed to the station at 9:33 a.m. ET.

After 27 days, Dragon was released from the orbiting laboratory at 12:01 p.m. ET on Monday, June 3, 2019, and successfully returned to Earth, splashing down off the coast of Baja, California on the same day at 2:10 p.m. PT.

This was the first flight for the first stage booster supporting this mission.",,AQFhX5TvP0M,youtube,False,2019-05-04 02:49:00,2019,True,True
1948,ve5tqbky9fkue686yxu9o8rs,Arabsat-6A Mission,arabsat6a,final,commercialSatellite,Falcon Heavy,"LC-39A, Florida",2019-04-11,18:35:00,"Landing Zone, Droneship",,,,False,False,"On Thursday, April 11 at 6:35 p.m. ET, Falcon Heavy launched Arabsat-6A from Launch Complex 39A (LC-39A) at Kennedy Space Center in Florida.

This was the first flight for the first stage boosters supporting this mission.",,TXMGu2d8c8g,youtube,False,2019-04-11 18:35:00,2019,True,True
2575,oyl31q6i6ko0h0v2y0jnuayy,Demo-1 Mission,demo1,final,hsf,Falcon 9,"LC-39A, Florida",2019-03-02,02:49:00,Droneship,,2019-03-08,05:45:00,False,False,"On Saturday, March 2 at 2:49 a.m. ET, SpaceX launched Dragon’s first demonstration mission (Demo-1) from Launch Complex 39A (LC-39A) at NASA’s Kennedy Space Center in Florida. Dragon docked with the space station at 6:02 a.m. ET on March 3, becoming the first American spacecraft to autonomously dock with the orbiting laboratory.

After four days in space, Dragon returned to Earth, splashing down off the coast of Florida on Friday, March 8 at 8:45 a.m. ET.

This was the first and final flight for the Dragon spacecraft supporting this mission. This was the first flight for the first stage booster supporting this mission.

The intent of this test flight without crew on board the spacecraft was to demonstrate SpaceX’s capabilities to safely and reliably fly astronauts to and from the International Space Station as part of NASA’s Commercial Crew Program.",,2ZL0tbOZYhE,youtube,False,2019-03-02 02:49:00,2019,True,True
1893,r4150f48jtv829epjwvxatfr,Nusantara Satu Mission,nusantarasatu,final,commercialSatellite,Falcon 9,"SLC-40, Florida",2019-02-21,20:45:00,Droneship,,,,False,False,"On Thursday, February 21 at 8:45 p.m. ET, Falcon 9 launched Nusantara Satu from Space Launch Complex 40 (SLC-40) at Cape Canaveral Space Force Station in Florida.

This was the third flight for the first stage booster supporting this mission, which previously launched Iridium-7 NEXT and SAOCOM 1A.",,,,False,2019-02-21 20:45:00,2019,True,True
1863,nt27d0yav6s897wokml0v2wx,GPS III Space Vehicle 01 Mission,gpsiiisv01,final,nssl,Falcon 9,"SLC-40, Florida",2018-12-23,08:51:00,Expended,,,,False,False,"On Sunday, December 23 at 8:51 a.m. ET, Falcon 9 launched the United States first Air Force's Global Positioning System III Space Vehicle 01 (GPS III SV01) to medium-Earth orbit from Space Launch Complex 40 (SLC-40) at Cape Canaveral Air Force Station in Florida.

This was the first flight for the first stage booster supporting this mission.",, yRiLPoy_Mzc,youtube,False,2018-12-23 08:51:00,2018,True,True
1942,lo7hpn8gsbmw8m6j8ye3r7vh,CRS-16 Mission,crs16,final,resupply,Falcon 9,"SLC-40, Florida",2018-12-05,13:16:00,Droneship,,2019-01-14,09:10:00,False,False,"On Wednesday, December 5 at 1:16 p.m. ET, Falcon 9 launched Dragon’s 16th Commercial Resupply Services mission (CRS-16) to the International Space Station from Space Launch Complex 40 (SLC-40) at Cape Canaveral Air Force Station in Florida. Approximately three days later on Saturday, December 8, 2018, the spacecraft was captured at 7:21 a.m. ET and then berthed to the space station at 10:36 a.m. ET.

After 36 days, Dragon was released from the orbiting laboratory at 6:33 pm ET on January 13, 2019, and successfully returned to Earth, splashing down off the coast of Baja, California on Monday, January 14, 2019, at 9:10 am PT.

This was the first flight for the first stage booster supporting this mission.",,Esh1jHT9oTA,youtube,False,2018-12-05 13:16:00,2018,True,True
1855,dxfhbrfzw2hgx8x7mq69p9bq,Spaceflight-SSO-A Mission,spaceflightssoa,final,commercialSatellite,Falcon 9,"SLC-4E, California",2018-12-03,15:26:00,Droneship,,,,False,False,"On Monday, December 3 at 6:34 p.m. PT, Falcon 9 launched the Spaceflight SSO-A: SmallSat Express mission to low-Earth orbit from Space Launch Complex 4E (SLC-4E) at Vandenberg Air Force Base in California.

This was the third flight for the first stage booster supporting this mission, which previously launched Bangabandhu Satellite-1 and Merah Putih.",,Wq8kS6UoOrQ,youtube,False,2018-12-03 15:26:00,2018,True,True
1845,kvi5r07qlzgm2pgo9m3u1lxo,Es'hail-2 Mission,eshail2,final,commercialSatellite,Falcon 9,"LC-39A, Florida",2018-11-15,15:46:00,Droneship,,,,False,False,"On Thursday, November 15 at 3:46 p.m. ET, Falcon 9 launched the Es’hail-2 mission to geostationary transfer orbit from Launch Complex 39A (LC-39A) at Kennedy Space Center in Florida.

This was the second flight for the first stage booster supporting this mission, which previously launched Telstar 19 VANTAGE.",,PhTbzc-BqKs,youtube,False,2018-11-15 15:46:00,2018,True,True
2761,bky33idubj58z62m4gfjr9wa,SAOCOM 1A Mission,saocom1a,final,commercialSatellite,Falcon 9,"SLC-4E, California",2018-10-07,19:29:00,Landing Zone,,,,False,False,"On Sunday, October 7 at 7:29 p.m. PT, Falcon 9 launched the SAOCOM 1A satellite from Space Launch Complex 4E (SLC-4E) at Vandenberg Air Force Base in California.

This was the second flight for the first stage booster supporting this mission, which previously launched Iridium-7 NEXT.",,C6LQ7mHc,youtube,False,2018-10-07 19:29:00,2018,True,True
1837,eu63xn4zyve10pj5kv31ha2l,Telstar 18 VANTAGE Mission,telstar18vantage,final,commercialSatellite,Falcon 9,"SLC-40, Florida",2018-09-10,00:45:00,Droneship,,,,False,False,"On Monday, September 10 at 12:45 a.m. ET, Falcon 9 launched Telstar 18 to geostationary transfer orbit from Space Launch Complex 40 (SLC-40) at Cape Canaveral Air Force Station in Florida.

This was the first flight for the first stage booster supporting this mission.",,Apw3xqwsG1U,youtube,False,2018-09-10 00:45:00,2018,True,True
1825,bu3w5pw9yd17ykv6k21yl8vh,Merah Putih Mission,merahputih,final,commercialSatellite,Falcon 9,"SLC-40, Florida",2018-08-08,11:18:00,Droneship,,,,False,False,"On Wednesday, August 8 at 1:18 a.m. ET, Falcon 9 launched the Merah Putih satellite to geostationary transfer orbit (GTO) from Space Launch Complex 40 (SLC-40) at Cape Canaveral Air Force Station in Florida.

This was the second flight for the first stage booster supporting this mission, which previously launched Bangabandhu Satellite-1.",,FjfQNBYv2IY,youtube,False,2018-08-08 11:18:00,2018,True,True
1838,tzla837t9s3r7pq9mqehqh1o,Telstar 19 VANTAGE Mission,telstar19vintage,final,commercialSatellite,Falcon 9,"SLC-40, Florida",2018-07-22,01:50:00,Droneship,,,,False,False,,,,,,2018-07-22 01:50:00,2018,True,True
1900,wms6psi5hk7dydbr7c2hti6q,CRS-15 Mission,crs15,final,resupply,Falcon 9,"SLC-40, Florida",2018-06-29,05:42:00,Expended,,2018-08-03,15:17:00,False,False,"On Friday, June 29 at 5:42 a.m. ET, Falcon 9 launched Dragon’s 15th Commercial Resupply Services (CRS-15) mission to the International Space Station from Space Launch Complex 40 (SLC-40) at Cape Canaveral Air Force Station in Florida. Approximately three days later on Monday, July 2, the spacecraft was captured at 6:54 a.m. ET and then berthed to the space station at 9:50 a.m. ET.

After 31 days, Dragon was released from the orbiting laboratory at 12:38 p.m. ET on August 3, 2018, and successfully returned to Earth, splashing down off the coast of Baja, California the same day at 3:17 p.m. PT.

This was the second flight for the first stage booster supporting this mission, which previously launched TESS.",,ycMagB1s8XM,youtube,False,2018-06-29 05:42:00,2018,True,True
2583,anlsco8a4n9ruv5954u3b3up,SES-12 Mission,ses12,final,commercialSatellite,Falcon 9,"SLC-40, Florida",2018-06-04,00:45:00,Expended,,,,False,False,"On Monday, June 4 at 12:45 a.m. ET, Falcon 9 launched SES-12 to geostationary transfer orbit from Space Launch Complex 40 (SLC-40) at Cape Canaveral Air Force Station in Florida.

This was the second flight for the first stage booster supporting this mission, which previously launched Orbital Test Vehicle 5 (OTV-5).",, 2hcM5hqQ45s ,youtube,False,2018-06-04 00:45:00,2018,True,True
2656,v6r39po9s9zt2zn7llh4xysb,Iridium-6/GRACE-FO Mission,iridium6gracefo,final,commercialSatellite,Falcon 9,"SLC-4E, California",2018-05-22,12:47:00,Expended,,,,False,False,"On Tuesday, May 22 at 12:47 p.m. PT, Falcon 9 launched Iridium-6/GRACE-FO to low-Earth Orbit from Space Launch Complex 4E (SLC-4E) at Vandenberg Air Force Base in California.

This was the first flight for the first stage booster supporting this mission.",,0GgKfwCSk ,youtube,False,2018-05-22 12:47:00,2018,True,True
2706,dazbs6aa34xak5yyif009910,Bangabandhu Satellite-1 Mission,bangabandhusatellite1,final,commercialSatellite,Falcon 9,"LC-39A, Florida",2018-05-11,16:14:00,Droneship,,,,False,False,"On Friday, May 11 at 4:14 p.m. ET, Falcon 9 launched the Bangabandhu Satellite-1 mission to geostationary transfer orbit from Launch Complex 39A (LC-39A) at Kennedy Space Center in Florida.

This was the first flight for the first stage booster supporting this mission.

The Bangabandhu Satellite-1 mission was the first to utilize Falcon 9 Block 5, the final substantial upgrade to SpaceX’s Falcon 9 launch vehicle. Falcon 9 Block 5 is designed to be capable of 10 or more flights with very limited refurbishment as SpaceX continues to strive for rapid reusability and extremely high reliability.",,rQEqKZ7CJlk,youtube,False,2018-05-11 16:14:00,2018,True,True
2694,kfh1xymhvv3ftzc97mfcp7pq,TESS Mission,tess,final,science,Falcon 9,"SLC-40, Florida",2018-04-18,18:51:00,Droneship,,,,False,False,"On Wednesday, April 18 at 6:51 p.m. ET, Falcon 9 launched NASA’s Transiting Exoplanet Survey Satellite (TESS) mission to a highly elliptical orbit from Space Launch Complex 40 (SLC-40) at Cape Canaveral Air Force Station in Florida.

This was the first flight for the first stage booster supporting this mission.",,aY-0uBIYYKk,youtube,False,2018-04-18 18:51:00,2018,True,True
2665,d6f55abxyrdf7fng35t67mq5,CRS-14 Mission,crs14,final,resupply,Falcon 9,"SLC-40, Florida",2018-04-02,16:30:00,Droneship,,,,False,False,"On Monday April 2 at 4:30 p.m. ET, Falcon 9 launched Dragon’s 14th Commercial Resupply Services mission (CRS-14) to the International Space Station from Space Launch Complex 40 (SLC-40) at Cape Canaveral Air Force Station in Florida. Approximately two days later on Wednesday, April 4, the spacecraft was captured at 6:40 a.m. ET and then berthed to the space station at 9:00 a.m. ET.

After 30 days, Dragon was released from the orbiting laboratory at 9:23 a.m. ET on Saturday, May 5, and successfully returned to Earth, splashing down off the coast of Baja, California the same day at 12:03 p.m. PT.

This was the second flight for the first stage booster supporting this mission, which previously launched CRS-12.",,BPQHG-LevZM,youtube,False,2018-04-02 16:30:00,2018,True,True
2657,plgenbyev1qa3oqqv4sz3hv8,Iridium-5 Mission,iridium5,final,commercialSatellite,Falcon 9,"SLC-4E, California",2018-03-30,07:13:00,Expended,,,,False,False,"On Friday, March 30 at 7:13 a.m. PT, Falcon 9 launched Iridium-5 from Space Launch Complex 4E (SLC-4E) at Vandenberg Air Force Base in California.

This was the second flight for the first stage booster supporting this mission, which previously launched Iridium-3.",, mp0TW8vkCLg,youtube,False,2018-03-30 07:13:00,2018,True,True
2630,dk4uinlh5y80wpkxt655jsyz,HISPASAT 30W-6 Mission,hispasat30w6,final,commercialSatellite,Falcon 9,"SLC-40, Florida",2018-03-06,00:33:00,Expended,,,,False,False,"On Tuesday, March 6 at 12:33 a.m. ET, Falcon 9 launched the Hispasat 30W-6 mission to geostationary transfer orbit from Space Launch Complex 40 (SLC-40) at Cape Canaveral Air Force Station in Florida.

This was the first flight for the first stage booster supporting this mission.",,Kpfrp-GMKKM,youtube,False,2018-03-06 00:33:00,2018,True,True
2624,jn7i1wwwervo0yux04ietm7y,PAZ Mission,paz,final,commercialSatellite,Falcon 9,"SLC-4E, California",2018-02-22,06:17:00,Droneship,,,,False,False,"On Thursday, February 22 at 6:17 a.m. PT, Falcon 9 launched the PAZ mission to low-Earth orbit from Space Launch Complex 4E (SLC-4E) at Vandenberg Air Force Base in California.

This was the second and final flight for the first stage booster supporting this mission, which previously launched FORMOSAT-5.",,p-PToD2URA,youtube,False,2018-02-22 06:17:00,2018,True,True
2585,wu67et2dbc5rwd76cwjdnrvm,Falcon Heavy Demonstration Mission,fhdemo,final,,Falcon Heavy,"LC-39A, Florida",2018-02-06,15:45:00,Landing Zone,,,,False,False,"On Tuesday, February 6, 2018, Falcon Heavy made its first launch to orbit at 3:45 p.m. ET from Launch Complex 39A at Kennedy Space Center in Florida. Following this flight, Falcon Heavy became the most powerful operational rocket in the world by a factor of two. With more than five million pounds of thrust at liftoff, its ability to lift into orbit nearly 64 metric tons (141,000 lb.) – a mass greater than a 737-jetliner loaded with passengers, crew, luggage and fuel – more than twice the payload of the next closest operational vehicle, the Delta IV Heavy, at one-third the cost.

Only the Saturn V moon rocket, last flown in 1973, delivered more payload to orbit. Falcon Heavy was designed from the outset to carry humans into space and restores the possibility of flying missions with crew to the Moon or Mars.

This was the second flight for the first stage boosters supporting this mission, which previously launched CRS-9 and THAICOM 8.",,wbSwFU6tY1c,youtube,False,2018-02-06 15:45:00,2018,True,True
2612,ioduo1p87vyiuepsmpup6cmr,GovSat-1 Mission,govsat1,final,commercialSatellite,Falcon 9,"SLC-40, Florida",2018-01-31,16:25:00,Droneship,,,,False,False,"On Wednesday, January 31 at 4:25 p.m. ET, Falcon 9 launched the  GovSat-1  mission to geostationary transfer orbit from Space Launch Complex 40 (SLC-40) at Cape Canaveral Air Force Station in Florida.

This was the second flight for the first stage booster supporting this mission, which previously launched NROL-76.",,ScYUA51-POQ,youtube,False,2018-01-31 16:25:00,2018,True,True
2602,bkei4joxze3wel10ai2cisgq,Zuma Mission,zuma,final,nssl,Falcon 9,"SLC-40, Florida",2018-01-07,20:00:00,Landing Zone,,,,False,False,"On Sunday, January 7 at 8:00 p.m. ET, Falcon 9 launched the  Zuma  mission to low-Earth orbit from Space Launch Complex 40 (SLC-40) at Cape Canaveral Air Force Station in Florida.

This was the first flight for the first stage booster supporting this mission.",,0PWu3BRxn60,youtube,False,2018-01-07 20:00:00,2018,True,True
1873,bnrfvk4ax43x43ka4iz5tm0n,Iridium-4 Mission ,iridium-4,final,commercialSatellite,Falcon 9,"SLC-4E, California",2017-12-23,20:27:00,Expended,,,,False,False,"On Saturday, December 23, at 8:27 p.m. PT, Falcon 9 launched the Iridium-4 mission to low-Earth orbit from Space Launch Complex 4E (SLC-4E) at Vandenberg Air Force Base in California.

This was the second flight for the first stage booster supporting this mission, which previously launched Iridium-2. There was no attempt to recover the first stage booster supporting this mission.",,wtdjCwo6d3Q ,youtube,False,2017-12-23 20:27:00,2017,True,True
2593,yy7ews7j4jls358zvzm9qpwi,CRS-13 Mission ,crs13,final,resupply,Falcon 9,"SLC-40, Florida",2017-12-15,10:36:00,Droneship,,,,False,False,"On Friday, December 15, at 10:36 a.m. ET, Falcon 9 launched Dragon’s 13th Commercial Resupply Services mission (CRS-13) to the International Space Station from Space Launch Complex 40 (SLC-40) at Cape Canaveral Air Force Station in Florida. Approximately two days later on Sunday, December 17 the spacecraft was captured at 5:57 a.m. ET and then berthed to the space station at 8:26 a.m. ET.

After 25 days, Dragon was released from the orbiting laboratory at 4:58 a.m. ET on Friday, January 13 and successfully returned to Earth, splashing down off the coast of Baja, California later that day at 7:37 a.m. PT.",,OPHbqY9LHCs,youtube,False,2017-12-15 10:36:00,2017,True,True
3216,i9fyujvkc0xj8h11k0eihtm5,Koreasat-5A Mission ,koreasat-5a,final,commercialSatellite,Falcon 9,"LC-39A, Florida",2017-10-30,15:34:00,Droneship,,,,False,False,"On Monday, October 30, at 3:34 p.m. ET, Falcon 9 launched the Koreasat-5A mission to geosynchronous transfer orbit from Launch Complex 39A (LC-39A) at Kennedy Space Center in Florida.

This was the first and only flight for the Falcon 9 first stage booster supporting this mission. It successfully landed on the Of Course I Still Love You droneship.",,CNRTNxZSPhE ,youtube,False,2017-10-30 15:34:00,2017,True,True
1886,fwlxnqzlv5ibvfmiynp7qhti,EchoStar 105 / SES-11 Mission ,echostar105-ses11 ,final,commercialSatellite,Falcon 9,"LC-39A, Florida",2017-10-11,18:53:00,Droneship,,,,False,False,"On Wednesday, October 11, at 6:53 p.m. ET, Falcon 9 launched the EchoStar 105 / SES-11 mission to geosynchronous transfer orbit from Launch Complex 39A (LC-39A) at Kennedy Space Center in Florida.

This was the second flight for the Falcon 9 first stage booster supporting this mission, which previously launched CRS-10. It successfully landed on the Of Course I Still Love You droneship.",,iv1zeGSvhIw,youtube,False,2017-10-11 18:53:00,2017,True,True
3206,ni8l9kv8b4qzshkn6qspmggj,Iridium-3 Mission,iridium-3,final,commercialSatellite,Falcon 9,"SLC-4E, California",2017-10-09,08:37:00,Droneship,,,,False,False,"On Monday, October 9, at 8:37 a.m. PT, Falcon 9 launched the Iridium-3 mission to low-Earth orbit from Space Launch Complex 4E (SLC-4E) at Vandenberg Air Force Base in California.

This was the first flight for the Falcon 9 first stage booster. It successfully landed on the Just Read the Instructions droneship.",,SB4N4xF2B2w,youtube,False,2017-10-09 08:37:00,2017,True,True
3215,ib5onwj9w5m3mk2sw69a8ibi,Orbital Test Vehicle 5 (OTV-5) Mission ,otv-5,final,commercialSatellite,Falcon 9,"LC-39A, Florida",2017-09-07,10:00:00,Landing Zone,,,,False,False,"On Thursday, September 7, at 10:00 a.m. ET, Falcon 9 launched the Orbital Test Vehicle 5 (OTV-5) mission to orbit from Launch Complex 39A (LC-39A) at Kennedy Space Center in Florida.

This was the first flight for the Falcon 9 first stage booster supporting this mission. It successfully landed on Landing Zone-1 at Cape Canaveral Air Force Station in Florida.",,9M6Zvi-fFv4,youtube,False,2017-09-07 10:00:00,2017,True,True
3201,dmc3ss79zqzqvrp2tlwlw1bf,FORMOSAT-5 Mission,formosat-5,final,commercialSatellite,Falcon 9,"SLC-4E, California",2017-08-24,11:51:00,Droneship,,,,False,False,"On Thursday, August 24, at 11:51 a.m. PT, Falcon 9 launched the FORMOSAT-5 mission to low-Earth orbit from Space Launch Complex 4E (SLC-4E) at Vandenberg Air Force Base in California.

This was the first flight for the Falcon 9 first stage booster supporting this mission. It successfully landed on the Just Read the Instructions droneship.",,J4u3ZN2g_MI,youtube,False,2017-08-24 11:51:00,2017,True,True
3198,o93lik8phk964vfwxaqb3ghl,CRS-12 Mission ,crs12,final,resupply,Falcon 9,"LC-39A, Florida",2017-08-14,12:31:00,Droneship,,,,False,False,"On Monday, August 14, at 12:31 p.m. ET, Falcon 9 launched Dragon’s 12th Commercial Resupply Services mission (CRS-12) to the International Space Station from NASA’s Kennedy Space Center in Florida. Approximately two days later on Wednesday, August 16, the spacecraft was captured at 6:52 a.m. ET and then berthed to the space station at 9:07 a.m. ET.

After 31 days, Dragon was released from the orbiting laboratory at 4:40 a.m. ET on Sunday, September 17 and successfully returned to Earth, splashing down off the coast of Baja, California later that day at 7:14 a.m. PT.",,vLxWsYx8dbo,youtube,False,2017-08-14 12:31:00,2017,True,True
3208,laekyoni7unrhyg419dzf7ho,Intelsat 35e Mission ,intelsat35e,final,commercialSatellite,Falcon 9,"LC-39A, Florida",2017-07-05,17:37:00,Droneship,,,,False,False,"On Wednesday, July 5, at 5:38 p.m. ET, Falcon 9 launched the Intelsat 35e mission to geosynchronous transfer orbit from Launch Complex 39A (LC-39A) at Kennedy Space Center in Florida.

This was the first and only flight for the Falcon 9 first stage booster supporting this mission. There was no attempt to recover the first stage booster supporting this mission.",,MIHVPCj25Z0,youtube,False,2017-07-05 17:37:00,2017,True,True
3205,mmlk3qneuyusm4xg0rawl30b,Iridium-2 Mission,iridium-2,final,commercialSatellite,Falcon 9,"SLC-4E, California",2017-06-25,13:25:00,Droneship,,,,False,False,"On Sunday, June 25, at 1:25 p.m. PT, Falcon 9 launched the Iridium-2 mission to low-Earth orbit from Space Launch Complex 4E (SLC-4E) at Vandenberg Air Force Base in California.

This was the first flight for the Falcon 9 first stage booster. It successfully landed on the Just Read the Instructions droneship.",,J4u3ZN2g_MI,youtube,False,2017-06-25 13:25:00,2017,True,True
3197,l1y55sp2zz84bcgyd1srp784,BulgariaSat-1 Mission,bulgariasat-1,final,commercialSatellite,Falcon 9,"LC-39A, Florida",2017-06-23,15:10:00,Droneship,,,,False,False,"On Friday, June 23, at 3:10 p.m. ET, Falcon 9 launched the BulgariaSat-1 mission to geosynchronous transfer orbit from Launch Complex 39A (LC-39A) at NASA’s Kennedy Space Center in Florida.

This was the second flight for the first stage booster supporting this mission, which previously launched Iridium-1. It successfully landed on the Of Course I Still Love You droneship.",,Y8mLi-rRTh8,youtube,False,2017-06-23 15:10:00,2017,True,True
3196,u85c0x7b90cqec5sl7lxziuw,CRS-11 Mission ,crs11,final,resupply,Falcon 9,"LC-39A, Florida",2017-06-03,17:07:00,Droneship,,,,False,False,"On Saturday, June 3, at 5:07 p.m. ET, Falcon 9 launched Dragon’s 11th Commercial Resupply Services mission (CRS-11) to the International Space Station from NASA’s Kennedy Space Center in Florida. Approximately two days later on Monday, June 5, the spacecraft was captured at 9:52 a.m. ET and then berthed to the space station at 12:07 p.m. ET.

After approximately 27 days, Dragon was released from the orbiting laboratory at 2:41 a.m. ET on Sunday, July 3 and successfully returned to Earth, splashing down off the coast of Baja, California later that day at 5:12 a.m. PT.",,JuZBOUMsYws,youtube,False,2017-06-03 17:07:00,2017,True,True
3203,kzg30qiji80cqoh5vm8sd772,Inmarsat-5 F4 Mission,inmarsat-5f4,final,commercialSatellite,Falcon 9,"LC-39A, Florida",2017-05-15,19:20:00,Droneship,,,,False,False,"On Monday, May 15, at 7:20 p.m. ET, Falcon 9 launched the Inmarsat-5 F4 mission to geosynchronous transfer orbit from Launch Complex 39A (LC-39A) at NASA’s Kennedy Space Center in Florida.

This was the first and only flight for the Falcon 9 first stage booster supporting this mission. There was no attempt to recover the first stage booster supporting this mission.",,ynMYE64IEKs,youtube,False,2017-05-15 19:20:00,2017,True,True
1748,xajy33it8j8c37z07pkyponc,NROL-76 Mission,nrol76,final,nssl,Falcon 9,"LC-39A, Florida",2017-05-01,19:15:00,Landing Zone,,,,False,False,"On Monday, May 1, at 7:15 p.m. ET, Falcon 9 launched the NROL-76 mission from Launch Complex 39A (LC-39A) at NASA’s Kennedy Space Center in Florida.

This was the first and only flight for the Falcon 9 first stage booster supporting this mission.",,ynMYE64IEKs,youtube,False,2017-05-01 19:15:00,2017,True,True
3219,kvfmz8mjniujl21qd0c1ku5q,SES-10 Mission ,ses10,final,commercialSatellite,Falcon 9,"LC-39A, Florida",2017-03-30,18:27:00,Droneship,,,,False,False,"On Thursday, March 30, at 6:27 p.m. ET, Falcon 9 launched the SES-10 mission to geosynchronous transfer orbit from Launch Complex 39A (LC-39A) at Kennedy Space Center in Florida.

This was the second flight for the Falcon 9 first stage booster supporting this mission, which previously launched CRS-8 in April 2016, completing the world’s first ever reflight of an orbital class rocket. Following stage separation, this first stage booster successfully landed on the Of Course I Still Love You droneship.",,xsZSXav4wI8,youtube,False,2017-03-30 18:27:00,2017,True,True
3199,vj50tjhs92qhipyuli4zp7hb,EchoStar XXIII Mission ,echostarxxiii,final,commercialSatellite,Falcon 9,"LC-39A, Florida",2017-03-16,02:00:00,Droneship,,,,False,False,"On Thursday, March 16, at 2:00 a.m. ET, Falcon 9 launched the EchoStar XXIII mission to geosynchronous transfer orbit from Launch Complex 39A (LC-39A) at Kennedy Space Center in Florida.

This was the first and only flight for the Falcon 9 first stage booster supporting this mission. There was no attempt to recover the first stage booster supporting this mission.",,lZmqbL-hz7U,youtube,False,2017-03-16 02:00:00,2017,True,True
3195,pchjn1p5k5brzy2fnlcuw9kq,CRS-10 Mission ,crs10,final,resupply,Falcon 9,"LC-39A, Florida",2017-02-19,09:39:00,Droneship,,,,False,False,"On Sunday, February 19, at 9:39 a.m. ET, Falcon 9 launched Dragon’s 10th Commercial Resupply Services mission (CRS-10) to the International Space Station from NASA’s Kennedy Space Center in Florida. Approximately four days later on Thursday, February 23, the spacecraft was captured at 5:44 a.m. ET and then berthed to the space station at 8:12 a.m. ET.

After approximately 23 days, Dragon was released from the orbiting laboratory at 5:11 a.m. ET on Saturday, March 19 and successfully returned to Earth, splashing down off the coast of Baja, California later that day at 7:46 a.m. PT.",,giNhaEzv_PI,youtube,False,2017-02-19 09:39:00,2017,True,True
3204,gtcsqp7rfigide443oycl5j3,Iridium-1 Mission,iridium-1,final,commercialSatellite,Falcon 9,"SLC-4E, California",2017-01-14,09:54:00,Droneship,,,,False,False,"On Saturday, January 14 at 9:54 a.m. PT, Falcon 9 launched the Iridium-1 mission to low-Earth orbit from Space Launch Complex 4E (SLC-4E) at Vandenberg Air Force Base in California.

This was the first flight for the Falcon 9 first stage booster. It successfully landed on the Just Read the Instructions droneship.",,tTmbSur4fcs,youtube,False,2017-01-14 09:54:00,2017,True,True
2503,b5y3rtjcw5dkh6eaftx6af0s,JCSAT-16 Mission,jcsat-16,final,commercialSatellite,Falcon 9,"SLC-40, Florida",2016-08-14,05:26:00,Droneship,,,,False,False,"On Sunday, August 14, at 5:26 a.m. ET, Falcon 9 launched the JCSAT-16 mission to geosynchronous transfer orbit from Space Launch Complex 40 (SLC-40) at Cape Canaveral Air Force Station in Florida.

This was the first flight for the Falcon 9 first stage booster supporting this mission. It successfully landed on the Of Course I Still Love You droneship.",,QZTCEO0gvLo,youtube,False,2016-08-14 05:26:00,2016,True,True
2577,ukrlmqaotp7fdcx796hwc7zj,CRS-9 Mission,crs9,final,resupply,Falcon 9,"SLC-40, Florida",2016-07-18,00:45:00,Droneship,,,,False,False,"On Monday, July 18, at 12:45 a.m. ET, Falcon 9 launched Dragon’s ninth Commercial Resupply Services mission (CRS-9) to the International Space Station from Space Launch Complex 40 (SLC-40) at Cape Canaveral Air Force Station in Florida. Approximately two days later on Wednesday, July 20, the spacecraft was captured at 6:56 a.m. ET and then berthed to the space station at 10:03 a.m. ET.

After approximately 36 days, Dragon was released from the orbiting laboratory at 6:11 a.m. ET on Friday, August 26 and successfully returned to Earth, splashing down off the coast of Baja, California later that day at 8:47 a.m. PT.",,ThIdCuSsJh8,youtube,False,2016-07-18 00:45:00,2016,True,True
1745,fm63zi8fgdjzk155lpufh6rj,Eutelsat/ABS Mission,eutelsatabs,final,commercialSatellite,Falcon 9,"SLC-40, Florida",2016-06-15,10:29:00,Droneship,,,,False,False,"On Wednesday, June 15, at 10:29 a.m. ET, Falcon 9 launched the Eutelsat/ABS mission to geostationary transfer orbit from Space Launch Complex 40 (SLC-40) at Cape Canaveral Air Force Station in Florida.

This was the first and only flight for the Falcon 9 first stage booster supporting this mission.",,gLNmtUEvI5A,youtube,False,2016-06-15 10:29:00,2016,True,True
2399,w6wa2jv78wtkdlvur7zbmapa,THAICOM 8 Mission ,thaicom8,final,commercialSatellite,Falcon 9,"SLC-40, Florida",2016-05-27,09:39:00,Droneship,,,,False,False,"On Friday, May 27, at 9:39 a.m. ET, Falcon 9 launched the THAICOM 8 mission to geostationary transfer orbit from Space Launch Complex 40 (SLC-40) at Cape Canaveral Air Force Station in Florida.

This was the first flight for the Falcon 9 first stage booster supporting this mission, which successfully landed on the Of Course I Still Love You droneship.",,zBYC4f79iXc,youtube,False,2016-05-27 09:39:00,2016,True,True
1657,dc6k6kf1bbkbhituaa8jko3d,JCSAT-14 Mission,jcsat14,final,commercialSatellite,Falcon 9,"SLC-40, Florida",2016-05-06,01:21:00,Droneship,,,,False,False,"On Friday, May 6, at 1:21 a.m. ET, Falcon 9 launched the JCSAT-14 mission to geosynchronous transfer orbit from Space Launch Complex 40 (SLC-40) at Cape Canaveral Air Force Station in Florida.

This was the first flight for the Falcon 9 first stage booster, which successfully landed on the Of Course I Still Love You droneship.",,L0bMeDj76ig,youtube,False,2016-05-06 01:21:00,2016,True,True
2601,m0mpt4wcuia3g6n6fmg0agle,CRS-8 Mission ,crs8,final,resupply,Falcon 9,"SLC-40, Florida",2016-04-08,20:43:00,Droneship,,,,False,False,"On Friday, April 8, at 8:43 p.m. ET, Falcon 9 launched Dragon’s eighth Commercial Resupply Services mission (CRS-8) to the International Space Station from Space Launch Complex 40 (SLC-40) at Cape Canaveral Air Force Station in Florida. Approximately two days later on Sunday, April 10, the spacecraft was captured at 7:23 a.m. ET and then berthed to the space station at 9:57 a.m. ET.

After 30 days, Dragon was released from the orbiting laboratory at 9:19 a.m. ET on Wednesday, May 11 and successfully returned to Earth, splashing down off the coast of Baja, California later that day at 11:31 a.m. PT.",,7pUAydjne5M,youtube,False,2016-04-08 20:43:00,2016,True,True
1706,m0tmlwnceey3lf9rmy1o3mja,SES-9 Mission ,ses-9,final,commercialSatellite,Falcon 9,"SLC-40, Florida",2016-03-04,18:35:00,Droneship,,,,False,False,"On Friday, March 4, at 6:35 p.m. ET, Falcon 9 launched the SES-9 mission to geostationary transfer orbit from Space Launch Complex 40 (SLC-40) at Cape Canaveral Air Force Station in Florida.

This was the first and only flight for the Falcon 9 first stage booster supporting this mission.",,muDPSyO7-A0,youtube,False,2016-03-04 18:35:00,2016,True,True
1640,j86dylxgjnvpkoxjy5n1fmja,Jason-3 Mission ,jason-3,final,science,Falcon 9,"SLC-4E, California",2016-01-17,10:42:00,Expended,,,,False,False,"On Monday, January 17, at 10:42 a.m. PT, Falcon 9 launched NASA’s Jason-3 mission to low-Earth orbit from Space Launch Complex 4E (SLC-4E) at Vandenberg Air Force Base in California.

This was the first and only flight for the Falcon 9 first stage booster supporting this mission.",,ivdKRJzl6y0 ,youtube,False,2016-01-17 10:42:00,2016,True,True
2757,r9izg7hyts9f0382zzn0e8u2,ORBCOMM-2 Mission ,orbcomm2,final,commercialSatellite,Falcon 9,"SLC-40, Florida",2015-12-21,20:29:00,Landing Zone,,,,False,False,"On Monday, December 21, at 8:29 p.m. ET, Falcon 9 launched the ORBCOMM-2 mission to low Earth orbit from Space Launch Complex 40 (SLC-40) at Cape Canaveral Air Force Station in Florida.

Following stage separation, the Falcon 9 first stage successfully returned to Earth and landed at Landing Zone 1 at Cape Canaveral Air Force Station in Florida, completing the world’s first ever recovery of an orbital class rocket.",,O5bTbVbe4e4,youtube,False,2015-12-21 20:29:00,2015,True,True
1799,cl4hu8cdqvk8vulgwa0q0x80,CRS-7 Mission,crs7,final,resupply,Falcon 9,"SLC-40, Florida",2015-06-28,10:21:00,Expended,,,,False,False,"On June 28, 2015, following a nominal liftoff, Falcon 9 experienced an overpressure event in the upper stage liquid oxygen tank approximately 139 seconds into flight, resulting in the loss of the mission. Prior to the mishap, the first stage of the vehicle, including all nine Merlin 1D engines, operated nominally; the first stage actually continued to power through the overpressure event on the second stage for several seconds following the mishap. In addition, the Dragon spacecraft not only survived the second stage event but also continued to communicate until the vehicle dropped below the horizon and passed out of range of communications stations at Cape Canaveral Air Force Station.

SpaceX has led the investigation efforts with oversight from the FAA and participation from NASA and the U.S. Air Force. Review of the flight data proved challenging both because of the volume of data —over 3,000 telemetry channels as well as video and physical debris—and because the key events happened very quickly.The first indication of an issue to loss of all telemetry was just 0.893 seconds. Over the last few weeks, engineering teams have spent thousands of hours going through the painstaking process of matching up data across rocket systems down to the millisecond to understand that final 0.893 seconds prior to loss of telemetry.

At this time, the investigation remains ongoing, as SpaceX and the investigation team continue analyzing significant amounts of data and conducting additional testing that must be completed in order to fully validate these conclusions. Given the currently available data, we believe we have identified a potential cause.

Preliminary analysis suggests the overpressure event in the upper stage liquid oxygen tank was initiated by a flawed piece of support hardware (a “strut”) inside the second stage. Several hundred struts fly on every Falcon 9 vehicle, with a cumulative flight history of several thousand. The strut that we believe failed was designed and material certified to handle 10,000 lbs of force, but failed at 2,000 lbs, a five-fold difference. Detailed close-out photos of stage construction show no visible flaws or damage of any kind.

In the case of the CRS-7 mission, it appears that one of these supporting pieces inside the second stage failed approximately 138 seconds into flight. The pressurization system itself was performing nominally, but with the failure of this strut, the helium system integrity was breached. This caused a high-pressure event inside the second stage within less than one second, and the stage was no longer able to maintain its structural integrity.

Despite the fact that these struts have been used on all previous Falcon 9 flights and are certified to withstand well beyond the expected loads during flight, SpaceX will no longer use these particular struts for flight applications. In addition, SpaceX will implement additional hardware quality audits throughout the vehicle to further ensure all parts received perform as expected per their certification documentation.

As noted above, these conclusions are preliminary. Our investigation is ongoing until we exonerate all other aspects of the vehicle, but at this time, we expect to return to flight this fall and fly all the customers we intended to fly in 2015 by end of year.

While the CRS-7 loss is regrettable, this review process invariably will, in the end, yield a safer and more reliable launch vehicle for all of our customers, including NASA, the United States Air Force, and commercial purchasers of launch services. Critically, the vehicle will be even safer as we begin to carry U.S. astronauts to the International Space Station in 2017.",,,,False,2015-06-28 10:21:00,2015,True,True
1658,mkdlhtii9pbx4qmhbhtm3qpi,Thales Mission,thales,final,commercialSatellite,Falcon 9,"SLC-40, Florida",2015-04-27,19:23:00,Expended,,,,False,False,"On Monday, April 27 at 7:23 p.m. ET, Falcon 9 launched the Thales mission to geosynchronous transfer orbit from Space Launch Complex 40 (SLC-40) at Cape Canaveral Air Force Station in Florida.

This was the first and final flight for the Falcon 9 booster supporting this mission.",,,,False,2015-04-27 19:23:00,2015,True,True
2159,m4nsa2tqpor8l07atmcrrxdz,CRS-6 Mission,crs6,final,resupply,Falcon 9,"SLC-40, Florida",2015-04-14,20:10:00,Droneship,,2015-05-21,21:42:00,False,False,"On Tuesday, April 14 at 8:10 p.m. ET, Falcon 9 launched Dragon’s sixth Commercial Resupply Services mission (CRS-6) to the International Space Station from Space Launch Complex 40 (SLC-40) at Cape Canaveral Air Force Station in Florida. Approximately two days later on Friday, April 17 the spacecraft was captured at 5:55 a.m. ET and then berthed to the space station at 9:29 a.m. ET.

After 33 days, Dragon was released from the orbiting laboratory at 5:29 a.m. ET on Thursday, May 21 and successfully returned to Earth, splashing down off the coast of Baja, California the same day at 9:42 p.m. PT.",,,,False,2015-04-14 20:10:00,2015,True,True
2732,cjtix11tp7ldtgimh8x36bot,ABS/Eutelsat-1 Mission,abs-eutelsat-1,final,commercialSatellite,Falcon 9,"SLC-40, Florida",2015-03-01,22:50:00,Expended,,,,False,False,"On Sunday, March 1 at 10:50 p.m. ET, Falcon 9 launched the ABS/Eutesat-1 mission to geosynchronous transfer orbit from Space Launch Complex 40 (SLC-40) at Cape Canaveral Air Force Station in Florida.

This was the first and final flight for the Falcon 9 booster supporting this mission.",,,,False,2015-03-01 22:50:00,2015,True,True
1655,mdo9suka8pfjvxelee6qk45r,DSCOVR Mission,discovr,final,science,Falcon 9,"SLC-40, Florida",2015-02-11,18:03:00,Expended,,,,False,False,,,,,,2015-02-11 18:03:00,2015,True,True
2081,v8ejcfkwad0zzyjcfmwhb4wh,CRS-5 Mission,crs5,final,resupply,Falcon 9,"SLC-40, Florida",2015-01-10,16:47:00,Expended,,2015-02-10,16:44:00,False,False,"On Saturday, January 10 at 4:47 p.m. ET, Falcon 9 launched Dragon’s fifth Commercial Resupply Services mission (CRS-5) to the International Space Station from Space Launch Complex 40 (SLC-40) at Cape Canaveral Air Force Station in Florida. Approximately two days later on Monday, January 12 the spacecraft was captured at 5:54 a.m. ET and then berthed to the space station at 8:54 a.m. ET.

After 29 days, Dragon was released from the orbiting laboratory at 12:11 p.m. ET on Tuesday, February 10 and successfully returned to Earth, splashing down off the coast of Baja, California the same day at 4:44 p.m. PT.",,,,False,2015-01-10 16:47:00,2015,True,True
2086,ii3myvq1e2h46wbdbl0b20mn,CRS-4 Mission,crs4,final,resupply,Falcon 9,"SLC-40, Florida",2014-09-21,01:52:00,Expended,,2014-10-25,08:02:00,False,False,"On Sunday, September 21 at 1:52 a.m. ET, Falcon 9 launched Dragon’s fourth Commercial Resupply Services mission (CRS-4) to the International Space Station from Space Launch Complex 40 (SLC-40) at Cape Canaveral Air Force Station in Florida. Approximately two days later on Tuesday, September 23 the spacecraft was captured at 6:52 a.m. ET and then berthed to the space station at 9:21 a.m. ET.

After 31 days, Dragon was released from the orbiting laboratory at 8:02 a.m. ET on Saturday, October 25 and successfully returned to Earth, splashing down off the coast of Baja, California the same day at 12:39 p.m. PT.",,,,False,2014-09-21 01:52:00,2014,True,True
2729,pqor9b0wrqfs7c6y8f0o12dv,AsiaSat 6 Mission,asiasat6,final,commercialSatellite,Falcon 9,"SLC-40, Florida",2014-09-07,01:00:00,Expended,,,,False,False,"On Sunday, September 7 at 1:00 a.m. ET, Falcon 9 launched the  AsiaSat 6  mission to geosynchronous transfer orbit from Space Launch Complex 40 (SLC-40) at Cape Canaveral Air Force Station in Florida.

This was the first and final flight for the Falcon 9 booster supporting this mission.",,,,False,2014-09-07 01:00:00,2014,True,True
2730,lwtcnebtdtjykzx10bq6inzk,AsiaSat 8 Mission,asiasat8,final,commercialSatellite,Falcon 9,"SLC-40, Florida",2014-08-05,04:00:00,Expended,,,,False,False,"On Tuesday, August 5 at 4:00 a.m. ET, Falcon 9 launched the  AsiaSat 8  mission to geosynchronous transfer orbit from Space Launch Complex 40 (SLC-40) at Cape Canaveral Air Force Station in Florida.

This was the first and final flight for the Falcon 9 booster supporting this mission.",,essrkMGlw5s,youtube,False,2014-08-05 04:00:00,2014,True,True
2714,nzukdsikmo30s2db7h6vzogf,Orbcomm-1 Mission,orbcomm1,final,commercialSatellite,Falcon 9,"SLC-40, Florida",2014-07-14,11:15:00,Expended,,,,False,False,"On Monday, July 14 at 11:15 a.m. ET, Falcon 9 launched the  Orbcomm-1  mission to low-Earth orbit from Space Launch Complex 40 (SLC-40) at Cape Canaveral Air Force Station in Florida.

This was the first and final flight for the Falcon 9 booster supporting this mission.",,,,False,2014-07-14 11:15:00,2014,True,True
2094,nhy4ibevzufadjswk8730rqq,CRS-3 Mission,crs3,final,resupply,Falcon 9,"SLC-40, Florida",2014-04-18,15:25:00,Expended,,2014-05-18,12:05:00,False,False,"On Friday, April 18 at 3:25 p.m. ET, Falcon 9 launched Dragon’s third Commercial Resupply Services mission (CRS-3) to the International Space Station from Space Launch Complex 40 (SLC-40) at Cape Canaveral Air Force Station in Florida. Approximately two days later on Sunday, April 20 the spacecraft was captured at 7:14 a.m. ET and then berthed to the space station at 10:06 a.m. ET.

After 27 days, Dragon was released from the orbiting laboratory at 7:55 a.m. ET on Sunday, May 18 and successfully returned to Earth, splashing down off the coast of Baja, California the same day at 12:05 p.m. PT.",,,,False,2014-04-18 15:25:00,2014,True,True
3286,bn9jmwf3ohxsalm5cr1d76hp,Thaicom-6 Mission,thaicom6,final,commercialSatellite,Falcon 9,"SLC-40, Florida",2014-01-06,17:06:00,Expended,,,,False,False,"On Monday, January 6 at 5:06 p.m. ET, Falcon 9 launched the Thaicom-6 mission to geosynchronous transfer orbit from Space Launch Complex 40 (SLC-40) at Cape Canaveral Air Force Station in Florida.

This was the first and final flight for the Falcon 9 booster supporting this mission.",,,,False,2014-01-06 17:06:00,2014,True,True
1996,jm55rkghc3w0528clw2pyvsl,SES-8 Mission,ses8,final,commercialSatellite,Falcon 9,"SLC-40, Florida",2013-12-03,17:41:00,Expended,,,,False,False,"On Monday, December 3 at 5:41 p.m. ET, Falcon 9 launched the  SES-8  mission to geosynchronous transfer orbit from Space Launch Complex 40 (SLC-40) at Cape Canaveral Air Force Station in Florida. This was SpaceX’s first mission to geosynchronous transfer orbit.

This was the first and final flight for the Falcon 9 booster supporting this mission.",,,,False,2013-12-03 17:41:00,2013,True,True
1968,xgiozg7y897j6nnqa1bsfp19,Cassiope Mission,cassiope,final,science,Falcon 9,"SLC-4E, California",2013-09-29,09:00:00,Expended,,,,False,False,"On Sunday, September 29 at 9:00 a.m. PT, Falcon 9 launched the Cassiope mission to low-Earth orbit from Space Launch Complex 4 East (SLC-4E) at Vandenberg Air Force Base in California, completing SpaceX's first launch from SLC-4E.

This was the first SpaceX launch from California.",,,,False,2013-09-29 09:00:00,2013,True,True
3162,hr1pxt1b4fu3026lzg23rs9m,CRS-2 Mission,crs2,final,resupply,Falcon 9,"SLC-40, Florida",2013-03-01,10:10:00,Expended,,2013-03-26,04:10:00,False,False,"On Friday, March 1 at 10:10 a.m. ET, Falcon 9 launched Dragon’s second Commercial Resupply Services mission  (CRS-2)  to the International Space Station from Space Launch Complex 40 (SLC-40) at Cape Canaveral Air Force Station in Florida. Approximately two days later on Sunday, March 3 the spacecraft was captured at 5:31 a.m. ET and then berthed to the space station at 8:56 a.m. ET.

After 22 days, Dragon was released from the orbiting laboratory at 4:10 a.m. ET on Tuesday, March 26 and successfully returned to Earth, splashing down off the coast of Baja, California the same day at 9:34 a.m. PT.",,,,False,2013-03-01 10:10:00,2013,True,True
3161,f57d9t6xm8jn5vk8g4jjrpwh,CRS-1 Mission,crs1,final,resupply,Falcon 9,"SLC-40, Florida",2012-10-07,20:34:00,Expended,,2012-10-28,12:22:00,False,False,"On Sunday, October 7 at 8:34 p.m. ET, Falcon 9 launched Dragon’s first Commercial Resupply Services mission  (CRS-1)  to the International Space Station from Space Launch Complex 40 (SLC-40) at Cape Canaveral Air Force Station in Florida. Approximately three days later on Wednesday, October 10 the spacecraft was captured at 6:56 a.m. ET and then berthed to the space station at 9:03 a.m. ET.

After 17 days, Dragon was released from the orbiting laboratory at 7:19 a.m. ET on Monday, October 28 and successfully returned to Earth, splashing down off the coast of Baja, California the same day at 12:22 p.m. PT.",,,,False,2012-10-07 20:34:00,2012,True,True
2746,e7osfum5izs5cqwhyyg4etzk,COTS 2+ Mission,cots2,final,resupply,Falcon 9,"SLC-40, Florida",2012-05-22,03:44:00,Expended,,2012-05-31,08:42:00,False,False,"On Tuesday, May 22 at 3:44 a.m. ET, Falcon 9 launched Dragon’s second demonstration mission under NASA’s Commercial Orbital Transportation Services program (COTS 2+) to the International Space Station from Space Launch Complex 40 (SLC-40) at Cape Canaveral Air Force Station in Florida. Approximately three days later on Friday, May 25, the Dragon spacecraft was captured and then berthed to the space station at 12:02 a.m. ET.

After five days, Dragon was released from the orbiting laboratory at 5:49 a.m. ET on Thursday, May 31 and successfully returned to Earth, splashing down off the coast of Baja, California at 8:42 a.m. PT. This was SpaceX’s second Commercial Orbital Transportation Services mission (COTS 2+) for NASA and the first time in history a private spacecraft visited the space station.",,y_4-TOcVegM,youtube,False,2012-05-22 03:44:00,2012,True,True
2845,brwfwkv7f2dsv0qodxqb08eo,COTS 1 Mission,cots1,final,resupply,Falcon 9,"SLC-40, Florida",2010-12-08,10:42:00,Expended,,,11:02:00,False,False,"On Wednesday, December 8 at 10:43 a.m. ET, Falcon 9 launched Dragon’s first demonstration mission under NASA’s Commercial Orbital Transportation Services program (COTS 1) to low-Earth orbit from Space Launch Complex 40 (SLC-40) at Cape Canaveral Air Force Station in Florida.

SpaceX’s Dragon spacecraft separated from Falcon 9 just over nine minutes into flight and achieved a nominal orbit. The spacecraft successfully returned to Earth and splashed down off the coast of Baja, California less than four hours later at 11:02 a.m. PT.",,,,False,2010-12-08 10:42:00,2010,True,True
2755,mu93t80cfe8fumlauxuwf118,Falcon 9 Demo Mission,falcon9demo,final,,Falcon 9,"SLC-40, Florida",2010-06-04,14:45:00,Expended,,,,False,False,"On Friday, June 4 at 2:45 p.m. ET, Falcon 9 launched the Falcon 9 Demo mission to low-Earth orbit from Space Launch Complex 40 (SLC-40) at Cape Canaveral Air Force Station in Florida.

This was the first flight for the Falcon 9 program.",,,,False,2010-06-04 14:45:00,2010,True,True
2747,r5e24wai68cgj2lq3jvfidnn,RazakSAT Mission,razaksat,final,,Falcon 1,Omelek Island,2009-07-14,15:35:00,Expended,,,,False,False,"On Tuesday, July 14 at 3:35 p.m. MHT, Falcon 1 launched the  RazakSAT mission to low-Earth orbit from the SpaceX launch site on Omelek Island in the Marshall Islands.

This was the final flight in the Falcon 1 program.",,,,False,2009-07-14 15:35:00,2009,True,True
2748,ta35ictz0um91865598i1tvn,RatSat Mission,ratsat,final,,Falcon 1,Omelek Island,2008-09-29,11:15:00,Expended,,,,False,False,"On Monday, September 29 at 11:15 a.m. MHT, Falcon 1 launched the  RatSat  mission to low-Earth orbit from the SpaceX launch site on Omelek Island in the Marshall Islands.

This was Falcon 1’s first successful mission and the first privately developed liquid fuel rocket to reach low-Earth orbit.",,,,False,2008-09-29 11:15:00,2008,True,True
2749,f8qrwk4nzttenhp67i0vv8ad,Trailblazer Mission,trailblazer,final,,Falcon 1,Omelek Island,2008-08-03,15:34:00,Expended,,,,False,False,"On Sunday, August 3 at 3:34 p.m. MHT, Falcon 1 attempted to launch the Trailblazer mission to low-Earth orbit from the SpaceX launch site on Omelek Island in the Marshall Islands.

This was the first and final flight of the Falcon 1 booster supporting this mission.",,,,False,2008-08-03 15:34:00,2008,True,True
2750,vziwbohmbd83uhth9fzuwjtb,DemoSat Mission,demosat,final,,Falcon 1,Omelek Island,2007-03-21,13:10:00,Expended,,,,False,False,"On Wednesday, March 21 at 1:10 p.m. MHT, Falcon 1 attempted to launch the DemoSat mission to low-Earth orbit from the SpaceX launch site on Omelek Island in the Marshall Islands.

This was the first and final flight of the Falcon 1 booster supporting this mission.",,,,False,2007-03-21 13:10:00,2007,True,True
3200,nwupcfz3gbtdkmkvohir1db9,FalconSAT-2 Mission,falconsat2,final,,Falcon 1,Omelek Island,2006-03-24,02:00:00,Expended,,,,False,False,"On Friday, March 24 at 7:00 p.m. MHT, Falcon 1 attempted to launch the FalconSAT-2 mission to low-Earth orbit from the SpaceX launch site on Omelek Island in the Marshall Islands.

This was the first and final flight of the Falcon 1 booster supporting this mission.",,,,False,2006-03-24 02:00:00,2006,True,True
3818,cvbfbyuca1oop7inl6k2bqzu,Starlink Mission,sl-17-54,upcoming,starlink,Falcon 9,"SLC-4E, California",,,Droneship,,,,False,False,"SpaceX’s Falcon 9 is targeting the launch of 24 Starlink satellites to low-Earth orbit from Space Launch Complex 4 East (SLC-4E) at Vandenberg Space Force Base in California.

A live webcast of this mission will begin about 10 minutes prior to liftoff, which you can watch here and on X @SpaceX.

This will be the 14th flight for the first stage booster supporting this mission, which previously launched SDA T1TL-B, SDA T1TL-C, Transporter-16, and 10 Starlink missions. Following stage separation, the first stage will land on the Of Course I Still Love You droneship, which will be stationed in the Pacific Ocean.

There is the possibility that residents of Santa Barbara, San Luis Obispo, and Ventura counties may hear  one or more sonic booms during the launch, but what residents experience will depend on weather and other conditions.",,2061888593853808846,x.com,False,,,False,True
3831,znfwabojv4o1af3dmqbyspxd,NROL-179 Mission,nrol179,upcoming,commercialSatellite,Falcon 9,"SLC-4E, California",,,Landing Zone,,,,False,False,"SpaceX is targeting Thursday, June 18 for a Falcon 9 launch of the NROL-179 mission from Space Launch Complex 4E (SLC-4E) at Vandenberg Space Force Base in California. The 35-minute launch window opens at 1:54 a.m. PT with a backup opportunity available at 1:40 a.m. PT on Friday, June 19.

A live webcast of the NROL-179 mission will begin about 10 minutes prior to liftoff, which you can watch here and on X @SpaceX.

This will be the third flight for the first stage booster supporting this mission, which previously launched two Starlink missions. Following stage separation, the first stage will land on Landing Zone 4 (LZ-4) at Vandenberg Space Force Base.

There is the possibility that residents of Santa Barbara, San Luis Obispo, and Ventura counties may hear  one or more sonic booms during the launch, but what residents experience will depend on weather and other conditions.",,,,False,,,False,True
3832,n3dyuf2cvrhdkqu8uvyg2b8o,Starlink Mission,sl-17-28,upcoming,starlink,Falcon 9,"SLC-4E, California",,,Droneship,,,,False,False,"SpaceX’s Falcon 9 is targeting the launch of 24 Starlink satellites to low-Earth orbit from Space Launch Complex 4 East (SLC-4E) at Vandenberg Space Force Base in California.

A live webcast of this mission will begin about 10 minutes prior to liftoff, which you can watch here and on X @SpaceX.

This will be the 33rd flight for the first stage booster supporting this mission, which previously launched Sentinel-6 Michael Freilich, DART, Transporter-7, Iridium OneWeb, SDA-0B, NROL-113, NROL-167, NROL-149, NAOS, and 23 Starlink missions. Following stage separation, the first stage will land on the Of Course I Still Love You droneship, which will be stationed in the Pacific Ocean.

There is the possibility that residents of Santa Barbara, San Luis Obispo, and Ventura counties may hear  one or more sonic booms during the launch, but what residents experience will depend on weather and other conditions.",,2064760821948060024,x.com,False,,,False,True
3833,yermjlaiqqt952bjw21ugmn4,Starlink Mission,sl-17-45,upcoming,starlink,Falcon 9,"SLC-4E, California",,,Droneship,,,,False,False,"SpaceX’s Falcon 9 is targeting the launch of 24 Starlink satellites to low-Earth orbit from Space Launch Complex 4 East (SLC-4E) at Vandenberg Space Force Base in California.

A live webcast of this mission will begin about 10 minutes prior to liftoff, which you can watch here and on X @SpaceX.

This will be the 25th flight for the first stage booster supporting this mission, which previously launched Crew-7, CRS-29, PACE, Transporter-10, EarthCARE, NROL-186, Transporter-13, TRACERS, NROL-48, COSMO-SkyMED Second Generation FM3, and 14 Starlink missions. Following stage separation, the first stage will land on the Of Course I Still Love You droneship, which will be stationed in the Pacific Ocean.

There is the possibility that residents of Santa Barbara, San Luis Obispo, and Ventura counties may hear  one or more sonic booms during the launch, but what residents experience will depend on weather and other conditions.",,2064767284351054226,x.com,False,,,False,True
