slug,phase,event_time,description
sl-10-22,pre_launch,00:38:00,SpaceX Launch Director verifies go for propellant load
sl-10-22,pre_launch,00:35:00,RP-1 (rocket grade kerosene) loading begins
sl-10-22,pre_launch,00:35:00,1st stage LOX (liquid oxygen) loading begins
sl-10-22,pre_launch,00:16:00,2nd stage LOX loading begins
sl-10-22,pre_launch,00:07:00,Falcon 9 begins engine chill prior to launch
sl-10-22,pre_launch,00:01:00,Command flight computer to begin final prelaunch checks
sl-10-22,pre_launch,00:01:00,Propellant tank pressurization to flight pressure begins
sl-10-22,pre_launch,00:00:45,SpaceX Launch Director verifies go for launch
sl-10-22,pre_launch,00:00:03,Engine controller commands engine ignition sequence to start
sl-10-22,pre_launch,00:00:00,Falcon 9 liftoff
sl-10-22,post_launch,00:01:12 ,Max Q (Moment of peak mechanical stress on the rocket)
sl-10-22,post_launch,00:02:24 ,1st stage main engine cutoff (MECO)
sl-10-22,post_launch,00:02:28 ,1st and 2nd stages separate
sl-10-22,post_launch,00:02:36	,2nd stage engine starts (SES-1)
sl-10-22,post_launch,00:02:56 ,Fairing separation 
sl-10-22,post_launch,00:06:08 ,1st stage entry burn begins
sl-10-22,post_launch,00:06:35	,1st stage entry burn ends
sl-10-22,post_launch,00:07:57	,1st stage landing burn begins
sl-10-22,post_launch,00:08:21 ,1st stage landing 
sl-10-22,post_launch,00:08:39 ,2nd stage engine cutoff (SECO-1)
sl-10-22,post_launch,00:54:47	,2nd stage engine starts (SES-2)
sl-10-22,post_launch,00:54:48 ,2nd stage engine cutoff (SECO-2)
sl-10-22,post_launch,01:04:09	,Starlink satellites deploy
crew11,pre_launch,3:30 p.m. ET | January 14,Dragon Hatch Closure
crew11,pre_launch,5:05 p.m. ET | January 14,Dragon Autonomously Undocks from the International Space Station
crew11,pre_launch,5:05 p.m. ET | January 14,Departure Burn 0
crew11,pre_launch,5:10 p.m. ET | January 14,Departure Burn 1
crew11,pre_launch,5:58 p.m. ET | January 14,Departure Burn 2
crew11,pre_launch,6:44 p.m. ET | January 14,Departure Burn 3
crew11,pre_launch,11:51 p.m. PT | January 14,Deorbit Burn
crew11,pre_launch,12:05 a.m. PT | January 15,Trunk Jettison
crew11,pre_launch,12:09 a.m. PT | January 15,Nosecone Closed
crew11,pre_launch,12:37 a.m. PT | January 15,Drogue Parachutes Deploy
crew11,pre_launch,12:38 a.m. PT | January 15,Main Parachutes Deploy
crew11,pre_launch,12:41 a.m. PT | January 15,Dragon Splashdown
crew11,post_launch,00:01:12	,Max Q (moment of peak mechanical stress on the rocket)
crew11,post_launch,00:02:24,1st stage main engine cutoff (MECO) 
crew11,post_launch,00:02:27	,1st and 2nd stages separate 
crew11,post_launch,00:02:35	,2nd stage engine starts 
crew11,post_launch,00:02:41	,Boostback Burn Starts
crew11,post_launch,00:03:28	,Boostback Burn Ends
crew11,post_launch,00:06:20	,1st stage entry burn starts
crew11,post_launch,00:06:33	,1st stage entry burn ends
crew11,post_launch,00:07:27	,1st stage landing burn starts
crew11,post_launch,00:07:43	,1st stage landing 
crew11,post_launch,00:08:46	,2nd stage engine cutoff (SECO-1) 
crew11,post_launch,00:09:36	,Dragon separates from 2nd stage
crew11,post_launch,00:10:24	,Dragon nosecone open sequence begins
sl-6-78,pre_launch,00:38:00,SpaceX Launch Director verifies go for propellant load
sl-6-78,pre_launch,00:35:00,RP-1 (rocket grade kerosene) loading begins
sl-6-78,pre_launch,00:35:00,1st stage LOX (liquid oxygen) loading begins
sl-6-78,pre_launch,00:16:00,2nd stage LOX loading begins
sl-6-78,pre_launch,00:07:00,Falcon 9 begins engine chill prior to launch
sl-6-78,pre_launch,00:01:00,Command flight computer to begin final prelaunch checks
sl-6-78,pre_launch,00:01:00,Propellant tank pressurization to flight pressure begins
sl-6-78,pre_launch,00:00:45,SpaceX Launch Director verifies go for launch
sl-6-78,pre_launch,00:00:03,Engine controller commands engine ignition sequence to start
sl-6-78,pre_launch,00:00:00,Falcon 9 liftoff
sl-6-78,post_launch,00:01:12,Max Q (moment of peak mechanical stress on the rocket)
sl-6-78,post_launch,00:02:24,1st stage main engine cutoff (MECO)
sl-6-78,post_launch,00:02:28,1st and 2nd stages separate
sl-6-78,post_launch,00:02:34,2nd stage engine starts (SES-1)
sl-6-78,post_launch,00:02:57,Fairing separation
sl-6-78,post_launch,00:06:07,1st stage entry burn begins
sl-6-78,post_launch,00:06:34,1st stage entry burn ends
sl-6-78,post_launch,00:07:59,1st stage landing burn begins
sl-6-78,post_launch,00:08:23,1st stage landing
sl-6-78,post_launch,00:08:38,2nd stage engine cutoff (SECO-1)
sl-6-78,post_launch,00:53:45,2nd stage engine starts (SES-2)
sl-6-78,post_launch,00:53:46,2nd stage engine cutoff (SECO-2)
sl-6-78,post_launch,01:04:52,Starlink satellites deploy
sl-6-90,pre_launch,00:38:00,SpaceX Launch Director verifies go for propellant load
sl-6-90,pre_launch,00:35:00,RP-1 (rocket grade kerosene) loading begins
sl-6-90,pre_launch,00:35:00,1st stage LOX (liquid oxygen) loading begins
sl-6-90,pre_launch,00:16:00,2nd stage LOX loading begins
sl-6-90,pre_launch,00:07:00,Falcon 9 begins engine chill prior to launch
sl-6-90,pre_launch,00:01:00,Command flight computer to begin final prelaunch checks
sl-6-90,pre_launch,00:01:00,Propellant tank pressurization to flight pressure begins
sl-6-90,pre_launch,00:00:45,SpaceX Launch Director verifies go for launch
sl-6-90,pre_launch,00:00:03,Engine controller commands engine ignition sequence to start
sl-6-90,pre_launch,00:00:00,Falcon 9 liftoff
sl-6-90,post_launch,00:01:12,Max Q (moment of peak mechanical stress on the rocket)
sl-6-90,post_launch,00:02:24,1st stage main engine cutoff (MECO)
sl-6-90,post_launch,00:02:27,1st and 2nd stages separate
sl-6-90,post_launch,00:02:35,2nd stage engine starts (SES-1)
sl-6-90,post_launch,00:02:56,Fairing separation
sl-6-90,post_launch,00:06:07,1st stage entry burn begins
sl-6-90,post_launch,00:06:34,1st stage entry burn ends
sl-6-90,post_launch,00:07:58,1st stage landing burn begins
sl-6-90,post_launch,00:08:22,1st stage landing
sl-6-90,post_launch,00:08:38,2nd stage engine cutoff (SECO-1)
sl-6-90,post_launch,00:53:55,2nd stage engine starts (SES-2)
sl-6-90,post_launch,00:53:57,2nd stage engine cutoff (SECO-2)
sl-6-90,post_launch,01:05:02,Starlink satellites deploy
sl-17-34,pre_launch,00:38:00,SpaceX Launch Director verifies go for propellant load
sl-17-34,pre_launch,00:35:00,RP-1 (rocket grade kerosene) loading begins
sl-17-34,pre_launch,00:35:00,1st stage LOX (liquid oxygen) loading begins
sl-17-34,pre_launch,00:16:00,2nd stage LOX loading begins
sl-17-34,pre_launch,00:07:00,Falcon 9 begins engine chill prior to launch
sl-17-34,pre_launch,00:01:00,Command flight computer to begin final prelaunch checks
sl-17-34,pre_launch,00:01:00,Propellant tank pressurization to flight pressure begins
sl-17-34,pre_launch,00:00:45,SpaceX Launch Director verifies go for launch
sl-17-34,pre_launch,00:00:03,Engine controller commands engine ignition sequence to start
sl-17-34,pre_launch,00:00:00,Falcon 9 liftoff
sl-17-34,post_launch,00:01:12,Max Q (moment of peak mechanical stress on the rocket)
sl-17-34,post_launch,00:02:24,1st stage main engine cutoff (MECO)
sl-17-34,post_launch,00:02:28,1st and 2nd stages separate
sl-17-34,post_launch,00:02:35,2nd stage engine starts (SES-1)
sl-17-34,post_launch,00:02:55,Fairing separation
sl-17-34,post_launch,00:06:07,1st stage entry burn begins
sl-17-34,post_launch,00:06:34,1st stage entry burn ends
sl-17-34,post_launch,00:07:59,1st stage landing burn begins
sl-17-34,post_launch,00:08:22,1st stage landing
sl-17-34,post_launch,00:08:39,2nd stage engine cutoff (SECO-1)
sl-17-34,post_launch,00:54:04,2nd stage engine starts (SES-2)
sl-17-34,post_launch,00:54:05,2nd stage engine cutoff (SECO-2)
sl-17-34,post_launch,01:02:55,Starlink satellites deploy
sl-11-23,pre_launch,00:38:00,SpaceX Launch Director verifies go for propellant load
sl-11-23,pre_launch,00:35:00,RP-1 (rocket grade kerosene) loading begins
sl-11-23,pre_launch,00:35:00,1st stage LOX (liquid oxygen) loading begins
sl-11-23,pre_launch,00:16:00,2nd stage LOX loading begins
sl-11-23,pre_launch,00:07:00,Falcon 9 begins engine chill prior to launch
sl-11-23,pre_launch,00:01:00,Command flight computer to begin final prelaunch checks
sl-11-23,pre_launch,00:01:00,Propellant tank pressurization to flight pressure begins
sl-11-23,pre_launch,00:00:45,SpaceX Launch Director verifies go for launch
sl-11-23,pre_launch,00:00:03,Engine controller commands engine ignition sequence to start
sl-11-23,pre_launch,00:00:00,Falcon 9 liftoff
sl-11-23,post_launch,00:01:12,Max Q (moment of peak mechanical stress on the rocket)
sl-11-23,post_launch,00:02:24,1st stage main engine cutoff (MECO)
sl-11-23,post_launch,00:02:28,1st and 2nd stages separate
sl-11-23,post_launch,00:02:36,2nd stage engine starts (SES-1)
sl-11-23,post_launch,00:02:56,Fairing separation
sl-11-23,post_launch,00:06:12,1st stage entry burn begins
sl-11-23,post_launch,00:06:38,1st stage entry burn ends
sl-11-23,post_launch,00:08:00,1st stage landing burn begins
sl-11-23,post_launch,00:08:24,1st stage landing
sl-11-23,post_launch,00:08:39,2nd stage engine cutoff (SECO-1)
sl-11-23,post_launch,00:53:24,2nd stage engine starts (SES-2)
sl-11-23,post_launch,00:53:25,2nd stage engine cutoff (SECO-2)
sl-11-23,post_launch,01:00:16,Starlink satellites deploy
sl-17-24,pre_launch,00:38:00,SpaceX Launch Director verifies go for propellant load
sl-17-24,pre_launch,00:35:00,RP-1 (rocket grade kerosene) loading begins
sl-17-24,pre_launch,00:35:00,1st stage LOX (liquid oxygen) loading begins
sl-17-24,pre_launch,00:16:00,2nd stage LOX loading begins
sl-17-24,pre_launch,00:07:00,Falcon 9 begins engine chill prior to launch
sl-17-24,pre_launch,00:01:00,Command flight computer to begin final prelaunch checks
sl-17-24,pre_launch,00:01:00,Propellant tank pressurization to flight pressure begins
sl-17-24,pre_launch,00:00:45,SpaceX Launch Director verifies go for launch
sl-17-24,pre_launch,00:00:03,Engine controller commands engine ignition sequence to start
sl-17-24,pre_launch,00:00:00,Falcon 9 liftoff
sl-17-24,post_launch,00:01:12,Max Q (moment of peak mechanical stress on the rocket)
sl-17-24,post_launch,00:02:26,1st stage main engine cutoff (MECO)
sl-17-24,post_launch,00:02:30,1st and 2nd stages separate
sl-17-24,post_launch,00:02:37,2nd stage engine starts (SES-1)
sl-17-24,post_launch,00:02:59,Fairing separation
sl-17-24,post_launch,00:05:59,1st stage entry burn begins
sl-17-24,post_launch,00:06:19,1st stage entry burn ends
sl-17-24,post_launch,00:07:51,1st stage landing burn begins
sl-17-24,post_launch,00:08:13,1st stage landing
sl-17-24,post_launch,00:08:40,2nd stage engine cutoff (SECO-1)
sl-17-24,post_launch,00:52:57,2nd stage engine starts (SES-2)
sl-17-24,post_launch,00:52:58,2nd stage engine cutoff (SECO-2)
sl-17-24,post_launch,01:01:48 ,Starlink satellites deploy
sl-6-79,pre_launch,00:38:00,SpaceX Launch Director verifies go for propellant load
sl-6-79,pre_launch,00:35:00,RP-1 (rocket grade kerosene) loading begins
sl-6-79,pre_launch,00:35:00,1st stage LOX (liquid oxygen) loading begins
sl-6-79,pre_launch,00:16:00,2nd stage LOX loading begins
sl-6-79,pre_launch,00:07:00,Falcon 9 begins engine chill prior to launch
sl-6-79,pre_launch,00:01:00,Command flight computer to begin final prelaunch checks
sl-6-79,pre_launch,00:01:00,Propellant tank pressurization to flight pressure begins
sl-6-79,pre_launch,00:00:45,SpaceX Launch Director verifies go for launch
sl-6-79,pre_launch,00:00:03,Engine controller commands engine ignition sequence to start
sl-6-79,pre_launch,00:00:00,Falcon 9 liftoff
sl-6-79,post_launch,00:01:12,Max Q (moment of peak mechanical stress on the rocket)
sl-6-79,post_launch,00:02:24,1st stage main engine cutoff (MECO)
sl-6-79,post_launch,00:02:28,1st and 2nd stages separate
sl-6-79,post_launch,00:02:36,2nd stage engine starts (SES-1)
sl-6-79,post_launch,00:02:56,Fairing separation
sl-6-79,post_launch,00:06:09,1st stage entry burn begins
sl-6-79,post_launch,00:06:36,1st stage entry burn ends
sl-6-79,post_launch,00:07:59,1st stage landing burn begins
sl-6-79,post_launch,00:08:24,1st stage landing
sl-6-79,post_launch,00:08:39,2nd stage engine cutoff (SECO-1)
sl-6-79,post_launch,00:53:53,2nd stage engine starts (SES-2)
sl-6-79,post_launch,00:53:54,2nd stage engine cutoff (SECO-2)
sl-6-79,post_launch,01:05:00,Starlink satellites deploy
sl-10-46,pre_launch,00:38:00,SpaceX Launch Director verifies go for propellant load
sl-10-46,pre_launch,00:35:00,RP-1 (rocket grade kerosene) loading begins
sl-10-46,pre_launch,00:35:00,1st stage LOX (liquid oxygen) loading begins
sl-10-46,pre_launch,00:16:00,2nd stage LOX loading begins
sl-10-46,pre_launch,00:07:00,Falcon 9 begins engine chill prior to launch
sl-10-46,pre_launch,00:01:00,Command flight computer to begin final prelaunch checks
sl-10-46,pre_launch,00:01:00,Propellant tank pressurization to flight pressure begins
sl-10-46,pre_launch,00:00:45,SpaceX Launch Director verifies go for launch
sl-10-46,pre_launch,00:00:03,Engine controller commands engine ignition sequence to start
sl-10-46,pre_launch,00:00:00,Falcon 9 liftoff
sl-10-46,post_launch,00:01:12,Max Q (moment of peak mechanical stress on the rocket)
sl-10-46,post_launch,00:02:24,1st stage main engine cutoff (MECO)
sl-10-46,post_launch,00:02:28,1st and 2nd stages separate
sl-10-46,post_launch,00:02:34,2nd stage engine starts (SES-1)
sl-10-46,post_launch,00:02:56,Fairing separation
sl-10-46,post_launch,00:06:08,1st stage entry burn begins
sl-10-46,post_launch,00:06:34,1st stage entry burn ends
sl-10-46,post_launch,00:07:55,1st stage landing burn begins
sl-10-46,post_launch,00:08:20,1st stage landing
sl-10-46,post_launch,00:08:39,2nd stage engine cutoff (SECO-1)
sl-10-46,post_launch,00:54:41,2nd stage engine starts (SES-2)
sl-10-46,post_launch,00:54:43,2nd stage engine cutoff (SECO-2)
sl-10-46,post_launch,01:04:03,Starlink satellites deploy
ussf36,pre_launch,00:38:00,SpaceX Launch Director verifies go for propellant load
ussf36,pre_launch,00:35:00,RP-1 (rocket grade kerosene) loading begins
ussf36,pre_launch,00:35:00,1st stage LOX (liquid oxygen) loading begins
ussf36,pre_launch,00:16:00,2nd stage LOX loading begins
ussf36,pre_launch,00:07:00,Falcon 9 begins engine chill prior to launch
ussf36,pre_launch,00:01:00,Command flight computer to begin final prelaunch checks
ussf36,pre_launch,00:01:00,Propellant tank pressurization to flight pressure begins
ussf36,pre_launch,00:00:45,SpaceX Launch Director verifies go for launch
ussf36,pre_launch,00:00:03,Engine controller commands engine ignition sequence to start
ussf36,pre_launch,00:00:00,Falcon 9 liftoff
ussf36,post_launch,00:01:12,Max Q (moment of peak mechanical stress on the rocket)
ussf36,post_launch,00:02:14,1st stage main engine cutoff (MECO) 
ussf36,post_launch,00:02:18,1st and 2nd stages separate 
ussf36,post_launch,00:02:25,2nd stage engine starts (SES-1)
ussf36,post_launch,00:02:31,Boostback burn starts
ussf36,post_launch,00:02:46,Fairing separation
ussf36,post_launch,00:03:16,Boostback burn ends
ussf36,post_launch,00:06:53,1st stage entry burn starts
ussf36,post_launch,00:07:18,1st stage entry burn ends
ussf36,post_launch,00:08:06,1st stage landing burn starts
ussf36,post_launch,00:08:34,1st stage landing
starship-flight-11,pre_launch,01:15:00,SpaceX Flight Director conducts poll and verifies GO for propellant load
starship-flight-11,pre_launch,00:53:00,Ship fuel (liquid methane) load underway
starship-flight-11,pre_launch,00:46:10,Ship LOX (liquid oxygen) load underway
starship-flight-11,pre_launch,00:41:15,Booster fuel load underway
starship-flight-11,pre_launch,00:35:52,Booster LOX load underway
starship-flight-11,pre_launch,00:19:40,Raptor begins engine chill on booster and ship
starship-flight-11,pre_launch,00:03:20,Ship propellant load complete
starship-flight-11,pre_launch,00:02:50,Booster propellant load complete
starship-flight-11,pre_launch,00:00:30,SpaceX flight director verifies GO for launch
starship-flight-11,pre_launch,00:00:10,Flame deflector activation
starship-flight-11,pre_launch,00:00:03,Raptor ignition sequence begins
starship-flight-11,pre_launch,00:00:00,Excitement guaranteed
starship-flight-11,post_launch,00:00:02,Liftoff
starship-flight-11,post_launch,00:01:02,Max Q (moment of peak aerodynamic stress on the rocket)
starship-flight-11,post_launch,00:02:37,Super Heavy MECO (most engines cut off)
starship-flight-11,post_launch,00:02:39,Hot-staging (Starship Raptor ignition and stage separation)
starship-flight-11,post_launch,00:02:49,Super Heavy boostback burn start
starship-flight-11,post_launch,00:03:38,Super Heavy boostback burn shutdown
starship-flight-11,post_launch,00:03:40,Hot-stage jettison
starship-flight-11,post_launch,00:06:20,Super Heavy landing burn start
starship-flight-11,post_launch,00:06:36,Super Heavy landing burn shutdown 
starship-flight-11,post_launch,00:08:58,Starship engine cutoff
starship-flight-11,post_launch,00:18:28,Payload deploy demo start
starship-flight-11,post_launch,00:25:33,Payload deploy demo complete
starship-flight-11,post_launch,00:37:49,Raptor in-space relight demo
starship-flight-11,post_launch,00:47:43,Starship entry
starship-flight-11,post_launch,01:03:30,Starship is transonic
starship-flight-11,post_launch,01:03:52,Starship is subsonic
starship-flight-11,post_launch,01:05:58,Landing burn start
starship-flight-11,post_launch,01:06:00,Landing flip
starship-flight-11,post_launch,01:06:09,Landing burn 3 to 2 engines
starship-flight-11,post_launch,01:06:25,An exciting landing!
sl-17-3,pre_launch,00:38:00,SpaceX Launch Director verifies go for propellant load
sl-17-3,pre_launch,00:35:00,RP-1 (rocket grade kerosene) loading begins
sl-17-3,pre_launch,00:35:00,1st stage LOX (liquid oxygen) loading begins
sl-17-3,pre_launch,00:16:00,2nd stage LOX loading begins
sl-17-3,pre_launch,00:07:00,Falcon 9 begins engine chill prior to launch
sl-17-3,pre_launch,00:01:00,Command flight computer to begin final prelaunch checks
sl-17-3,pre_launch,00:01:00,Propellant tank pressurization to flight pressure begins
sl-17-3,pre_launch,00:00:45,SpaceX Launch Director verifies go for launch
sl-17-3,pre_launch,00:00:03,Engine controller commands engine ignition sequence to start
sl-17-3,pre_launch,00:00:00,Falcon 9 liftoff
sl-17-3,post_launch,00:01:12,Max Q (Moment of peak mechanical stress on the rocket)
sl-17-3,post_launch,00:02:25 ,1st stage main engine cutoff (MECO)
sl-17-3,post_launch,00:02:29 ,1st and 2nd stages separate
sl-17-3,post_launch,00:02:36 ,2nd stage engine starts (SES-1)
sl-17-3,post_launch,00:02:55 ,Fairing separation 
sl-17-3,post_launch,00:06:06 ,1st stage entry burn begins
sl-17-3,post_launch,00:06:29 ,1st stage entry burn ends
sl-17-3,post_launch,00:07:57 ,1st stage landing burn begins
sl-17-3,post_launch,00:08:21 ,1st stage landing 
sl-17-3,post_launch,00:08:39 ,2nd stage engine cutoff (SECO-1)
sl-17-3,post_launch,00:53:43,2nd stage engine starts (SES-2)
sl-17-3,post_launch,00:53:45 ,2nd stage engine cutoff (SECO-2)
sl-17-3,post_launch,01:02:35,Starlink satellites deploy
sda-t1tl-c,post_launch,00:01:12,Max Q (moment of peak mechanical stress on the rocket)
sda-t1tl-c,post_launch,00:02:29,1st stage main engine cutoff (MECO)
sda-t1tl-c,post_launch,00:02:33,1st and 2nd stages separate
sda-t1tl-c,post_launch,00:02:40,2nd stage engine starts (SES-1)
sda-t1tl-c,post_launch,00:03:16,Fairing deployment
sda-t1tl-c,post_launch,00:06:33,1st stage entry burn begins
sda-t1tl-c,post_launch,00:06:58,1st stage entry burn ends
sda-t1tl-c,post_launch,00:08:17,1st stage landing burn begins
sda-t1tl-c,post_launch,00:08:33,2nd stage engine cutoff (SECO-1)
sda-t1tl-c,post_launch,00:08:41,1st stage landing
sl-17-6,pre_launch,00:38:00,SpaceX Launch Director verifies go for propellant load
sl-17-6,pre_launch,00:35:00,RP-1 (rocket grade kerosene) loading begins
sl-17-6,pre_launch,00:35:00,1st stage LOX (liquid oxygen) loading begins
sl-17-6,pre_launch,00:16:00,2nd stage LOX loading begins
sl-17-6,pre_launch,00:07:00,Falcon 9 begins engine chill prior to launch
sl-17-6,pre_launch,00:01:00,Command flight computer to begin final prelaunch checks
sl-17-6,pre_launch,00:01:00,Propellant tank pressurization to flight pressure begins
sl-17-6,pre_launch,00:00:45,SpaceX Launch Director verifies go for launch
sl-17-6,pre_launch,00:00:03,Engine controller commands engine ignition sequence to start
sl-17-6,pre_launch,00:00:00,Falcon 9 liftoff
sl-17-6,post_launch,00:01:12,Max Q (Moment of peak mechanical stress on the rocket)
sl-17-6,post_launch,00:02:26,1st stage main engine cutoff (MECO)
sl-17-6,post_launch,00:02:29,1st and 2nd stages separate
sl-17-6,post_launch,00:02:36,2nd stage engine starts (SES-1)
sl-17-6,post_launch,00:02:55,Fairing separation 
sl-17-6,post_launch,00:06:07,1st stage entry burn begins
sl-17-6,post_launch,00:06:29,1st stage entry burn ends
sl-17-6,post_launch,00:07:57,1st stage landing burn begins
sl-17-6,post_launch,00:08:20,1st stage landing
sl-17-6,post_launch,00:08:39,2nd stage engine cutoff (SECO-1)
sl-17-6,post_launch,00:53:44,2nd stage engine starts (SES-2)
sl-17-6,post_launch,00:53:45,2nd stage engine cutoff (SECO-2)
sl-17-6,post_launch,01:02:36,Starlink satellites deploy
nrol105,pre_launch,00:38:00,SpaceX Launch Director verifies go for propellant load
nrol105,pre_launch,00:35:00,RP-1 (rocket grade kerosene) loading begins
nrol105,pre_launch,00:35:00,1st stage LOX (liquid oxygen) loading begins
nrol105,pre_launch,00:16:00,2nd stage LOX loading begins
nrol105,pre_launch,00:07:00,Falcon 9 begins engine chill prior to launch
nrol105,pre_launch,00:01:00,Command flight computer to begin final prelaunch checks
nrol105,pre_launch,00:01:00,Propellant tank pressurization to flight pressure begins
nrol105,pre_launch,00:00:45,SpaceX Launch Director verifies go for launch
nrol105,pre_launch,00:00:03,Engine controller commands engine ignition sequence to start
nrol105,pre_launch,00:00:00,Falcon 9 liftoff
nrol105,post_launch,00:01:12,Max Q (moment of peak mechanical stress on the rocket)
nrol105,post_launch,00:02:11,1st stage main engine cutoff (MECO)
nrol105,post_launch,00:02:14,1st and 2nd stages separate
nrol105,post_launch,00:02:22,2nd stage engine starts (SES-1)
nrol105,post_launch,00:02:27,Boostback burn starts
nrol105,post_launch,00:02:56,Fairing separation
nrol105,post_launch,00:03:21,Boostback burn ends
nrol105,post_launch,00:06:00,1st stage entry burn begins
nrol105,post_launch,00:06:16,1st stage entry burn ends
nrol105,post_launch,00:07:14,1st stage landing burn begins
nrol105,post_launch,00:07:40,1st stage lands on Landing Zone 4
sl-15-12,pre_launch,00:38:00,SpaceX Launch Director verifies go for propellant load
sl-15-12,pre_launch,00:35:00,RP-1 (rocket grade kerosene) loading begins
sl-15-12,pre_launch,00:35:00,1st stage LOX (liquid oxygen) loading begins
sl-15-12,pre_launch,00:16:00,2nd stage LOX loading begins
sl-15-12,pre_launch,00:07:00,Falcon 9 begins engine chill prior to launch
sl-15-12,pre_launch,00:01:00,Command flight computer to begin final prelaunch checks
sl-15-12,pre_launch,00:01:00,Propellant tank pressurization to flight pressure begins
sl-15-12,pre_launch,00:00:45,SpaceX Launch Director verifies go for launch
sl-15-12,pre_launch,00:00:03,Engine controller commands engine ignition sequence to start
sl-15-12,pre_launch,00:00:00,Falcon 9 liftoff
sl-15-12,post_launch,00:01:12,"Max Q (moment of peak mechanical stress on the rocket)
"
sl-15-12,post_launch,00:02:25,"1st stage main engine cutoff (MECO)
"
sl-15-12,post_launch,00:02:28,"1st and 2nd stages separate
"
sl-15-12,post_launch,00:02:35,"2nd stage engine starts (SES-1)
"
sl-15-12,post_launch,00:02:55,"Fairing separation
"
sl-15-12,post_launch,00:06:06,"1st stage entry burn begins
"
sl-15-12,post_launch,00:06:29,"1st stage entry burn ends
"
sl-15-12,post_launch,00:07:58,"1st stage landing burn begins
"
sl-15-12,post_launch,00:08:21,"1st stage landing
"
sl-15-12,post_launch,00:08:38,"2nd stage engine cutoff (SECO-1)
"
sl-15-12,post_launch,00:52:41,"2nd stage engine starts (SES-2)
"
sl-15-12,post_launch,00:52:42,"2nd stage engine cutoff (SECO-2)
"
sl-15-12,post_launch,01:01:32,"Starlink satellites deploy

"
bandwagon-4,pre_launch,00:38:00,SpaceX Launch Director verifies go for propellant load
bandwagon-4,pre_launch,00:35:00,RP-1 (rocket grade kerosene) loading begins
bandwagon-4,pre_launch,00:35:00,1st stage LOX (liquid oxygen) loading begins
bandwagon-4,pre_launch,00:16:00,2nd stage LOX loading begins
bandwagon-4,pre_launch,00:07:00,Falcon 9 begins engine chill prior to launch
bandwagon-4,pre_launch,00:01:00,Command flight computer to begin final prelaunch checks
bandwagon-4,pre_launch,00:01:00,Propellant tank pressurization to flight pressure begins
bandwagon-4,pre_launch,00:00:45,SpaceX Launch Director verifies go for launch
bandwagon-4,pre_launch,00:00:03,Engine controller commands engine ignition sequence to start
bandwagon-4,pre_launch,00:00:00,Falcon 9 liftoff
bandwagon-4,post_launch,00:01:12,Max Q (moment of peak mechanical stress on the rocket)
bandwagon-4,post_launch,00:02:14,1st stage main engine cutoff (MECO)
bandwagon-4,post_launch,00:02:18,1st and 2nd stages separate
bandwagon-4,post_launch,00:02:22,Stage 1 flip
bandwagon-4,post_launch,00:02:26,2nd stage engine starts (SES-1)
bandwagon-4,post_launch,00:02:31,Boostback burn starts
bandwagon-4,post_launch,00:02:41,Fairing separation
bandwagon-4,post_launch,00:03:13,Boostback burn ends
bandwagon-4,post_launch,00:06:09,1st stage entry burn begins
bandwagon-4,post_launch,00:06:31,1st stage entry burn ends
bandwagon-4,post_launch,00:07:18,1st stage landing burn begins
bandwagon-4,post_launch,00:07:46,1st stage landing
bandwagon-4,post_launch,00:09:38,2nd stage engine cutoff (SECO-1)
bandwagon-4,post_launch,00:12:14,"425 Korea deploys, manifested by Agency for Defense Development (ADD)"
bandwagon-4,post_launch,00:37:51,2nd stage engine starts (SES-2)
bandwagon-4,post_launch,00:37:52,2nd stage engine cutoff (SECO-2)
bandwagon-4,post_launch,00:59:30,2nd stage engine starts (SES-3)
bandwagon-4,post_launch,00:59:31,2nd stage engine cutoff (SECO-3)
bandwagon-4,post_launch,01:09:02,"TAURUS 1-4 deploy, manifested by Exolaunch"
bandwagon-4,post_launch,01:09:15,"SEMI-2 deploys, manifested by Exolaunch"
bandwagon-4,post_launch,01:09:27,"SEMI-3 deploys, manifested by Exolaunch"
bandwagon-4,post_launch,01:09:30	,"CEVROSAT-1 deploys, manifested by Exolaunch"
bandwagon-4,post_launch,01:10:13,"LEMUR-2-AFFIE-WAUWIE deploys, manifested by Exolaunch"
bandwagon-4,post_launch,01:10:16,"Haven demo deploys, manifested by Vast"
bandwagon-4,post_launch,01:10:40,"Tomorrow-S8 deploys, manifested by Tomorrow Companies Inc."
bandwagon-4,post_launch,01:10:59,"SEMI-1 deploys, manifested by Exolaunch"
bandwagon-4,post_launch,01:11:15,"ICEYE 2 deploys, manifested by Exolaunch"
bandwagon-4,post_launch,01:11:37,"Tomorrow-S9 deploys, manifested by Tomorrow Companies Inc."
bandwagon-4,post_launch,01:12:20,"ICEYE 1 deploys, manifested by Exolaunch"
bandwagon-4,post_launch,01:12:33,"FGN-100-d2 deploys, manifested by Fergani"
bandwagon-4,post_launch,01:13:38	,"Starcloud-1 deploys, manifested by Starcloud"
bandwagon-4,post_launch,01:13:43,"ICEYE 3 deploys, manifested by Exolaunch"
sl-11-30,pre_launch,00:38:00,SpaceX Launch Director verifies go for propellant load
sl-11-30,pre_launch,00:35:00,RP-1 (rocket grade kerosene) loading begins
sl-11-30,pre_launch,00:35:00,1st stage LOX (liquid oxygen) loading begins
sl-11-30,pre_launch,00:16:00,2nd stage LOX loading begins
sl-11-30,pre_launch,00:07:00,Falcon 9 begins engine chill prior to launch
sl-11-30,pre_launch,00:01:00,Command flight computer to begin final prelaunch checks
sl-11-30,pre_launch,00:01:00,Propellant tank pressurization to flight pressure begins
sl-11-30,pre_launch,00:00:45,SpaceX Launch Director verifies go for launch
sl-11-30,pre_launch,00:00:03,Engine controller commands engine ignition sequence to start
sl-11-30,pre_launch,00:00:00,Falcon 9 liftoff
sl-11-30,post_launch,00:01:12,Max Q (moment of peak mechanical stress on the rocket)
sl-11-30,post_launch,00:02:24,1st stage main engine cutoff (MECO)
sl-11-30,post_launch,00:02:28,1st and 2nd stages separate
sl-11-30,post_launch,00:02:35,2nd stage engine starts (SES-1)
sl-11-30,post_launch,00:02:55,Fairing separation
sl-11-30,post_launch,00:06:13,1st stage entry burn begins
sl-11-30,post_launch,00:06:39,1st stage entry burn ends
sl-11-30,post_launch,00:08:02,1st stage landing burn begins
sl-11-30,post_launch,00:08:24,1st stage landing
sl-11-30,post_launch,00:08:39,2nd stage engine cutoff (SECO-1)
sl-11-30,post_launch,00:53:27,2nd stage engine starts (SES-2)
sl-11-30,post_launch,00:53:28,2nd stage engine cutoff (SECO-2)
sl-11-30,post_launch,01:00:19,Starlink satellites deploy
kf-03,pre_launch,00:38:00,SpaceX Launch Director verifies go for propellant load
kf-03,pre_launch,00:35:00,RP-1 (rocket grade kerosene) loading begins
kf-03,pre_launch,00:35:00,1st stage LOX (liquid oxygen) loading begins
kf-03,pre_launch,00:16:00,2nd stage LOX loading begins
kf-03,pre_launch,00:07:00,Falcon 9 begins engine chill prior to launch
kf-03,pre_launch,00:01:00,Command flight computer to begin final prelaunch checks
kf-03,pre_launch,00:01:00,Propellant tank pressurization to flight pressure begins
kf-03,pre_launch,00:00:45,SpaceX Launch Director verifies go for launch
kf-03,pre_launch,00:00:03,Engine controller commands engine ignition sequence to start
kf-03,pre_launch,00:00:00,Falcon 9 liftoff
kf-03,post_launch,00:01:12,Max Q (moment of peak mechanical stress on the rocket)
kf-03,post_launch,00:02:25,1st stage main engine cutoff (MECO)
kf-03,post_launch,00:02:28,1st and 2nd stages separate
kf-03,post_launch,00:02:36,2nd stage engine starts (SES-1)
kf-03,post_launch,00:03:25,Fairing separation 
kf-03,post_launch,00:06:09,1st stage entry burn begins
kf-03,post_launch,00:06:35,1st stage entry burn ends
kf-03,post_launch,00:07:48,1st stage landing burn begins
kf-03,post_launch,00:08:18,1st stage landing
kf-03,post_launch,00:08:30,2nd stage engine cutoff (SECO-1)
kf-03,post_launch,00:52:50,2nd stage engine starts (SES-2)
kf-03,post_launch,00:52:53,2nd stage engine cutoff (SECO-2)
kf-03,post_launch,00:56:25,Kuiper satellite deployment sequence begins
kf-03,post_launch,01:04:06,Kuiper satellite deployment sequence ends
sl-10-15,pre_launch,00:38:00,SpaceX Launch Director verifies go for propellant load
sl-10-15,pre_launch,00:35:00,RP-1 (rocket grade kerosene) loading begins
sl-10-15,pre_launch,00:35:00,1st stage LOX (liquid oxygen) loading begins
sl-10-15,pre_launch,00:16:00,2nd stage LOX loading begins
sl-10-15,pre_launch,00:07:00,Falcon 9 begins engine chill prior to launch
sl-10-15,pre_launch,00:01:00,Command flight computer to begin final prelaunch checks
sl-10-15,pre_launch,00:01:00,Propellant tank pressurization to flight pressure begins
sl-10-15,pre_launch,00:00:45,SpaceX Launch Director verifies go for launch
sl-10-15,pre_launch,00:00:03,Engine controller commands engine ignition sequence to start
sl-10-15,pre_launch,00:00:00,Falcon 9 liftoff
sl-10-15,post_launch,00:01:12 ,Max Q (Moment of peak mechanical stress on the rocket)
sl-10-15,post_launch,00:02:24 ,1st stage main engine cutoff (MECO)
sl-10-15,post_launch,00:02:28 ,1st and 2nd stages separate
sl-10-15,post_launch,00:02:36,2nd stage engine starts (SES-1)
sl-10-15,post_launch,00:02:56 ,Fairing separation 
sl-10-15,post_launch,00:06:11 ,1st stage entry burn begins
sl-10-15,post_launch,00:06:37	,1st stage entry burn ends
sl-10-15,post_launch,00:08:00,1st stage landing burn begins
sl-10-15,post_launch,00:08:24 ,1st stage landing 
sl-10-15,post_launch,00:08:39 ,2nd stage engine cutoff (SECO-1)
sl-10-15,post_launch,00:54:56	,2nd stage engine starts (SES-2)
sl-10-15,post_launch,00:54:57 ,2nd stage engine cutoff (SECO-2)
sl-10-15,post_launch,01:04:18,Starlink satellites deploy
sl-10-33,pre_launch,00:38:00,SpaceX Launch Director verifies go for propellant load
sl-10-33,pre_launch,00:35:00,RP-1 (rocket grade kerosene) loading begins
sl-10-33,pre_launch,00:35:00,1st stage LOX (liquid oxygen) loading begins
sl-10-33,pre_launch,00:16:00,2nd stage LOX loading begins
sl-10-33,pre_launch,00:07:00,Falcon 9 begins engine chill prior to launch
sl-10-33,pre_launch,00:01:00,Command flight computer to begin final prelaunch checks
sl-10-33,pre_launch,00:01:00,Propellant tank pressurization to flight pressure begins
sl-10-33,pre_launch,00:00:45,SpaceX Launch Director verifies go for launch
sl-10-33,pre_launch,00:00:03,Engine controller commands engine ignition sequence to start
sl-10-33,pre_launch,00:00:00,Falcon 9 liftoff
sl-10-33,post_launch,00:01:12,Max Q (moment of peak mechanical stress on the rocket)
sl-10-33,post_launch,00:02:25,1st stage main engine cutoff (MECO)
sl-10-33,post_launch,00:02:29,1st and 2nd stages separate
sl-10-33,post_launch,00:02:36,2nd stage engine starts (SES-1)
sl-10-33,post_launch,00:02:58,Fairing separation 
sl-10-33,post_launch,00:06:01,1st stage entry burn begins
sl-10-33,post_launch,00:06:23,1st stage entry burn ends
sl-10-33,post_launch,00:07:58,1st stage landing burn begins
sl-10-33,post_launch,00:08:20,1st stage landing
sl-10-33,post_launch,00:08:39,2nd stage engine cutoff (SECO-1)
sl-10-33,post_launch,00:52:10,2nd stage engine starts (SES-2)
sl-10-33,post_launch,00:52:11,2nd stage engine cutoff (SECO-2)
sl-10-33,post_launch,01:01:31 ,Starlink satellites deploy
sl-6-100,pre_launch,00:38:00,SpaceX Launch Director verifies go for propellant load
sl-6-100,pre_launch,00:35:00,RP-1 (rocket grade kerosene) loading begins
sl-6-100,pre_launch,00:35:00,1st stage LOX (liquid oxygen) loading begins
sl-6-100,pre_launch,00:16:00,2nd stage LOX loading begins
sl-6-100,pre_launch,00:07:00,Falcon 9 begins engine chill prior to launch
sl-6-100,pre_launch,00:01:00,Command flight computer to begin final prelaunch checks
sl-6-100,pre_launch,00:01:00,Propellant tank pressurization to flight pressure begins
sl-6-100,pre_launch,00:00:45,SpaceX Launch Director verifies go for launch
sl-6-100,pre_launch,00:00:03,Engine controller commands engine ignition sequence to start
sl-6-100,pre_launch,00:00:00,Falcon 9 liftoff
sl-6-100,post_launch,00:01:12,Max Q (moment of peak mechanical stress on the rocket)
sl-6-100,post_launch,00:02:24,1st stage main engine cutoff (MECO)
sl-6-100,post_launch,00:02:28,1st and 2nd stages separate
sl-6-100,post_launch,00:02:36,2nd stage engine starts (SES-1)
sl-6-100,post_launch,00:02:57,Fairing separation
sl-6-100,post_launch,00:06:08,1st stage entry burn begins
sl-6-100,post_launch,00:06:34,1st stage entry burn ends
sl-6-100,post_launch,00:07:55,1st stage landing burn begins
sl-6-100,post_launch,00:08:20,1st stage landing
sl-6-100,post_launch,00:08:40,2nd stage engine cutoff (SECO-1)
sl-6-100,post_launch,00:53:52,2nd stage engine starts (SES-2)
sl-6-100,post_launch,00:53:54,2nd stage engine cutoff (SECO-2)
sl-6-100,post_launch,01:04:59 ,Starlink satellites deploy
sl-6-82,pre_launch,00:38:00,SpaceX Launch Director verifies go for propellant load
sl-6-82,pre_launch,00:35:00,RP-1 (rocket grade kerosene) loading begins
sl-6-82,pre_launch,00:35:00,1st stage LOX (liquid oxygen) loading begins
sl-6-82,pre_launch,00:16:00,2nd stage LOX loading begins
sl-6-82,pre_launch,00:07:00,Falcon 9 begins engine chill prior to launch
sl-6-82,pre_launch,00:01:00,Command flight computer to begin final prelaunch checks
sl-6-82,pre_launch,00:01:00,Propellant tank pressurization to flight pressure begins
sl-6-82,pre_launch,00:00:45,SpaceX Launch Director verifies go for launch
sl-6-82,pre_launch,00:00:03,Engine controller commands engine ignition sequence to start
sl-6-82,pre_launch,00:00:00,Falcon 9 liftoff
sl-6-82,post_launch,00:01:12,Max Q (moment of peak mechanical stress on the rocket)
sl-6-82,post_launch,00:02:24,1st stage main engine cutoff (MECO)
sl-6-82,post_launch,00:02:28,1st and 2nd stages separate
sl-6-82,post_launch,00:02:36,2nd stage engine starts (SES-1)
sl-6-82,post_launch,00:02:57,Fairing separation
sl-6-82,post_launch,00:06:06,1st stage entry burn begins
sl-6-82,post_launch,00:06:31,1st stage entry burn ends
sl-6-82,post_launch,00:07:52,1st stage landing burn begins
sl-6-82,post_launch,00:08:17,1st stage landing
sl-6-82,post_launch,00:08:39,2nd stage engine cutoff (SECO-1)
sl-6-82,post_launch,00:53:46,2nd stage engine starts (SES-2)
sl-6-82,post_launch,00:53:47,2nd stage engine cutoff (SECO-2)
sl-6-82,post_launch,01:04:53	,Starlink satellites deploy
imap,pre_launch,00:38:00,SpaceX Launch Director verifies go for propellant load
imap,pre_launch,00:35:00,RP-1 (rocket grade kerosene) loading begins
imap,pre_launch,00:35:00,1st stage LOX (liquid oxygen) loading begins
imap,pre_launch,00:16:00,2nd stage LOX loading begins
imap,pre_launch,00:07:00,Falcon 9 begins engine chill prior to launch
imap,pre_launch,00:01:00,Command flight computer to begin final prelaunch checks
imap,pre_launch,00:01:00,Propellant tank pressurization to flight pressure begins
imap,pre_launch,00:00:45,SpaceX Launch Director verifies go for launch
imap,pre_launch,00:00:03,Engine controller commands engine ignition sequence to start
imap,pre_launch,00:00:00,Falcon 9 liftoff
imap,post_launch,00:01:12,Max Q (moment of peak mechanical stress on the rocket)
imap,post_launch,00:02:29,1st stage main engine cutoff (MECO)
imap,post_launch,00:02:32,1st and 2nd stages separate
imap,post_launch,00:02:40,2nd stage engine starts 
imap,post_launch,00:03:12,Fairing separation 
imap,post_launch,00:06:37,1st stage entry burn start
imap,post_launch,00:07:07,1st stage entry burn ends
imap,post_launch,00:07:52,2nd stage engine cutoff (SECO-1)
imap,post_launch,00:08:20,1st stage landing burn start
imap,post_launch,00:08:45,1st stage landing 
imap,post_launch,01:12:28,2nd stage engine starts (SES-2)
imap,post_launch,01:13:30	,2nd stage engine cutoff (SECO-2)
imap,post_launch,01:23:51,IMAP deploys
imap,post_launch,01:30:26,Space Weather Follow On-Lagrange 1 deploys
imap,post_launch,01:36:46,Carruthers Geocorona Observatory deploys
tracers,pre_launch,00:38:00,SpaceX Launch Director verifies go for propellant load
tracers,pre_launch,00:35:00,RP-1 (rocket grade kerosene) loading begins
tracers,pre_launch,00:35:00,1st stage LOX (liquid oxygen) loading begins
tracers,pre_launch,00:16:00,2nd stage LOX loading begins
tracers,pre_launch,00:07:00,Falcon 9 begins engine chill prior to launch
tracers,pre_launch,00:01:00,Command flight computer to begin final prelaunch checks
tracers,pre_launch,00:01:00,Propellant tank pressurization to flight pressure begins
tracers,pre_launch,00:00:45,SpaceX Launch Director verifies go for launch
tracers,pre_launch,00:00:03,Engine controller commands engine ignition sequence to start
tracers,pre_launch,00:00:00,Falcon 9 liftoff
tracers,post_launch,00:01:12,Max Q (Moment of peak mechanical stress on the rocket)
tracers,post_launch,00:02:13,1st stage main engine cutoff (MECO)
tracers,post_launch,00:02:17 ,1st and 2nd stages separate
tracers,post_launch,00:02:21	,Stage 1 flip
tracers,post_launch,00:02:24	,2nd stage engine starts (SES-1)
tracers,post_launch,00:02:30,Boostback burn starts
tracers,post_launch,00:02:56	,Fairing separation
tracers,post_launch,00:03:26	,Boostback burn ends
tracers,post_launch,00:06:04 ,1st stage entry burn begins
tracers,post_launch,00:06:21 	,1st stage entry burn ends
tracers,post_launch,00:07:12 ,1st stage landing burn begins
tracers,post_launch,00:07:46	,1st stage landing 
tracers,post_launch,00:08:02 ,2nd stage engine cutoff (SECO-1)
tracers,post_launch,00:50:44 ,2nd stage engine starts (SES-2)
tracers,post_launch,00:50:47 ,2nd stage engine cutoff (SECO-2)
tracers,post_launch,00:54:30	,Bard deploys
tracers,post_launch,00:54:50	,REAL deploys
tracers,post_launch,01:05:40 ,2nd stage engine starts (SES-3)
tracers,post_launch,01:05:41 ,2nd stage engine cutoff (SECO-3)
tracers,post_launch,01:30:07 ,2nd stage engine starts (SES-4)
tracers,post_launch,01:30:08 ,2nd stage engine cutoff (SECO-4)
tracers,post_launch,01:34:26	,First TRACERS satellite deploys
tracers,post_launch,01:40:41	,Second TRACERS satellite deploys
tracers,post_launch,01:44:46,Epic Athena deploys
tracers,post_launch,01:45:06	,LIDE deploys
tracers,post_launch,01:45:26	,Skykraft 4 deploys
sl-6-81,pre_launch,00:38:00,SpaceX Launch Director verifies go for propellant load
sl-6-81,pre_launch,00:35:00,RP-1 (rocket grade kerosene) loading begins
sl-6-81,pre_launch,00:35:00,1st stage LOX (liquid oxygen) loading begins
sl-6-81,pre_launch,00:16:00,2nd stage LOX loading begins
sl-6-81,pre_launch,00:07:00,Falcon 9 begins engine chill prior to launch
sl-6-81,pre_launch,00:01:00,Command flight computer to begin final prelaunch checks
sl-6-81,pre_launch,00:01:00,Propellant tank pressurization to flight pressure begins
sl-6-81,pre_launch,00:00:45,SpaceX Launch Director verifies go for launch
sl-6-81,pre_launch,00:00:03,Engine controller commands engine ignition sequence to start
sl-6-81,pre_launch,00:00:00,Falcon 9 liftoff
sl-6-81,post_launch,00:01:12,Max Q (moment of peak mechanical stress on the rocket)
sl-6-81,post_launch,00:02:24,1st stage main engine cutoff (MECO)
sl-6-81,post_launch,00:02:28,1st and 2nd stages separate
sl-6-81,post_launch,00:02:35,2nd stage engine starts (SES-1)
sl-6-81,post_launch,00:02:57,Fairing separation
sl-6-81,post_launch,00:06:09,1st stage entry burn begins
sl-6-81,post_launch,00:06:35,1st stage entry burn ends
sl-6-81,post_launch,00:08:00,1st stage landing burn begins
sl-6-81,post_launch,00:08:22,1st stage landing
sl-6-81,post_launch,00:08:38,2nd stage engine cutoff (SECO-1)
sl-6-81,post_launch,00:53:53,2nd stage engine starts (SES-2)
sl-6-81,post_launch,00:53:55,2nd stage engine cutoff (SECO-2)
sl-6-81,post_launch,01:05:00,Starlink satellites deploy
sl-12-13,pre_launch,00:38:00,SpaceX Launch Director verifies go for propellant load
sl-12-13,pre_launch,00:35:00,RP-1 (rocket grade kerosene) loading begins
sl-12-13,pre_launch,00:35:00,1st stage LOX (liquid oxygen) loading begins
sl-12-13,pre_launch,00:16:00,2nd stage LOX loading begins
sl-12-13,pre_launch,00:07:00,Falcon 9 begins engine chill prior to launch
sl-12-13,pre_launch,00:01:00,Command flight computer to begin final prelaunch checks
sl-12-13,pre_launch,00:01:00,Propellant tank pressurization to flight pressure begins
sl-12-13,pre_launch,00:00:45,SpaceX Launch Director verifies go for launch
sl-12-13,pre_launch,00:00:03,Engine controller commands engine ignition sequence to start
sl-12-13,pre_launch,00:00:00,Falcon 9 liftoff
sl-10-30,pre_launch,00:38:00,SpaceX Launch Director verifies go for propellant load
sl-10-30,pre_launch,00:35:00,RP-1 (rocket grade kerosene) loading begins
sl-10-30,pre_launch,00:35:00,1st stage LOX (liquid oxygen) loading begins
sl-10-30,pre_launch,00:16:00,2nd stage LOX loading begins
sl-10-30,pre_launch,00:07:00,Falcon 9 begins engine chill prior to launch
sl-10-30,pre_launch,00:01:00,Command flight computer to begin final prelaunch checks
sl-10-30,pre_launch,00:01:00,Propellant tank pressurization to flight pressure begins
sl-10-30,pre_launch,00:00:45,SpaceX Launch Director verifies go for launch
sl-10-30,pre_launch,00:00:03,Engine controller commands engine ignition sequence to start
sl-10-30,pre_launch,00:00:00,Falcon 9 liftoff
sl-10-30,post_launch,00:01:12 ,Max Q (Moment of peak mechanical stress on the rocket)
sl-10-30,post_launch,00:02:25 ,1st stage main engine cutoff (MECO)
sl-10-30,post_launch,00:02:28 ,1st and 2nd stages separate
sl-10-30,post_launch,00:02:35 ,2nd stage engine starts (SES-1)
sl-10-30,post_launch,00:02:57 ,Fairing separation 
sl-10-30,post_launch,00:06:06 ,1st stage entry burn begins
sl-10-30,post_launch,00:06:31	,1st stage entry burn ends
sl-10-30,post_launch,00:07:59	,1st stage landing burn begins
sl-10-30,post_launch,00:08:24 ,1st stage landing 
sl-10-30,post_launch,00:08:38 ,2nd stage engine cutoff (SECO-1)
sl-10-30,post_launch,00:54:49	,2nd stage engine starts (SES-2)
sl-10-30,post_launch,00:54:51 ,2nd stage engine cutoff (SECO-2)
sl-10-30,post_launch,01:04:11 ,Starlink satellites deploy
sl-11-5,pre_launch,00:38:00,SpaceX Launch Director verifies go for propellant load
sl-11-5,pre_launch,00:35:00,RP-1 (rocket grade kerosene) loading begins
sl-11-5,pre_launch,00:35:00,1st stage LOX (liquid oxygen) loading begins
sl-11-5,pre_launch,00:16:00,2nd stage LOX loading begins
sl-11-5,pre_launch,00:07:00,Falcon 9 begins engine chill prior to launch
sl-11-5,pre_launch,00:01:00,Command flight computer to begin final prelaunch checks
sl-11-5,pre_launch,00:01:00,Propellant tank pressurization to flight pressure begins
sl-11-5,pre_launch,00:00:45,SpaceX Launch Director verifies go for launch
sl-11-5,pre_launch,00:00:03,Engine controller commands engine ignition sequence to start
sl-11-5,pre_launch,00:00:00,Falcon 9 liftoff
sl-11-5,post_launch,00:01:12,Max Q (moment of peak mechanical stress on the rocket)
sl-11-5,post_launch,00:02:24,1st stage main engine cutoff (MECO)
sl-11-5,post_launch,00:02:28,1st and 2nd stages separate
sl-11-5,post_launch,00:02:35,2nd stage engine starts (SES-1)
sl-11-5,post_launch,00:02:56,Fairing deployment
sl-11-5,post_launch,00:06:06,1st stage entry burn begins
sl-11-5,post_launch,00:06:30,1st stage entry burn ends
sl-11-5,post_launch,00:07:58,1st stage landing burn begins
sl-11-5,post_launch,00:08:22,1st stage landing
sl-11-5,post_launch,00:08:39,2nd stage engine cutoff (SECO-1)
sl-11-5,post_launch,00:53:16,2nd stage engine starts (SES-2)
sl-11-5,post_launch,00:53:17,2nd stage engine cutoff (SECO-2)
sl-11-5,post_launch,01:00:08,Starlink satellites deploy
sl-17-11,pre_launch,00:38:00,SpaceX Launch Director verifies go for propellant load
sl-17-11,pre_launch,00:35:00,RP-1 (rocket grade kerosene) loading begins
sl-17-11,pre_launch,00:35:00,1st stage LOX (liquid oxygen) loading begins
sl-17-11,pre_launch,00:16:00,2nd stage LOX loading begins
sl-17-11,pre_launch,00:07:00,Falcon 9 begins engine chill prior to launch
sl-17-11,pre_launch,00:01:00,Command flight computer to begin final prelaunch checks
sl-17-11,pre_launch,00:01:00,Propellant tank pressurization to flight pressure begins
sl-17-11,pre_launch,00:00:45,SpaceX Launch Director verifies go for launch
sl-17-11,pre_launch,00:00:03,Engine controller commands engine ignition sequence to start
sl-17-11,pre_launch,00:00:00,Falcon 9 liftoff
sl-17-11,post_launch,00:01:12 ,Max Q (Moment of peak mechanical stress on the rocket)
sl-17-11,post_launch,00:02:25 ,1st stage main engine cutoff (MECO)
sl-17-11,post_launch,00:02:28 ,1st and 2nd stages separate
sl-17-11,post_launch,00:02:35,2nd stage engine starts (SES-1)
sl-17-11,post_launch,00:02:54,Fairing separation 
sl-17-11,post_launch,00:06:05,1st stage entry burn begins
sl-17-11,post_launch,00:06:30,1st stage entry burn ends
sl-17-11,post_launch,00:07:57,1st stage landing burn begins
sl-17-11,post_launch,00:08:20,1st stage landing 
sl-17-11,post_launch,00:08:39,2nd stage engine cutoff (SECO-1)
sl-17-11,post_launch,00:53:46,2nd stage engine starts (SES-2)
sl-17-11,post_launch,00:53:47,2nd stage engine cutoff (SECO-2)
sl-17-11,post_launch,01:02:38,Starlink satellites deploy
sl-17-15,pre_launch,00:38:00,SpaceX Launch Director verifies go for propellant load
sl-17-15,pre_launch,00:35:00,RP-1 (rocket grade kerosene) loading begins
sl-17-15,pre_launch,00:35:00,1st stage LOX (liquid oxygen) loading begins
sl-17-15,pre_launch,00:16:00,2nd stage LOX loading begins
sl-17-15,pre_launch,00:07:00,Falcon 9 begins engine chill prior to launch
sl-17-15,pre_launch,00:01:00,Command flight computer to begin final prelaunch checks
sl-17-15,pre_launch,00:01:00,Propellant tank pressurization to flight pressure begins
sl-17-15,pre_launch,00:00:45,SpaceX Launch Director verifies go for launch
sl-17-15,pre_launch,00:00:03,Engine controller commands engine ignition sequence to start
sl-17-15,pre_launch,00:00:00,Falcon 9 liftoff
sl-17-15,post_launch,00:01:12,Max Q (moment of peak mechanical stress on the rocket)
sl-17-15,post_launch,00:02:26,1st stage main engine cutoff (MECO)
sl-17-15,post_launch,00:02:30,1st and 2nd stages separate
sl-17-15,post_launch,00:02:37,2nd stage engine starts (SES-1)
sl-17-15,post_launch,00:02:59,Fairing separation
sl-17-15,post_launch,00:05:59,1st stage entry burn begins
sl-17-15,post_launch,00:06:19,1st stage entry burn ends
sl-17-15,post_launch,00:07:51,1st stage landing burn begins
sl-17-15,post_launch,00:08:13,1st stage landing
sl-17-15,post_launch,00:08:40,2nd stage engine cutoff (SECO-1)
sl-17-15,post_launch,00:53:02,2nd stage engine starts (SES-2)
sl-17-15,post_launch,00:53:03,2nd stage engine cutoff (SECO-2)
sl-17-15,post_launch,01:01:54,Starlink satellites deploy
sl-10-62,pre_launch,00:38:00,SpaceX Launch Director verifies go for propellant load
sl-10-62,pre_launch,00:35:00,RP-1 (rocket grade kerosene) loading begins
sl-10-62,pre_launch,00:35:00,1st stage LOX (liquid oxygen) loading begins
sl-10-62,pre_launch,00:16:00,2nd stage LOX loading begins
sl-10-62,pre_launch,00:07:00,Falcon 9 begins engine chill prior to launch
sl-10-62,pre_launch,00:01:00,Command flight computer to begin final prelaunch checks
sl-10-62,pre_launch,00:01:00,Propellant tank pressurization to flight pressure begins
sl-10-62,pre_launch,00:00:45,SpaceX Launch Director verifies go for launch
sl-10-62,pre_launch,00:00:03,Engine controller commands engine ignition sequence to start
sl-10-62,pre_launch,00:00:00,Falcon 9 liftoff
sl-10-62,post_launch,00:01:10,Max Q (moment of peak mechanical stress on the rocket)
sl-10-62,post_launch,00:02:26,1st stage main engine cutoff (MECO)
sl-10-62,post_launch,00:02:29,1st and 2nd stages separate
sl-10-62,post_launch,00:02:36,2nd stage engine starts (SES-1)
sl-10-62,post_launch,00:02:59,Fairing separation
sl-10-62,post_launch,00:06:02,1st stage entry burn begins
sl-10-62,post_launch,00:06:24,1st stage entry burn ends
sl-10-62,post_launch,00:07:59,1st stage landing burn begins
sl-10-62,post_launch,00:08:21,1st stage landing
sl-10-62,post_launch,00:08:41,2nd stage engine cutoff (SECO-1)
sl-10-62,post_launch,00:52:11,2nd stage engine starts (SES-2)
sl-10-62,post_launch,00:52:12,2nd stage engine cutoff (SECO-2)
sl-10-62,post_launch,01:01:33,Starlink satellites deploy
mpower-d,pre_launch,00:38:00,SpaceX Launch Director verifies go for propellant load
mpower-d,pre_launch,00:35:00,RP-1 (rocket grade kerosene) loading begins
mpower-d,pre_launch,00:35:00,1st stage LOX (liquid oxygen) loading begins
mpower-d,pre_launch,00:16:00,2nd stage LOX loading begins
mpower-d,pre_launch,00:07:00,Falcon 9 begins engine chill prior to launch
mpower-d,pre_launch,00:01:00,Command flight computer to begin final prelaunch checks
mpower-d,pre_launch,00:01:00,Propellant tank pressurization to flight pressure begins
mpower-d,pre_launch,00:00:45,SpaceX Launch Director verifies go for launch
mpower-d,pre_launch,00:00:03,Engine controller commands engine ignition sequence to start
mpower-d,pre_launch,00:00:00,Falcon 9 liftoff
mpower-d,post_launch,00:01:11,Max Q (Moment of peak mechanical stress on the rocket)
mpower-d,post_launch,00:02:26,1st stage main engine cutoff (MECO)
mpower-d,post_launch,00:02:30,1st and 2nd stages separate
mpower-d,post_launch,00:02:38,2nd stage engine starts 
mpower-d,post_launch,00:03:21,Fairing separation 
mpower-d,post_launch,00:06:14,1st stage entry burn start
mpower-d,post_launch,00:06:41,1st stage entry burn ends
mpower-d,post_launch,00:07:51,2nd stage engine cutoff (SECO-1)
mpower-d,post_launch,00:08:11,1st stage landing burn start
mpower-d,post_launch,00:08:35,1st stage landing 
mpower-d,post_launch,00:26:55,2nd stage engine starts (SES-2)
mpower-d,post_launch,00:27:27,2nd stage engine cutoff (SECO-2)
mpower-d,post_launch,01:49:36,2nd stage engine starts (SES-3)
mpower-d,post_launch,01:50:03,2nd stage engine cutoff (SECO-3)
mpower-d,post_launch,01:53:14,First O3b mPOWER satellite deploys
mpower-d,post_launch,02:00:14,Second O3b mPOWER satellite deploys
sl-11-14,pre_launch,00:38:00,SpaceX Launch Director verifies go for propellant load
sl-11-14,pre_launch,00:35:00,RP-1 (rocket grade kerosene) loading begins
sl-11-14,pre_launch,00:35:00,1st stage LOX (liquid oxygen) loading begins
sl-11-14,pre_launch,00:16:00,2nd stage LOX loading begins
sl-11-14,pre_launch,00:07:00,Falcon 9 begins engine chill prior to launch
sl-11-14,pre_launch,00:01:00,Command flight computer to begin final prelaunch checks
sl-11-14,pre_launch,00:01:00,Propellant tank pressurization to flight pressure begins
sl-11-14,pre_launch,00:00:45,SpaceX Launch Director verifies go for launch
sl-11-14,pre_launch,00:00:03,Engine controller commands engine ignition sequence to start
sl-11-14,pre_launch,00:00:00,Falcon 9 liftoff
sl-11-14,post_launch,00:01:12,Max Q (moment of peak mechanical stress on the rocket)
sl-11-14,post_launch,00:02:24,1st stage main engine cutoff (MECO)
sl-11-14,post_launch,00:02:28,1st and 2nd stages separate
sl-11-14,post_launch,00:02:36,2nd stage engine starts (SES-1)
sl-11-14,post_launch,00:02:55,Fairing separation
sl-11-14,post_launch,00:06:13,1st stage entry burn begins
sl-11-14,post_launch,00:06:39,1st stage entry burn ends
sl-11-14,post_launch,00:08:03,1st stage landing burn begins
sl-11-14,post_launch,00:08:26,1st stage landing
sl-11-14,post_launch,00:08:40,2nd stage engine cutoff (SECO-1)
sl-11-14,post_launch,00:53:39,2nd stage engine starts (SES-2)
sl-11-14,post_launch,00:53:41,2nd stage engine cutoff (SECO-2)
sl-11-14,post_launch,01:00:31,Starlink satellites deploy
sl-10-57,pre_launch,00:38:00,SpaceX Launch Director verifies go for propellant load
sl-10-57,pre_launch,00:35:00,RP-1 (rocket grade kerosene) loading begins
sl-10-57,pre_launch,00:35:00,1st stage LOX (liquid oxygen) loading begins
sl-10-57,pre_launch,00:16:00,2nd stage LOX loading begins
sl-10-57,pre_launch,00:07:00,Falcon 9 begins engine chill prior to launch
sl-10-57,pre_launch,00:01:00,Command flight computer to begin final prelaunch checks
sl-10-57,pre_launch,00:01:00,Propellant tank pressurization to flight pressure begins
sl-10-57,pre_launch,00:00:45,SpaceX Launch Director verifies go for launch
sl-10-57,pre_launch,00:00:03,Engine controller commands engine ignition sequence to start
sl-10-57,pre_launch,00:00:00,Falcon 9 liftoff
sl-10-57,post_launch,00:01:12 ,Max Q (Moment of peak mechanical stress on the rocket)
sl-10-57,post_launch,00:02:24 ,1st stage main engine cutoff (MECO)
sl-10-57,post_launch,00:02:28 ,1st and 2nd stages separate
sl-10-57,post_launch,00:02:36	,2nd stage engine starts (SES-1)
sl-10-57,post_launch,00:02:56 ,Fairing separation 
sl-10-57,post_launch,00:06:11 ,1st stage entry burn begins
sl-10-57,post_launch,00:06:37	,1st stage entry burn ends
sl-10-57,post_launch,00:08:00	,1st stage landing burn begins
sl-10-57,post_launch,00:08:24 ,1st stage landing 
sl-10-57,post_launch,00:08:39 ,2nd stage engine cutoff (SECO-1)
sl-10-57,post_launch,00:54:56	,2nd stage engine starts (SES-2)
sl-10-57,post_launch,00:54:57 ,2nd stage engine cutoff (SECO-2)
sl-10-57,post_launch,01:04:18	,Starlink satellites deploy
sl-17-30,pre_launch,00:38:00,SpaceX Launch Director verifies go for propellant load
sl-17-30,pre_launch,00:35:00,RP-1 (rocket grade kerosene) loading begins
sl-17-30,pre_launch,00:35:00,1st stage LOX (liquid oxygen) loading begins
sl-17-30,pre_launch,00:16:00,2nd stage LOX loading begins
sl-17-30,pre_launch,00:07:00,Falcon 9 begins engine chill prior to launch
sl-17-30,pre_launch,00:01:00,Command flight computer to begin final prelaunch checks
sl-17-30,pre_launch,00:01:00,Propellant tank pressurization to flight pressure begins
sl-17-30,pre_launch,00:00:45,SpaceX Launch Director verifies go for launch
sl-17-30,pre_launch,00:00:03,Engine controller commands engine ignition sequence to start
sl-17-30,pre_launch,00:00:00,Falcon 9 liftoff
sl-17-30,post_launch,00:01:12,Max Q (moment of peak mechanical stress on the rocket)
sl-17-30,post_launch,00:02:26,1st stage main engine cutoff (MECO)
sl-17-30,post_launch,00:02:30,1st and 2nd stages separate
sl-17-30,post_launch,00:02:36,2nd stage engine starts (SES-1)
sl-17-30,post_launch,00:02:58,Fairing separation
sl-17-30,post_launch,00:06:00,1st stage entry burn begins
sl-17-30,post_launch,00:06:21,1st stage entry burn ends
sl-17-30,post_launch,00:07:51,1st stage landing burn begins
sl-17-30,post_launch,00:08:14,1st stage landing
sl-17-30,post_launch,00:08:40,2nd stage engine cutoff (SECO-1)
sl-17-30,post_launch,00:53:16,2nd stage engine starts (SES-2)
sl-17-30,post_launch,00:53:17,2nd stage engine cutoff (SECO-2)
sl-17-30,post_launch,01:02:08,Starlink satellites deploy
sl-11-20,pre_launch,00:38:00,SpaceX Launch Director verifies go for propellant load
sl-11-20,pre_launch,00:35:00,RP-1 (rocket grade kerosene) loading begins
sl-11-20,pre_launch,00:35:00,1st stage LOX (liquid oxygen) loading begins
sl-11-20,pre_launch,00:16:00,2nd stage LOX loading begins
sl-11-20,pre_launch,00:07:00,Falcon 9 begins engine chill prior to launch
sl-11-20,pre_launch,00:01:00,Command flight computer to begin final prelaunch checks
sl-11-20,pre_launch,00:01:00,Propellant tank pressurization to flight pressure begins
sl-11-20,pre_launch,00:00:45,SpaceX Launch Director verifies go for launch
sl-11-20,pre_launch,00:00:03,Engine controller commands engine ignition sequence to start
sl-11-20,pre_launch,00:00:00,Falcon 9 liftoff
sl-11-20,post_launch,00:01:12,Max Q (moment of peak mechanical stress on the rocket)
sl-11-20,post_launch,00:02:25,1st stage main engine cutoff (MECO)
sl-11-20,post_launch,00:02:28,1st and 2nd stages separate
sl-11-20,post_launch,00:02:35,2nd stage engine starts (SES-1)
sl-11-20,post_launch,00:02:56,Fairing separation 
sl-11-20,post_launch,00:06:06,1st stage entry burn begins
sl-11-20,post_launch,00:06:32,1st stage entry burn ends
sl-11-20,post_launch,00:08:01,1st stage landing burn begins
sl-11-20,post_launch,00:08:25 ,1st stage landing 
sl-11-20,post_launch,00:08:39,2nd stage engine cutoff (SECO-1)
sl-11-20,post_launch,00:53:19,2nd stage engine starts (SES-2)
sl-11-20,post_launch,00:53:20,2nd stage engine cutoff (SECO-2)
sl-11-20,post_launch,01:00:11,Starlink satellites deploy
sl-17-9,pre_launch,00:38:00,SpaceX Launch Director verifies go for propellant load
sl-17-9,pre_launch,00:35:00,RP-1 (rocket grade kerosene) loading begins
sl-17-9,pre_launch,00:35:00,1st stage LOX (liquid oxygen) loading begins
sl-17-9,pre_launch,00:16:00,2nd stage LOX loading begins
sl-17-9,pre_launch,00:07:00,Falcon 9 begins engine chill prior to launch
sl-17-9,pre_launch,00:01:00,Command flight computer to begin final prelaunch checks
sl-17-9,pre_launch,00:01:00,Propellant tank pressurization to flight pressure begins
sl-17-9,pre_launch,00:00:45,SpaceX Launch Director verifies go for launch
sl-17-9,pre_launch,00:00:03,Engine controller commands engine ignition sequence to start
sl-17-9,pre_launch,00:00:00,Falcon 9 liftoff
sl-17-9,post_launch,00:01:12 ,Max Q (Moment of peak mechanical stress on the rocket)
sl-17-9,post_launch,00:02:25 ,1st stage main engine cutoff (MECO)
sl-17-9,post_launch,00:02:28 ,1st and 2nd stages separate
sl-17-9,post_launch,00:02:35	,2nd stage engine starts (SES-1)
sl-17-9,post_launch,00:02:55,Fairing separation 
sl-17-9,post_launch,00:06:05 ,1st stage entry burn begins
sl-17-9,post_launch,00:06:29	,1st stage entry burn ends
sl-17-9,post_launch,00:07:55	,1st stage landing burn begins
sl-17-9,post_launch,00:08:19 ,1st stage landing 
sl-17-9,post_launch,00:08:39 ,2nd stage engine cutoff (SECO-1)
sl-17-9,post_launch,00:53:34,2nd stage engine starts (SES-2)
sl-17-9,post_launch,00:53:35 ,2nd stage engine cutoff (SECO-2)
sl-17-9,post_launch,01:02:26	,Starlink satellites deploy
spainsatngii,pre_launch,00:38:00,SpaceX Launch Director verifies go for propellant load
spainsatngii,pre_launch,00:35:00,RP-1 (rocket grade kerosene) loading begins
spainsatngii,pre_launch,00:35:00,1st stage LOX (liquid oxygen) loading begins
spainsatngii,pre_launch,00:16:00,2nd stage LOX loading begins
spainsatngii,pre_launch,00:07:00,Falcon 9 begins engine chill prior to launch
spainsatngii,pre_launch,00:01:00,Command flight computer to begin final prelaunch checks
spainsatngii,pre_launch,00:01:00,Propellant tank pressurization to flight pressure begins
spainsatngii,pre_launch,00:00:45,SpaceX Launch Director verifies go for launch
spainsatngii,pre_launch,00:00:03,Engine controller commands engine ignition sequence to start
spainsatngii,pre_launch,00:00:00,Falcon 9 liftoff
spainsatngii,post_launch,00:01:12,Max Q (moment of peak mechanical stress on the rocket)
spainsatngii,post_launch,00:02:39,1st stage main engine cutoff (MECO)
spainsatngii,post_launch,00:02:42,1st and 2nd stages separate
spainsatngii,post_launch,00:02:49,2nd stage engine starts (SES-1)
spainsatngii,post_launch,00:03:35,Fairing separation
spainsatngii,post_launch,00:07:58,2nd stage engine cutoff (SECO-1)
spainsatngii,post_launch,00:26:51,2nd stage engine starts (SES-2)
spainsatngii,post_launch,00:27:55,2nd stage engine cutoff (SECO-2)
spainsatngii,post_launch,00:34:10,SpainSat NG II deploys
sl-17-17,pre_launch,00:38:00,SpaceX Launch Director verifies go for propellant load
sl-17-17,pre_launch,00:35:00,RP-1 (rocket grade kerosene) loading begins
sl-17-17,pre_launch,00:35:00,1st stage LOX (liquid oxygen) loading begins
sl-17-17,pre_launch,00:16:00,2nd stage LOX loading begins
sl-17-17,pre_launch,00:07:00,Falcon 9 begins engine chill prior to launch
sl-17-17,pre_launch,00:01:00,Command flight computer to begin final prelaunch checks
sl-17-17,pre_launch,00:01:00,Propellant tank pressurization to flight pressure begins
sl-17-17,pre_launch,00:00:45,SpaceX Launch Director verifies go for launch
sl-17-17,pre_launch,00:00:03,Engine controller commands engine ignition sequence to start
sl-17-17,pre_launch,00:00:00,Falcon 9 liftoff
sl-17-17,post_launch,00:01:07,Max Q (moment of peak mechanical stress on the rocket)
sl-17-17,post_launch,00:02:26,1st stage main engine cutoff (MECO)
sl-17-17,post_launch,00:02:30,1st and 2nd stages separate
sl-17-17,post_launch,00:02:37,2nd stage engine starts (SES-1)
sl-17-17,post_launch,00:02:59,Fairing deployment
sl-17-17,post_launch,00:05:59,1st stage entry burn begins
sl-17-17,post_launch,00:06:19,1st stage entry burn ends
sl-17-17,post_launch,00:07:51,1st stage landing burn begins
sl-17-17,post_launch,00:08:13,1st stage landing
sl-17-17,post_launch,00:08:40,2nd stage engine cutoff (SECO-1)
sl-17-17,post_launch,00:53:02,2nd stage engine starts (SES-2)
sl-17-17,post_launch,00:53:03,2nd stage engine cutoff (SECO-2)
sl-17-17,post_launch,01:01:54,Starlink satellites deploy
sl-10-61,pre_launch,00:38:00,SpaceX Launch Director verifies go for propellant load
sl-10-61,pre_launch,00:35:00,RP-1 (rocket grade kerosene) loading begins
sl-10-61,pre_launch,00:35:00,1st stage LOX (liquid oxygen) loading begins
sl-10-61,pre_launch,00:16:00,2nd stage LOX loading begins
sl-10-61,pre_launch,00:07:00,Falcon 9 begins engine chill prior to launch
sl-10-61,pre_launch,00:01:00,Command flight computer to begin final prelaunch checks
sl-10-61,pre_launch,00:01:00,Propellant tank pressurization to flight pressure begins
sl-10-61,pre_launch,00:00:45,SpaceX Launch Director verifies go for launch
sl-10-61,pre_launch,00:00:03,Engine controller commands engine ignition sequence to start
sl-10-61,pre_launch,00:00:00,Falcon 9 liftoff
sl-10-61,post_launch,00:01:12 ,Max Q (Moment of peak mechanical stress on the rocket)
sl-10-61,post_launch,00:02:24 ,1st stage main engine cutoff (MECO)
sl-10-61,post_launch,00:02:27 ,1st and 2nd stages separate
sl-10-61,post_launch,00:02:36,2nd stage engine starts (SES-1)
sl-10-61,post_launch,00:02:56 ,Fairing separation 
sl-10-61,post_launch,00:06:11 ,1st stage entry burn begins
sl-10-61,post_launch,00:06:37,1st stage entry burn ends
sl-10-61,post_launch,00:08:00,1st stage landing burn begins
sl-10-61,post_launch,00:08:24 ,1st stage landing 
sl-10-61,post_launch,00:08:39 ,2nd stage engine cutoff (SECO-1)
sl-10-61,post_launch,00:54:56,2nd stage engine starts (SES-2)
sl-10-61,post_launch,00:54:57 ,2nd stage engine cutoff (SECO-2)
sl-10-61,post_launch,01:04:18,Starlink satellites deploy
sl-11-12,pre_launch,00:38:00,SpaceX Launch Director verifies go for propellant load
sl-11-12,pre_launch,00:35:00,RP-1 (rocket grade kerosene) loading begins
sl-11-12,pre_launch,00:35:00,1st stage LOX (liquid oxygen) loading begins
sl-11-12,pre_launch,00:16:00,2nd stage LOX loading begins
sl-11-12,pre_launch,00:07:00,Falcon 9 begins engine chill prior to launch
sl-11-12,pre_launch,00:01:00,Command flight computer to begin final prelaunch checks
sl-11-12,pre_launch,00:01:00,Propellant tank pressurization to flight pressure begins
sl-11-12,pre_launch,00:00:45,SpaceX Launch Director verifies go for launch
sl-11-12,pre_launch,00:00:03,Engine controller commands engine ignition sequence to start
sl-11-12,pre_launch,00:00:00,Falcon 9 liftoff
sl-11-12,post_launch,00:01:12,Max Q (moment of peak mechanical stress on the rocket)
sl-11-12,post_launch,00:02:25,1st stage main engine cutoff (MECO)
sl-11-12,post_launch,00:02:28,1st and 2nd stages separate
sl-11-12,post_launch,00:02:35,2nd stage engine starts (SES-1)
sl-11-12,post_launch,00:02:54,Fairing separation
sl-11-12,post_launch,00:06:10,1st stage entry burn begins
sl-11-12,post_launch,00:06:35,1st stage entry burn ends
sl-11-12,post_launch,00:08:05,1st stage landing burn begins
sl-11-12,post_launch,00:08:29,1st stage landing
sl-11-12,post_launch,00:08:38,2nd stage engine cutoff (SECO-1)
sl-11-12,post_launch,00:53:05,2nd stage engine starts (SES-2)
sl-11-12,post_launch,00:53:06,2nd stage engine cutoff (SECO-2)
sl-11-12,post_launch,00:59:57,Starlink satellites deploy
crew12,pre_launch,00:45:00,SpaceX Launch Director verifies go for propellant load
crew12,pre_launch,00:42:00,Crew access arm retracts
crew12,pre_launch,00:39:00,Dragon's launch escape system is armed
crew12,pre_launch,00:35:00,RP-1 (rocket grade kerosene) loading begins
crew12,pre_launch,00:35:00,1st stage LOX (liquid oxygen) loading begins
crew12,pre_launch,00:16:00,2nd stage LOX loading begins
crew12,pre_launch,00:07:00,Falcon 9 begins engine chill prior to launch
crew12,pre_launch,00:05:00,Dragon transitions to internal power
crew12,pre_launch,00:01:00,Command flight computer to begin final prelaunch checks
crew12,pre_launch,00:01:00,Propellant tank pressurization to flight pressure begins
crew12,pre_launch,00:00:45,SpaceX Launch Director verifies go for launch
crew12,pre_launch,00:00:03,Engine controller commands engine ignition sequence to start
crew12,pre_launch,00:00:00,Falcon 9 liftoff
crew12,post_launch,00:01:12,Max Q (moment of peak mechanical stress on the rocket)
crew12,post_launch,00:02:24	,1st stage main engine cutoff (MECO) 
crew12,post_launch,00:02:27	,1st and 2nd stages separate 
crew12,post_launch,00:02:31	,Stage 1 flip
crew12,post_launch,00:02:35	,2nd stage engine starts (SES-1) 
crew12,post_launch,00:02:41,Boostback burn starts
crew12,post_launch,00:03:27	,Boostback burn ends
crew12,post_launch,00:06:20	,1st stage entry burn begins
crew12,post_launch,00:06:33,1st stage entry burn ends
crew12,post_launch,00:07:17	,1st stage landing burn begins
crew12,post_launch,00:07:42	,1st stage landing
crew12,post_launch,00:08:47	,2nd stage engine cutoff (SECO-1)
crew12,post_launch,00:09:37	,Dragon separates from 2nd stage
crew12,post_launch,00:10:25	,Dragon nosecone open sequence begins
sl-10-21,pre_launch,00:38:00,SpaceX Launch Director verifies go for propellant load
sl-10-21,pre_launch,00:35:00,RP-1 (rocket grade kerosene) loading begins
sl-10-21,pre_launch,00:35:00,1st stage LOX (liquid oxygen) loading begins
sl-10-21,pre_launch,00:16:00,2nd stage LOX loading begins
sl-10-21,pre_launch,00:07:00,Falcon 9 begins engine chill prior to launch
sl-10-21,pre_launch,00:01:00,Command flight computer to begin final prelaunch checks
sl-10-21,pre_launch,00:01:00,Propellant tank pressurization to flight pressure begins
sl-10-21,pre_launch,00:00:45,SpaceX Launch Director verifies go for launch
sl-10-21,pre_launch,00:00:03,Engine controller commands engine ignition sequence to start
sl-10-21,pre_launch,00:00:00,Falcon 9 liftoff
sl-10-21,post_launch,00:01:12,Max Q (moment of peak mechanical stress on the rocket)
sl-10-21,post_launch,00:02:25,1st stage main engine cutoff (MECO)
sl-10-21,post_launch,00:02:29,1st and 2nd stages separate
sl-10-21,post_launch,00:02:36,2nd stage engine starts (SES-1)
sl-10-21,post_launch,00:02:45,Fairing separation 
sl-10-21,post_launch,00:06:06,1st stage entry burn begins
sl-10-21,post_launch,00:06:28,1st stage entry burn ends
sl-10-21,post_launch,00:07:59,1st stage landing burn begins
sl-10-21,post_launch,00:08:23,1st stage landing
sl-10-21,post_launch,00:08:39,2nd stage engine cutoff (SECO-1)
sl-10-21,post_launch,00:50:59,2nd stage engine starts (SES-2)
sl-10-21,post_launch,00:51:00,2nd stage engine cutoff (SECO-2)
sl-10-21,post_launch,01:00:21,Starlink satellites deploy
sl-6-99,pre_launch,00:38:00,SpaceX Launch Director verifies go for propellant load
sl-6-99,pre_launch,00:35:00,RP-1 (rocket grade kerosene) loading begins
sl-6-99,pre_launch,00:35:00,1st stage LOX (liquid oxygen) loading begins
sl-6-99,pre_launch,00:16:00,2nd stage LOX loading begins
sl-6-99,pre_launch,00:07:00,Falcon 9 begins engine chill prior to launch
sl-6-99,pre_launch,00:01:00,Command flight computer to begin final prelaunch checks
sl-6-99,pre_launch,00:01:00,Propellant tank pressurization to flight pressure begins
sl-6-99,pre_launch,00:00:45,SpaceX Launch Director verifies go for launch
sl-6-99,pre_launch,00:00:03,Engine controller commands engine ignition sequence to start
sl-6-99,pre_launch,00:00:00,Falcon 9 liftoff
sl-6-99,post_launch,00:01:12,Max Q (moment of peak mechanical stress on the rocket)
sl-6-99,post_launch,00:02:24,1st stage main engine cutoff (MECO)
sl-6-99,post_launch,00:02:27,1st and 2nd stages separate
sl-6-99,post_launch,00:02:35,2nd stage engine starts (SES-1)
sl-6-99,post_launch,00:02:56,Fairing separation
sl-6-99,post_launch,00:06:07,1st stage entry burn begins
sl-6-99,post_launch,00:06:34,1st stage entry burn ends
sl-6-99,post_launch,00:07:59,1st stage landing burn begins
sl-6-99,post_launch,00:08:23,1st stage landing
sl-6-99,post_launch,00:08:38,2nd stage engine cutoff (SECO-1)
sl-6-99,post_launch,00:53:49,2nd stage engine starts (SES-2)
sl-6-99,post_launch,00:53:51,2nd stage engine cutoff (SECO-2)
sl-6-99,post_launch,01:04:56,Starlink satellites deploy
sl-17-13,pre_launch,00:38:00,SpaceX Launch Director verifies go for propellant load
sl-17-13,pre_launch,00:35:00,RP-1 (rocket grade kerosene) loading begins
sl-17-13,pre_launch,00:35:00,1st stage LOX (liquid oxygen) loading begins
sl-17-13,pre_launch,00:16:00,2nd stage LOX loading begins
sl-17-13,pre_launch,00:07:00,Falcon 9 begins engine chill prior to launch
sl-17-13,pre_launch,00:01:00,Command flight computer to begin final prelaunch checks
sl-17-13,pre_launch,00:01:00,Propellant tank pressurization to flight pressure begins
sl-17-13,pre_launch,00:00:45,SpaceX Launch Director verifies go for launch
sl-17-13,pre_launch,00:00:03,Engine controller commands engine ignition sequence to start
sl-17-13,pre_launch,00:00:00,Falcon 9 liftoff
sl-17-13,post_launch,00:01:12,Max Q (moment of peak mechanical stress on the rocket)
sl-17-13,post_launch,00:02:26,1st stage main engine cutoff (MECO)
sl-17-13,post_launch,00:02:29,1st and 2nd stages separate
sl-17-13,post_launch,00:02:36,2nd stage engine starts (SES-1)
sl-17-13,post_launch,00:02:58,Fairing separation
sl-17-13,post_launch,00:05:59,1st stage entry burn begins
sl-17-13,post_launch,00:06:21,1st stage entry burn ends
sl-17-13,post_launch,00:07:57,1st stage landing burn begins
sl-17-13,post_launch,00:08:19,1st stage landing
sl-17-13,post_launch,00:08:40,2nd stage engine cutoff (SECO-1)
sl-17-13,post_launch,00:52:55,2nd stage engine starts (SES-2)
sl-17-13,post_launch,00:52:56,2nd stage engine cutoff (SECO-2)
sl-17-13,post_launch,01:01:46,Starlink satellites deploy
transporter15,pre_launch,00:38:00,SpaceX Launch Director verifies go for propellant load
transporter15,pre_launch,00:35:00,RP-1 (rocket grade kerosene) loading begins
transporter15,pre_launch,00:35:00,1st stage LOX (liquid oxygen) loading begins
transporter15,pre_launch,00:16:00,2nd stage LOX loading begins
transporter15,pre_launch,00:07:00,Falcon 9 begins engine chill prior to launch
transporter15,pre_launch,00:01:00,Command flight computer to begin final prelaunch checks
transporter15,pre_launch,00:01:00,Propellant tank pressurization to flight pressure begins
transporter15,pre_launch,00:00:45,SpaceX Launch Director verifies go for launch
transporter15,pre_launch,00:00:03,Engine controller commands engine ignition sequence to start
transporter15,pre_launch,00:00:00,Falcon 9 liftoff
transporter15,post_launch,00:01:12,Max Q (moment of peak mechanical stress on the rocket)
transporter15,post_launch,00:02:30,1st stage main engine cutoff (MECO)
transporter15,post_launch,00:02:32,1st and 2nd stages separate
transporter15,post_launch,00:02:40,2nd stage engine starts (SES-1)
transporter15,post_launch,00:03:24,Fairing separation
transporter15,post_launch,00:06:07,1st stage entry burn begins
transporter15,post_launch,00:06:33,1st stage entry burn ends
transporter15,post_launch,00:08:02,1st stage landing burn begins
transporter15,post_launch,00:08:21,2nd stage engine cutoff (SECO-1)
transporter15,post_launch,00:08:26,1st stage landing
transporter15,post_launch,00:51:03,2nd stage engine starts (SES-2)
transporter15,post_launch,00:51:07,2nd stage engine cutoff (SECO-2)
transporter15,post_launch,00:54:39,"TORO2 deploys, manifested by Exolaunch"
transporter15,post_launch,00:54:42 ,"BRO-17 deploys, manifested by Exolaunch"
transporter15,post_launch,00:54:49,"IHI-Sat 2 deploys, manifested by Exolaunch"
transporter15,post_launch,00:54:53,"BRO-20 deploys, manifested by Exolaunch"
transporter15,post_launch,00:54:58,"PHI-1 deploys, manifested by Exolaunch"
transporter15,post_launch,00:55:00,"Black Kite-1 deploys, manifested by Exolaunch"
transporter15,post_launch,00:55:04,"TRYAD-2 deploys, manifested by SEOPS"
transporter15,post_launch,00:55:11,"LEMUR-2-LAILA deploys, manifested by Exolaunch"
transporter15,post_launch,00:55:18,"HUNITY, SARI 1, SARI 2, and ANISC deploy, manifested by SEOPS"
transporter15,post_launch,00:55:20	,"LEMUR-2-DEANANDMAEVE deploys, manifested by Exolaunch"
transporter15,post_launch,00:55:27,"OroraTech GENA-OT-1 deploys, manifested by Exolaunch"
transporter15,post_launch,00:55:37,"LEMUR-2-TEODOR deploys, manifested by Exolaunch"
transporter15,post_launch,00:55:42,"NCKU-LILIUM-2 deploys, manifested by Exolaunch"
transporter15,post_launch,00:55:56,"LUNA-1 deploys, manifested by Exolaunch"
transporter15,post_launch,00:55:58,"6GStarLab deploys, manifested by Exolaunch"
transporter15,post_launch,00:55:59,"Accenture-1 deploys, manifested by Exolaunch"
transporter15,post_launch,00:56:06,"SpeQtre deploys, manifested by Space BD"
transporter15,post_launch,00:56:16,"GYEONGGISAT-1 (MXÁO-1) deploys, manifested by Exolaunch"
transporter15,post_launch,00:56:21,"OTTER and HCT-Sat2 deploy, manifested by Exolaunch"
transporter15,post_launch,00:56:38,"Fledgling Veery v0.5 (Veery-0G) and SPIN-2 deploy, manifested by Exolaunch"
transporter15,post_launch,00:56:40,"TRYAD-1 deploys, manifested by SEOPS"
transporter15,post_launch,00:56:51,"PW-6U deploys, manifested by SEOPS"
transporter15,post_launch,00:56:52,"T.MicroSat-1 via Tron Future Tech deploys, manifested by Exolaunch"
transporter15,post_launch,00:56:54,"MICE-1 deploys, manifested by Exolaunch"
transporter15,post_launch,00:56:56,"Flock 4H 10 deploys, manifested by Planet Labs"
transporter15,post_launch,00:57:06,"CTC-1A deploys, manifested by Arrow Science and Technology, LLC"
transporter15,post_launch,00:57:07,"Flock 4H 25 deploys, manifested by Planet Labs"
transporter15,post_launch,00:57:35,"NCKU-LILIUM-3 deploys, manifested by Exolaunch"
transporter15,post_launch,00:57:44,"PHASMA-LAMARR via LSF deploys, manifested by Exolaunch"
transporter15,post_launch,00:57:55,"PHASMA-DIRAC via LSF deploys, manifested by Exolaunch"
transporter15,post_launch,00:57:58,"Flock 4H 14 deploys, manifested by Planet Labs"
transporter15,post_launch,00:58:08,"Flock 4H 13 deploys, manifested by Planet Labs"
transporter15,post_launch,00:58:16,"AE5Rc deploys, manifested by Space BD"
transporter15,post_launch,00:58:17,"Flock 4H 5 deploys, manifested by Planet Labs"
transporter15,post_launch,00:58:25,"WISDOM A-B deploys, manifested by SEOPS"
transporter15,post_launch,00:58:43,"LEMUR-2-STAS-GORBUK deploys, manifested by Exolaunch"
transporter15,post_launch,00:59:05,"CTC-1A deploys, manifested by Arrow Science and Technology, LLC"
transporter15,post_launch,00:59:16,"Flock 4H 26 deploys, manifested by Planet Labs"
transporter15,post_launch,00:59:28,"Flock 4H 28 deploys, manifested by Planet Labs"
transporter15,post_launch,00:59:30,"Flock 4H 23 deploys, manifested by Planet Labs"
transporter15,post_launch,00:59:42,"CTC-1C deploys, manifested by Arrow Science and Technology, LLC"
transporter15,post_launch,00:59:45,"PIAST-M deploys, manifested by Exolaunch"
transporter15,post_launch,01:00:07,"Flock 4H 4 deploys, manifested by Planet Labs"
transporter15,post_launch,01:00:12,"IRIDE-MS1-EAGLET-2-1 deploys, manifested by OHB Italia"
transporter15,post_launch,01:00:14,"PIAST-S2 deploys, manifested by Exolaunch"
transporter15,post_launch,01:00:22,"IRIDE-MS1-EAGLET-2-5 deploys, manifested by OHB Italia"
transporter15,post_launch,01:00:27,"MAUVE deploys, manifested by SEOPS"
transporter15,post_launch,01:00:36,"Flock 4H 27 deploys, manifested by Planet Labs"
transporter15,post_launch,01:00:52,"IRIDE-MS1-EAGLET-2-4 deploys, manifested by OHB Italia"
transporter15,post_launch,01:00:57,"IRIDE-MS1-EAGLET-2-3 deploys, manifested by OHB Italia"
transporter15,post_launch,01:01:07,"IRIDE-MS1-EAGLET-2-6 deploys, manifested by OHB Italia"
transporter15,post_launch,01:01:42,"AE5Ra deploys, manifested by Space BD"
transporter15,post_launch,01:02:13,"AE5Rb deploys, manifested by Space BD"
transporter15,post_launch,01:02:21,"IRIDE-MS1-EAGLET-2-8 deploys, manifested by OHB Italia"
transporter15,post_launch,01:02:44,"Flock 4H 32 deploys, manifested by Planet Labs"
transporter15,post_launch,01:02:54,"IRIDE-MS1-EAGLET-2-7 deploys, manifested by OHB Italia"
transporter15,post_launch,01:03:07,"Flock 4H 16 deploys, manifested by Planet Labs"
transporter15,post_launch,01:03:09,"IRIDE-MS1-EAGLET-2-2 deploys, manifested by OHB Italia"
transporter15,post_launch,01:03:28,"Flock 4H 31 deploys, manifested by Planet Labs"
transporter15,post_launch,01:03:34,"Flock 4H 3 deploys, manifested by Planet Labs"
transporter15,post_launch,01:03:51,"3UCUBED-A deploys, manifested by SEOPS"
transporter15,post_launch,01:04:52,"Flock 4H 35 deploys, manifested by Planet Labs"
transporter15,post_launch,01:05:08,"Flock 4H 33 deploys, manifested by Planet Labs"
transporter15,post_launch,01:05:19,"Flock 4H 34 deploys, manifested by Planet Labs"
transporter15,post_launch,01:05:29,"Flock 4H 2 deploys, manifested by Planet Labs"
transporter15,post_launch,01:05:30,"Flock 4H 36 deploys, manifested by Planet Labs"
transporter15,post_launch,01:06:20,"Flock 4H 30 deploys, manifested by Planet Labs"
transporter15,post_launch,01:07:04,"Flock 4H 15 deploys, manifested by Planet Labs"
transporter15,post_launch,01:07:14,"Flock 4H 29 deploys, manifested by Planet Labs"
transporter15,post_launch,01:07:42,"Flock 4H 18 deploys, manifested by Planet Labs"
transporter15,post_launch,01:08:56,"Flock 4H 19 deploys, manifested by Planet Labs"
transporter15,post_launch,01:09:27,"Flock 4H 20 deploys, manifested by Planet Labs"
transporter15,post_launch,01:09:46,"Flock 4H 17 deploys, manifested by Planet Labs"
transporter15,post_launch,01:10:37,"Flock 4H 24 deploys, manifested by Planet Labs"
transporter15,post_launch,01:11:45,"Flock 4H 22 deploys, manifested by Planet Labs"
transporter15,post_launch,01:12:41,"Flock 4H 21 deploys, manifested by Planet Labs"
transporter15,post_launch,01:12:57,"Flock 4H 1 deploys, manifested by Planet Labs"
transporter15,post_launch,01:14:11,"Flock 4H 6 deploys, manifested by Planet Labs"
transporter15,post_launch,01:14:52,"Flock 4H 8 deploys, manifested by Planet Labs"
transporter15,post_launch,01:16:05,"Flock 4H 7 deploys, manifested by Planet Labs"
transporter15,post_launch,01:16:49,"Flock 4H 12 deploys, manifested by Planet Labs"
transporter15,post_launch,01:18:03,"Flock 4H 9 deploys, manifested by Planet Labs"
transporter15,post_launch,01:18:41,"Flock 4H 11 deploys, manifested by Planet Labs"
transporter15,post_launch,01:18:43,"ICEYE 4 deploys, manifested by Exolaunch"
transporter15,post_launch,01:18:55,"ICEYE 3 deploys, manifested by Exolaunch"
transporter15,post_launch,01:19:05,"NewSat 52 deploys, manifested by Satellogic"
transporter15,post_launch,01:19:15,"LEO Express 3 deploys, manifested by Impulse Space"
transporter15,post_launch,01:19:17,"AC1-003 deploys, manifested by Exolaunch"
transporter15,post_launch,01:19:30,"ICEYE 1 deploys, manifested by Exolaunch"
transporter15,post_launch,01:19:32,"HydroGNSS-1 deploys, manifested by Exolaunch"
transporter15,post_launch,01:19:40,"PIAST-S1 deploys, manifested by Exolaunch"
transporter15,post_launch,01:20:07,"Nahla deploys, manifested by Exolaunch"
transporter15,post_launch,01:20:15,"YAM-9 deploys, manifested by Exolaunch"
transporter15,post_launch,01:20:23,"Umbra-11 deploys, manifested by Umbra"
transporter15,post_launch,01:20:26,"Pelican-6 deploys, manifested by Planet Labs"
transporter15,post_launch,01:20:30,"Pelican-5 deploys, manifested by Planet Labs"
transporter15,post_launch,01:20:44,"NewSat 47 deploys, manifested by Satellogic"
transporter15,post_launch,01:20:52,"AC1-001 deploys, manifested by Exolaunch"
transporter15,post_launch,01:21:06,"MERCURY ONE deploys, manifested by Exolaunch"
transporter15,post_launch,01:21:13,"FGN-TUG-S01 deploys, manifested by Fergani"
transporter15,post_launch,01:21:20,"ICEYE 5 deploys, manifested by Exolaunch"
transporter15,post_launch,01:21:53,"ION SCV Galactic Giorgius deploys, manifested by Impulso Space"
transporter15,post_launch,01:22:02,"HydroGNSS-2 deploys, manifested by Exolaunch"
transporter15,post_launch,01:22:41,"AC1-002 deploys, manifested by Exolaunch"
transporter15,post_launch,01:22:44	,"NewSat 51 deploys, manifested by Satellogic"
transporter15,post_launch,01:23:29,"ION SCV Stellar Stephanus deploys, manifested by D-Orbit"
transporter15,post_launch,01:24:35,"W-Series 5 deploys, manifested by Varda"
transporter15,post_launch,01:25:35,"ICEYE 2 deploys, manifested by Exolaunch"
transporter15,post_launch,01:45:47,2nd stage engine starts (SES-3)
transporter15,post_launch,01:45:47,2nd stage engine cutoff (SECO-3)
transporter15,post_launch,02:15:41,2nd stage engine starts (SES-4)
transporter15,post_launch,02:15:41,2nd stage engine cutoff (SECO-4)
transporter15,post_launch,02:19:56,"FORMOSAT-8A deploys, manifested by TASA"
transporter15,post_launch,02:39:29,2nd stage engine starts (SES-5)
transporter15,post_launch,02:39:37,2nd stage engine cutoff (SECO-5)
transporter15,post_launch,02:43:10,"Realizing Rapid, Reduced-cost high-Risk Research (R5) deploys, manifested by NASA's CubeSat Launch Initiative"
sl-10-52,pre_launch,00:38:00,SpaceX Launch Director verifies go for propellant load
sl-10-52,pre_launch,00:35:00,RP-1 (rocket grade kerosene) loading begins
sl-10-52,pre_launch,00:35:00,1st stage LOX (liquid oxygen) loading begins
sl-10-52,pre_launch,00:16:00,2nd stage LOX loading begins
sl-10-52,pre_launch,00:07:00,Falcon 9 begins engine chill prior to launch
sl-10-52,pre_launch,00:01:00,Command flight computer to begin final prelaunch checks
sl-10-52,pre_launch,00:01:00,Propellant tank pressurization to flight pressure begins
sl-10-52,pre_launch,00:00:45,SpaceX Launch Director verifies go for launch
sl-10-52,pre_launch,00:00:03,Engine controller commands engine ignition sequence to start
sl-10-52,pre_launch,00:00:00,Falcon 9 liftoff
sl-10-52,post_launch,00:01:12 ,Max Q (Moment of peak mechanical stress on the rocket)
sl-10-52,post_launch,00:02:24 ,1st stage main engine cutoff (MECO)
sl-10-52,post_launch,00:02:28 ,1st and 2nd stages separate
sl-10-52,post_launch,00:02:34	,2nd stage engine starts (SES-1)
sl-10-52,post_launch,00:02:56 ,Fairing separation 
sl-10-52,post_launch,00:06:08 ,1st stage entry burn begins
sl-10-52,post_launch,00:06:34,1st stage entry burn ends
sl-10-52,post_launch,00:07:56	,1st stage landing burn begins
sl-10-52,post_launch,00:08:21 ,1st stage landing 
sl-10-52,post_launch,00:08:38 ,2nd stage engine cutoff (SECO-1)
sl-10-52,post_launch,00:54:36	,2nd stage engine starts (SES-2)
sl-10-52,post_launch,00:54:38 ,2nd stage engine cutoff (SECO-2)
sl-10-52,post_launch,01:03:58,Starlink satellites deploy
transporter16,pre_launch,00:38:00,SpaceX Launch Director verifies go for propellant load
transporter16,pre_launch,00:35:00,RP-1 (rocket grade kerosene) loading begins
transporter16,pre_launch,00:35:00,1st stage LOX (liquid oxygen) loading begins
transporter16,pre_launch,00:16:00,2nd stage LOX loading begins
transporter16,pre_launch,00:07:00,Falcon 9 begins engine chill prior to launch
transporter16,pre_launch,00:01:00,Command flight computer to begin final prelaunch checks
transporter16,pre_launch,00:01:00,Propellant tank pressurization to flight pressure begins
transporter16,pre_launch,00:00:45,SpaceX Launch Director verifies go for launch
transporter16,pre_launch,00:00:03,Engine controller commands engine ignition sequence to start
transporter16,pre_launch,00:00:00,Falcon 9 liftoff
transporter16,post_launch,00:01:07,Max Q (moment of peak mechanical stress on the rocket)
transporter16,post_launch,00:02:27,1st stage main engine cutoff (MECO)
transporter16,post_launch,00:02:30,1st and 2nd stages separate
transporter16,post_launch,00:02:38,2nd stage engine starts (SES-1)
transporter16,post_launch,00:03:07,Fairing separation
transporter16,post_launch,00:06:17,1st stage entry burn begins
transporter16,post_launch,00:06:41,1st stage entry burn ends
transporter16,post_launch,00:08:09,1st stage landing burn begins
transporter16,post_launch,00:08:19,2nd stage engine cutoff (SECO-1)
transporter16,post_launch,00:08:33,1st stage landing 
transporter16,post_launch,00:51:40,2nd stage engine starts (SES-2)
transporter16,post_launch,00:51:44,2nd stage engine cutoff (SECO-2)
transporter16,post_launch,0:54:39	,"LUNA-2 deploys, manifested by Exolaunch"
transporter16,post_launch,0:54:53,"FEMTO-1 deploys, manifested by Exolaunch"
transporter16,post_launch,0:55:08	,"JACK-002 deploys, manifested by Exolaunch"
transporter16,post_launch,0:55:15	,"DecimalSat-1, VegaFly-1, and HADES SpinnyOne deploy, manifested by SEOPS"
transporter16,post_launch,0:55:21	,"ERMIS 1 deploys, manifested by Exolaunch"
transporter16,post_launch,0:55:28,"VIREON-2 deploys, manifested by Exolaunch"
transporter16,post_launch,0:55:38,"COSMO deploys, manifested by Exolaunch"
transporter16,post_launch,0:55:49	,"ERMIS 2 deploys, manifested by Exolaunch"
transporter16,post_launch,0:56:07	,"TES-23 deploys, manifested by Maverick Space Systems"
transporter16,post_launch,0:56:18,"PeakSat via SpaceDot deploys, manifested by Exolaunch"
transporter16,post_launch,0:56:31	,"SAL-E deploys, manifested by Maverick Space Systems"
transporter16,post_launch,0:56:36	,"ERMIS 3 deploys, manifested by Exolaunch"
transporter16,post_launch,0:57:00	,"BRO-19 deploys, manifested by Exolaunch"
transporter16,post_launch,0:57:05	,"OptiSat deploys, manifested by Maverick Space Systems"
transporter16,post_launch,0:57:11,"PARUS-6U1 deploys, manifested by Maverick Space Systems"
transporter16,post_launch,0:57:34	,"T.MicroSat-2 via Tron Future Tech deploys, manifested by Exolaunch"
transporter16,post_launch,0:57:41	,"SPOQC deploys, manifested by ISISPACE/SPACE-BD"
transporter16,post_launch,0:57:54	,"VIREON-1 deploys, manifested by Exolaunch"
transporter16,post_launch,0:58:04	,"DISCO-2 deploys, manifested by Exolaunch"
transporter16,post_launch,0:58:30,"SHARJAH-SAT-2 deploys, manifested by ISISPACE/SPACE-BD"
transporter16,post_launch,0:58:47	,"PHOBOS deploys, manifested Exolaunch"
transporter16,post_launch,0:58:58	,"SM-1.2 deploys, manifested by Maverick Space Systems"
transporter16,post_launch,0:59:39,"Harbinger deploys, manifested by Exolaunch"
transporter16,post_launch,0:59:44,"Out of the Box deploys, manifested by SEOPS"
transporter16,post_launch,1:00:11	,"Newsat-54 deploys, manifested by Satellogic"
transporter16,post_launch,1:00:28,"EMISAR, AiglonSat-1, and TROOP-F3 deploy, manifested by SEOPS"
transporter16,post_launch,1:00:38,"Lilium-4 deploys, manifested by SEOPS"
transporter16,post_launch,1:00:52	,"IRIDE-MS1-EAGLET-2-14 deploys, manifested by OHB Italia S.p.A."
transporter16,post_launch,1:01:10	,"AISSat-4 deploys, manifested by SEOPS"
transporter16,post_launch,1:01:29,"IRIDE-MS1-EAGLET-2-9 deploys, manifested by OHB Italia S.p.A."
transporter16,post_launch,1:01:40,"IRIDE-MS1-EAGLET-2-13 deploys, manifested by OHB Italia S.p.A."
transporter16,post_launch,1:01:55,"Ghost Rider deploys, manifested by SEOPS"
transporter16,post_launch,1:02:31	,"IRIDE-MS1-EAGLET-2-10 deploys, manifested by OHB Italia S.p.A."
transporter16,post_launch,1:02:45	,"IRIDE-MS1-EAGLET-2-16 deploys, manifested by OHB Italia S.p.A."
transporter16,post_launch,1:03:17		,"IRIDE-MS1-EAGLET-2-11 deploys, manifested by OHB Italia S.p.A."
transporter16,post_launch,1:03:34	,"Dream Big Constellation deploys, manifested by SEOPS"
transporter16,post_launch,1:04:00	,"Innosat Unamuno deploys, manifested by Exolaunch"
transporter16,post_launch,1:04:34,"IRIDE-MS1-EAGLET-2-12 deploys, manifested by OHB Italia S.p.A."
transporter16,post_launch,1:05:16	,"IRIDE-MS1-EAGLET-2-15 deploys, manifested by OHB Italia S.p.A."
transporter16,post_launch,1:05:56,"FGN-100-d3 deploys, manifested by Fergani"
transporter16,post_launch,1:06:03	,"Vigoride-7 NOM4DRide deploys, manifested by Momentus"
transporter16,post_launch,1:06:17,"HotSat-2 deploys, manifested by Global Satellite Vu Limited "
transporter16,post_launch,1:06:22,"Newsat-53 deploys, manifested by Satellogic"
transporter16,post_launch,1:06:29,"Hawk-14A deploys, manifested by Exolaunch"
transporter16,post_launch,1:06:58,"Spacevan-002 deploys, manifested by Exotrail "
transporter16,post_launch,1:07:17	,"W-Series 6 deploys, manifested by Varda Space Industries, Inc."
transporter16,post_launch,1:08:13	,"ION SCV Astounding Alexandra deploys, manifested by D-Orbit S.p.A."
transporter16,post_launch,1:08:25,"Hawk-14B deploys, manifested by Exolaunch"
transporter16,post_launch,1:10:12		,"Hawk-14C deploys, manifested by Exolaunch"
transporter16,post_launch,01:41:39,2nd stage engine starts (SES-3)
transporter16,post_launch,01:41:41,2nd stage engine cutoff (SECO-3)
transporter16,post_launch,02:13:05,2nd stage engine starts (SES-4)
transporter16,post_launch,02:13:05 ,2nd stage engine cutoff (SECO-4)
transporter16,post_launch,2:16:11	,"Gravitas deploys, manifested by K2 Space"
transporter16,post_launch,2:25:51	,"Flylab-2 deploys, manifested by Exolaunch"
transporter16,post_launch,2:26:03,"GEMS2-Amethyst via D-Orbit deploys, manifested by Maverick Space Systems"
transporter16,post_launch,2:26:08	,"Black Kite-2 deploys, manifested by Exolaunch"
transporter16,post_launch,2:26:15	,"LEMUR-2-IRINA deploys, manifested by Exolaunch"
transporter16,post_launch,2:26:21	,"UNICORN-2R and UNICORN-2S deploy, manifested by SEOPS"
transporter16,post_launch,2:26:28,"Flylab-1 deploys, manifested by Exolaunch"
transporter16,post_launch,2:26:34,"LEMUR-2-CLARA deploys, manifested by Exolaunch"
transporter16,post_launch,2:26:40,"AE1a deploys, manifested by Exolaunch"
transporter16,post_launch,2:26:51	,"LEMUR-2-JULIA-JOEL deploys, manifested by Exolaunch"
transporter16,post_launch,2:26:57	,"N1-ATLAS deploys, manifested by Maverick Space Systems"
transporter16,post_launch,2:27:03,"LEMUR-2-DELOITTE-2 deploys, manifested by Exolaunch"
transporter16,post_launch,2:27:15	,"Io-1 deploys, manifested by Exolaunch"
transporter16,post_launch,2:27:20	,"TORO3 deploys, manifested by Exolaunch "
transporter16,post_launch,2:27:25,"LEMUR-2-POLO-11 deploys, manifested by Exolaunch"
transporter16,post_launch,2:27:38	,"FOSSASAT-2E (FO025) deploys, manifested by SEOPS"
transporter16,post_launch,2:27:47,"Mimir 1 deploys, manifested by OHB Sweden"
transporter16,post_launch,2:27:53,"LEMUR-2-PEGGY-2004 deploys, manifested by Exolaunch"
transporter16,post_launch,2:28:05,"LEMUR-2-DELOITTE-3 deploys, manifested by Exolaunch"
transporter16,post_launch,2:28:17,"LEMUR-2-EMARCHIA deploys, manifested by Exolaunch"
transporter16,post_launch,2:28:27	,"ICEYE 1 deploys, manifested by Exolaunch"
transporter16,post_launch,2:28:43,"LEMUR-2-CARROLLEMO deploys, manifested by Exolaunch"
transporter16,post_launch,2:28:53,"ICEYE 3 deploys, manifested by Exolaunch"
transporter16,post_launch,2:29:04	,"ICEYE 5 deploys, manifested by Exolaunch"
transporter16,post_launch,2:29:29,"Vindlér 2.0.2 deploys, manifested by Exolaunch"
transporter16,post_launch,2:29:35,"SERT3 deploys, manifested by Muon Space, Inc."
transporter16,post_launch,2:29:54,"ICEYE 4 deploys, manifested by Exolaunch"
transporter16,post_launch,2:30:01	,"Acadia-10 deploys, manifested by Capella Space"
transporter16,post_launch,2:30:19,"ICEYE 6 deploys, manifested by Exolaunch"
transporter16,post_launch,2:30:38	,"Vindlér 2.0.3 deploys, manifested by Exolaunch"
transporter16,post_launch,2:31:01	,"ICEYE 2 deploys, manifested by Exolaunch"
transporter16,post_launch,2:31:56	,"Vindlér 2.0.1 deploys, manifested by Exolaunch"
sl-15-13,pre_launch,00:38:00,SpaceX Launch Director verifies go for propellant load
sl-15-13,pre_launch,00:35:00,RP-1 (rocket grade kerosene) loading begins
sl-15-13,pre_launch,00:35:00,1st stage LOX (liquid oxygen) loading begins
sl-15-13,pre_launch,00:16:00,2nd stage LOX loading begins
sl-15-13,pre_launch,00:07:00,Falcon 9 begins engine chill prior to launch
sl-15-13,pre_launch,00:01:00,Command flight computer to begin final prelaunch checks
sl-15-13,pre_launch,00:01:00,Propellant tank pressurization to flight pressure begins
sl-15-13,pre_launch,00:00:45,SpaceX Launch Director verifies go for launch
sl-15-13,pre_launch,00:00:03,Engine controller commands engine ignition sequence to start
sl-15-13,pre_launch,00:00:00,Falcon 9 liftoff
sl-15-13,post_launch,00:01:12 ,"Max Q (moment of peak mechanical stress on the rocket)
"
sl-15-13,post_launch,00:02:25 ,"1st stage main engine cutoff (MECO)
"
sl-15-13,post_launch,00:02:28 ,"1st and 2nd stages separate
"
sl-15-13,post_launch,00:02:35,"2nd stage engine starts (SES-1)
"
sl-15-13,post_launch,00:02:54 ,Fairing separation 
sl-15-13,post_launch,00:06:10 ,"1st stage entry burn begins
"
sl-15-13,post_launch,00:06:33 ,"1st stage entry burn ends
"
sl-15-13,post_launch,00:08:03 ,"1st stage landing burn begins
"
sl-15-13,post_launch,00:08:27 ,"1st stage landing
"
sl-15-13,post_launch,00:08:39 ,"2nd stage engine cutoff (SECO-1)
"
sl-15-13,post_launch,00:52:23 ,2nd stage engine starts (SES-2)
sl-15-13,post_launch,00:52:25 ,"2nd stage engine cutoff (SECO-2)
"
sl-15-13,post_launch,01:01:15 ,Starlink satellites deploy
sl-17-20,pre_launch,00:38:00,SpaceX Launch Director verifies go for propellant load
sl-17-20,pre_launch,00:35:00,RP-1 (rocket grade kerosene) loading begins
sl-17-20,pre_launch,00:35:00,1st stage LOX (liquid oxygen) loading begins
sl-17-20,pre_launch,00:16:00,2nd stage LOX loading begins
sl-17-20,pre_launch,00:07:00,Falcon 9 begins engine chill prior to launch
sl-17-20,pre_launch,00:01:00,Command flight computer to begin final prelaunch checks
sl-17-20,pre_launch,00:01:00,Propellant tank pressurization to flight pressure begins
sl-17-20,pre_launch,00:00:45,SpaceX Launch Director verifies go for launch
sl-17-20,pre_launch,00:00:03,Engine controller commands engine ignition sequence to start
sl-17-20,pre_launch,00:00:00,Falcon 9 liftoff
sl-17-20,post_launch,00:01:12,Max Q (moment of peak mechanical stress on the rocket)
sl-17-20,post_launch,00:02:24,1st stage main engine cutoff (MECO)
sl-17-20,post_launch,00:02:28,1st and 2nd stages separate
sl-17-20,post_launch,00:02:35,2nd stage engine starts (SES-1)
sl-17-20,post_launch,00:02:55,Fairing separation
sl-17-20,post_launch,00:06:07,1st stage entry burn begins
sl-17-20,post_launch,00:06:33,1st stage entry burn ends
sl-17-20,post_launch,00:07:57,1st stage landing burn begins
sl-17-20,post_launch,00:08:21,1st stage landing
sl-17-20,post_launch,00:08:39,2nd stage engine cutoff (SECO-1)
sl-17-20,post_launch,00:53:11,2nd stage engine starts (SES-2)
sl-17-20,post_launch,00:53:12,2nd stage engine cutoff (SECO-2)
sl-17-20,post_launch,01:02:03 ,Starlink satellites deploy
sl-17-2,pre_launch,00:38:00,SpaceX Launch Director verifies go for propellant load
sl-17-2,pre_launch,00:35:00,RP-1 (rocket grade kerosene) loading begins
sl-17-2,pre_launch,00:35:00,1st stage LOX (liquid oxygen) loading begins
sl-17-2,pre_launch,00:16:00,2nd stage LOX loading begins
sl-17-2,pre_launch,00:07:00,Falcon 9 begins engine chill prior to launch
sl-17-2,pre_launch,00:01:00,Command flight computer to begin final prelaunch checks
sl-17-2,pre_launch,00:01:00,Propellant tank pressurization to flight pressure begins
sl-17-2,pre_launch,00:00:45,SpaceX Launch Director verifies go for launch
sl-17-2,pre_launch,00:00:03,Engine controller commands engine ignition sequence to start
sl-17-2,pre_launch,00:00:00,Falcon 9 liftoff
sl-17-2,post_launch,00:01:12,Max Q (Moment of peak mechanical stress on the rocket)
sl-17-2,post_launch,00:02:26,1st stage main engine cutoff (MECO)
sl-17-2,post_launch,00:02:29,1st and 2nd stages separate
sl-17-2,post_launch,00:02:36,2nd stage engine starts (SES-1)
sl-17-2,post_launch,00:02:54,Fairing separation
sl-17-2,post_launch,00:06:10,1st stage entry burn begins
sl-17-2,post_launch,00:06:33,1st stage entry burn ends
sl-17-2,post_launch,00:07:54,1st stage landing burn begins
sl-17-2,post_launch,00:08:23,1st stage landing
sl-17-2,post_launch,00:08:39,2nd stage engine cutoff (SECO-1)
sl-17-2,post_launch,00:54:15,2nd stage engine starts (SES-2)
sl-17-2,post_launch,00:54:16,2nd stage engine cutoff (SECO-2)
sl-17-2,post_launch,01:03:07,Starlink satellites deploy
sl-11-21,pre_launch,00:38:00,SpaceX Launch Director verifies go for propellant load
sl-11-21,pre_launch,00:35:00,RP-1 (rocket grade kerosene) loading begins
sl-11-21,pre_launch,00:35:00,1st stage LOX (liquid oxygen) loading begins
sl-11-21,pre_launch,00:16:00,2nd stage LOX loading begins
sl-11-21,pre_launch,00:07:00,Falcon 9 begins engine chill prior to launch
sl-11-21,pre_launch,00:01:00,Command flight computer to begin final prelaunch checks
sl-11-21,pre_launch,00:01:00,Propellant tank pressurization to flight pressure begins
sl-11-21,pre_launch,00:00:45,SpaceX Launch Director verifies go for launch
sl-11-21,pre_launch,00:00:03,Engine controller commands engine ignition sequence to start
sl-11-21,pre_launch,00:00:00,Falcon 9 liftoff
sl-11-21,post_launch,00:01:12,Max Q (moment of peak mechanical stress on the rocket)
sl-11-21,post_launch,00:02:25,1st stage main engine cutoff (MECO)
sl-11-21,post_launch,00:02:28,1st and 2nd stages separate
sl-11-21,post_launch,00:02:35,2nd stage engine starts (SES-1)
sl-11-21,post_launch,00:02:57,Fairing separation
sl-11-21,post_launch,00:06:05,1st stage entry burn begins
sl-11-21,post_launch,00:06:31,1st stage entry burn ends
sl-11-21,post_launch,00:08:00,1st stage landing burn begins
sl-11-21,post_launch,00:08:23,1st stage landing
sl-11-21,post_launch,00:08:39,2nd stage engine cutoff (SECO-1)
sl-11-21,post_launch,00:53:01,2nd stage engine starts (SES-2)
sl-11-21,post_launch,00:53:02,2nd stage engine cutoff (SECO-2)
sl-11-21,post_launch,00:59:52,Starlink satellites deploy
sl-10-44,pre_launch,00:38:00,SpaceX Launch Director verifies go for propellant load
sl-10-44,pre_launch,00:35:00,RP-1 (rocket grade kerosene) loading begins
sl-10-44,pre_launch,00:35:00,1st stage LOX (liquid oxygen) loading begins
sl-10-44,pre_launch,00:16:00,2nd stage LOX loading begins
sl-10-44,pre_launch,00:07:00,Falcon 9 begins engine chill prior to launch
sl-10-44,pre_launch,00:01:00,Command flight computer to begin final prelaunch checks
sl-10-44,pre_launch,00:01:00,Propellant tank pressurization to flight pressure begins
sl-10-44,pre_launch,00:00:45,SpaceX Launch Director verifies go for launch
sl-10-44,pre_launch,00:00:03,Engine controller commands engine ignition sequence to start
sl-10-44,pre_launch,00:00:00,Falcon 9 liftoff
sl-10-44,post_launch,00:01:10,Max Q (moment of peak mechanical stress on the rocket)
sl-10-44,post_launch,00:02:26,1st stage main engine cutoff (MECO)
sl-10-44,post_launch,00:02:29,1st and 2nd stages separate
sl-10-44,post_launch,00:02:36,2nd stage engine starts (SES-1)
sl-10-44,post_launch,00:02:58,Fairing separation
sl-10-44,post_launch,00:06:01,1st stage entry burn begins
sl-10-44,post_launch,00:06:23,1st stage entry burn ends
sl-10-44,post_launch,00:07:59,1st stage landing burn begins
sl-10-44,post_launch,00:08:21,1st stage landing
sl-10-44,post_launch,00:08:40,2nd stage engine cutoff (SECO-1)
sl-10-44,post_launch,00:52:04,2nd stage engine starts (SES-2)
sl-10-44,post_launch,00:52:05,2nd stage engine cutoff (SECO-2)
sl-10-44,post_launch,01:01:26,Starlink satellites deploy
sl-10-37,pre_launch,00:38:00,SpaceX Launch Director verifies go for propellant load
sl-10-37,pre_launch,00:35:00,RP-1 (rocket grade kerosene) loading begins
sl-10-37,pre_launch,00:35:00,1st stage LOX (liquid oxygen) loading begins
sl-10-37,pre_launch,00:16:00,2nd stage LOX loading begins
sl-10-37,pre_launch,00:07:00,Falcon 9 begins engine chill prior to launch
sl-10-37,pre_launch,00:01:00,Command flight computer to begin final prelaunch checks
sl-10-37,pre_launch,00:01:00,Propellant tank pressurization to flight pressure begins
sl-10-37,pre_launch,00:00:45,SpaceX Launch Director verifies go for launch
sl-10-37,pre_launch,00:00:03,Engine controller commands engine ignition sequence to start
sl-10-37,pre_launch,00:00:00,Falcon 9 liftoff
sl-10-37,post_launch,00:01:12,Max Q (moment of peak mechanical stress on the rocket)
sl-10-37,post_launch,00:02:26,1st stage main engine cutoff (MECO)
sl-10-37,post_launch,00:02:29,1st and 2nd stages separate
sl-10-37,post_launch,00:02:36,2nd stage engine starts (SES-1)
sl-10-37,post_launch,00:02:57,Fairing separation
sl-10-37,post_launch,00:06:10,1st stage entry burn begins
sl-10-37,post_launch,00:06:33,1st stage entry burn ends
sl-10-37,post_launch,00:07:58,1st stage landing burn begins
sl-10-37,post_launch,00:08:22,1st stage landing
sl-10-37,post_launch,00:08:40,2nd stage engine cutoff (SECO-1)
sl-10-37,post_launch,00:54:31,2nd stage engine starts (SES-2)
sl-10-37,post_launch,00:54:33,2nd stage engine cutoff (SECO-2)
sl-10-37,post_launch,01:03:53,Starlink satellites deploy
sl-6-103,pre_launch,00:38:00,SpaceX Launch Director verifies go for propellant load
sl-6-103,pre_launch,00:35:00,RP-1 (rocket grade kerosene) loading begins
sl-6-103,pre_launch,00:35:00,1st stage LOX (liquid oxygen) loading begins
sl-6-103,pre_launch,00:16:00,2nd stage LOX loading begins
sl-6-103,pre_launch,00:07:00,Falcon 9 begins engine chill prior to launch
sl-6-103,pre_launch,00:01:00,Command flight computer to begin final prelaunch checks
sl-6-103,pre_launch,00:01:00,Propellant tank pressurization to flight pressure begins
sl-6-103,pre_launch,00:00:45,SpaceX Launch Director verifies go for launch
sl-6-103,pre_launch,00:00:03,Engine controller commands engine ignition sequence to start
sl-6-103,pre_launch,00:00:00,Falcon 9 liftoff
sl-6-103,post_launch,00:01:12,Max Q (moment of peak mechanical stress on the rocket)
sl-6-103,post_launch,00:02:24,1st stage main engine cutoff (MECO)
sl-6-103,post_launch,00:02:28,1st and 2nd stages separate
sl-6-103,post_launch,00:02:36,2nd stage engine starts (SES-1)
sl-6-103,post_launch,00:02:57,Fairing separation
sl-6-103,post_launch,00:06:08,1st stage entry burn begins
sl-6-103,post_launch,00:06:34,1st stage entry burn ends
sl-6-103,post_launch,00:07:55,1st stage landing burn begins
sl-6-103,post_launch,00:08:20,1st stage landing
sl-6-103,post_launch,00:08:40,2nd stage engine cutoff (SECO-1)
sl-6-103,post_launch,00:53:52,2nd stage engine starts (SES-2)
sl-6-103,post_launch,00:53:54,2nd stage engine cutoff (SECO-2)
sl-6-103,post_launch,01:04:59,Starlink satellites deploy
sl-17-12,pre_launch,00:38:00,SpaceX Launch Director verifies go for propellant load
sl-17-12,pre_launch,00:35:00,RP-1 (rocket grade kerosene) loading begins
sl-17-12,pre_launch,00:35:00,1st stage LOX (liquid oxygen) loading begins
sl-17-12,pre_launch,00:16:00,2nd stage LOX loading begins
sl-17-12,pre_launch,00:07:00,Falcon 9 begins engine chill prior to launch
sl-17-12,pre_launch,00:01:00,Command flight computer to begin final prelaunch checks
sl-17-12,pre_launch,00:01:00,Propellant tank pressurization to flight pressure begins
sl-17-12,pre_launch,00:00:45,SpaceX Launch Director verifies go for launch
sl-17-12,pre_launch,00:00:03,Engine controller commands engine ignition sequence to start
sl-17-12,pre_launch,00:00:00,Falcon 9 liftoff
sl-17-12,post_launch,00:01:12 ,Max Q (Moment of peak mechanical stress on the rocket)
sl-17-12,post_launch,00:02:25 ,1st stage main engine cutoff (MECO)
sl-17-12,post_launch,00:02:28 ,1st and 2nd stages separate
sl-17-12,post_launch,00:02:35,2nd stage engine starts (SES-1)
sl-17-12,post_launch,00:02:54,Fairing separation 
sl-17-12,post_launch,00:06:07,1st stage entry burn begins
sl-17-12,post_launch,00:06:32,1st stage entry burn ends
sl-17-12,post_launch,00:07:59,1st stage landing burn begins
sl-17-12,post_launch,00:08:21,1st stage landing 
sl-17-12,post_launch,00:08:39,2nd stage engine cutoff (SECO-1)
sl-17-12,post_launch,00:53:29,2nd stage engine starts (SES-2)
sl-17-12,post_launch,00:53:30,2nd stage engine cutoff (SECO-2)
sl-17-12,post_launch,01:02:21,Starlink satellites deploy
sl-13-4,pre_launch,00:38:00,SpaceX Launch Director verifies go for propellant load
sl-13-4,pre_launch,00:35:00,RP-1 (rocket grade kerosene) loading begins
sl-13-4,pre_launch,00:35:00,1st stage LOX (liquid oxygen) loading begins
sl-13-4,pre_launch,00:16:00,2nd stage LOX loading begins
sl-13-4,pre_launch,00:07:00,Falcon 9 begins engine chill prior to launch
sl-13-4,pre_launch,00:01:00,Command flight computer to begin final prelaunch checks
sl-13-4,pre_launch,00:01:00,Propellant tank pressurization to flight pressure begins
sl-13-4,pre_launch,00:00:45,SpaceX Launch Director verifies go for launch
sl-13-4,pre_launch,00:00:03,Engine controller commands engine ignition sequence to start
sl-13-4,pre_launch,00:00:00,Falcon 9 liftoff
sl-13-4,post_launch,00:01:12,Max Q (Moment of peak mechanical stress on the rocket)
sl-13-4,post_launch,00:02:26,1st stage main engine cutoff (MECO)
sl-13-4,post_launch,00:02:29,1st and 2nd stages separate
sl-13-4,post_launch,00:02:36,2nd stage engine starts (SES-1)
sl-13-4,post_launch,00:02:54,Fairing separation
sl-13-4,post_launch,00:06:10,1st stage entry burn begins
sl-13-4,post_launch,00:06:33,1st stage entry burn ends
sl-13-4,post_launch,00:07:54,1st stage landing burn begins
sl-13-4,post_launch,00:08:23,1st stage landing
sl-13-4,post_launch,00:08:39,2nd stage engine cutoff (SECO-1)
sl-13-4,post_launch,00:54:15,2nd stage engine starts (SES-2)
sl-13-4,post_launch,00:54:16,2nd stage engine cutoff (SECO-2)
sl-13-4,post_launch,01:03:07,Starlink satellites deploy
sda-t1tl-b,pre_launch,00:38:00,SpaceX Launch Director verifies go for propellant load
sda-t1tl-b,pre_launch,00:35:00,RP-1 (rocket grade kerosene) loading begins
sda-t1tl-b,pre_launch,00:35:00,1st stage LOX (liquid oxygen) loading begins
sda-t1tl-b,pre_launch,00:16:00,2nd stage LOX loading begins
sda-t1tl-b,pre_launch,00:07:00,Falcon 9 begins engine chill prior to launch
sda-t1tl-b,pre_launch,00:01:00,Command flight computer to begin final prelaunch checks
sda-t1tl-b,pre_launch,00:01:00,Propellant tank pressurization to flight pressure begins
sda-t1tl-b,pre_launch,00:00:45,SpaceX Launch Director verifies go for launch
sda-t1tl-b,pre_launch,00:00:03,Engine controller commands engine ignition sequence to start
sda-t1tl-b,pre_launch,00:00:00,Falcon 9 liftoff
sda-t1tl-b,post_launch,00:01:12,Max Q (moment of peak mechanical stress on the rocket)
sda-t1tl-b,post_launch,00:02:30,1st stage main engine cutoff (MECO)
sda-t1tl-b,post_launch,00:02:34,1st and 2nd stages separate
sda-t1tl-b,post_launch,00:02:42,2nd stage engine starts (SES-1)
sda-t1tl-b,post_launch,00:06:24,1st stage entry burn begins
sda-t1tl-b,post_launch,00:06:47,1st stage entry burn ends
sda-t1tl-b,post_launch,00:08:12,1st stage landing burn begins
sda-t1tl-b,post_launch,00:08:36,1st stage landing 
sda-t1tl-b,post_launch,00:08:38,2nd stage engine cutoff (SECO-1)
sda-t1tl-b,post_launch,00:56:43,2nd stage engine starts (SES-2)
sda-t1tl-b,post_launch,00:56:51,2nd stage engine cutoff (SECO-2)
sl-10-27,pre_launch,00:38:00,SpaceX Launch Director verifies go for propellant load
sl-10-27,pre_launch,00:35:00,RP-1 (rocket grade kerosene) loading begins
sl-10-27,pre_launch,00:35:00,1st stage LOX (liquid oxygen) loading begins
sl-10-27,pre_launch,00:16:00,2nd stage LOX loading begins
sl-10-27,pre_launch,00:07:00,Falcon 9 begins engine chill prior to launch
sl-10-27,pre_launch,00:01:00,Command flight computer to begin final prelaunch checks
sl-10-27,pre_launch,00:01:00,Propellant tank pressurization to flight pressure begins
sl-10-27,pre_launch,00:00:45,SpaceX Launch Director verifies go for launch
sl-10-27,pre_launch,00:00:03,Engine controller commands engine ignition sequence to start
sl-10-27,pre_launch,00:00:00,Falcon 9 liftoff
sl-10-27,post_launch,00:01:12 ,Max Q (Moment of peak mechanical stress on the rocket)
sl-10-27,post_launch,00:02:24 ,1st stage main engine cutoff (MECO)
sl-10-27,post_launch,00:02:28 ,1st and 2nd stages separate
sl-10-27,post_launch,00:02:36,2nd stage engine starts (SES-1)
sl-10-27,post_launch,00:02:56 ,Fairing separation 
sl-10-27,post_launch,00:06:11 ,1st stage entry burn begins
sl-10-27,post_launch,00:06:37,1st stage entry burn ends
sl-10-27,post_launch,00:08:00,1st stage landing burn begins
sl-10-27,post_launch,00:08:24,1st stage landing 
sl-10-27,post_launch,00:08:39,2nd stage engine cutoff (SECO-1)
sl-10-27,post_launch,00:54:56,2nd stage engine starts (SES-2)
sl-10-27,post_launch,00:54:57,2nd stage engine cutoff (SECO-2)
sl-10-27,post_launch,01:04:18,Starlink satellites deploy
sl-6-86,pre_launch,00:38:00,SpaceX Launch Director verifies go for propellant load
sl-6-86,pre_launch,00:35:00,RP-1 (rocket grade kerosene) loading begins
sl-6-86,pre_launch,00:35:00,1st stage LOX (liquid oxygen) loading begins
sl-6-86,pre_launch,00:16:00,2nd stage LOX loading begins
sl-6-86,pre_launch,00:07:00,Falcon 9 begins engine chill prior to launch
sl-6-86,pre_launch,00:01:00,Command flight computer to begin final prelaunch checks
sl-6-86,pre_launch,00:01:00,Propellant tank pressurization to flight pressure begins
sl-6-86,pre_launch,00:00:45,SpaceX Launch Director verifies go for launch
sl-6-86,pre_launch,00:00:03,Engine controller commands engine ignition sequence to start
sl-6-86,pre_launch,00:00:00,Falcon 9 liftoff
sl-6-86,post_launch,00:01:12,Max Q (moment of peak mechanical stress on the rocket)
sl-6-86,post_launch,00:02:24,1st stage main engine cutoff (MECO)
sl-6-86,post_launch,00:02:27,1st and 2nd stages separate
sl-6-86,post_launch,00:02:34,2nd stage engine starts (SES-1)
sl-6-86,post_launch,00:02:57,Fairing separation
sl-6-86,post_launch,00:06:07,1st stage entry burn begins
sl-6-86,post_launch,00:06:34,1st stage entry burn ends
sl-6-86,post_launch,00:08:01,1st stage landing burn begins
sl-6-86,post_launch,00:08:25,1st stage landing
sl-6-86,post_launch,00:08:38,2nd stage engine cutoff (SECO-1)
sl-6-86,post_launch,00:56:48,2nd stage engine starts (SES-2)
sl-6-86,post_launch,00:53:50,2nd stage engine cutoff (SECO-2)
sl-6-86,post_launch,01:04:55,Starlink satellites deploy
sl-10-36,pre_launch,00:38:00,SpaceX Launch Director verifies go for propellant load
sl-10-36,pre_launch,00:35:00,RP-1 (rocket grade kerosene) loading begins
sl-10-36,pre_launch,00:35:00,1st stage LOX (liquid oxygen) loading begins
sl-10-36,pre_launch,00:16:00,2nd stage LOX loading begins
sl-10-36,pre_launch,00:07:00,Falcon 9 begins engine chill prior to launch
sl-10-36,pre_launch,00:01:00,Command flight computer to begin final prelaunch checks
sl-10-36,pre_launch,00:01:00,Propellant tank pressurization to flight pressure begins
sl-10-36,pre_launch,00:00:45,SpaceX Launch Director verifies go for launch
sl-10-36,pre_launch,00:00:03,Engine controller commands engine ignition sequence to start
sl-10-36,pre_launch,00:00:00,Falcon 9 liftoff
sl-10-36,post_launch,00:01:12,Max Q (moment of peak mechanical stress on the rocket)
sl-10-36,post_launch,00:02:26,1st stage main engine cutoff (MECO)
sl-10-36,post_launch,00:02:29,1st and 2nd stages separate
sl-10-36,post_launch,00:02:36,2nd stage engine starts (SES-1)
sl-10-36,post_launch,00:03:01,Fairing separation
sl-10-36,post_launch,00:06:01,1st stage entry burn begins
sl-10-36,post_launch,00:06:23,1st stage entry burn ends
sl-10-36,post_launch,00:07:55,1st stage landing burn begins
sl-10-36,post_launch,00:08:19,1st stage landing
sl-10-36,post_launch,00:08:40,2nd stage engine cutoff (SECO-1)
sl-10-36,post_launch,00:54:21,2nd stage engine starts (SES-2)
sl-10-36,post_launch,00:54:22,2nd stage engine cutoff (SECO-2)
sl-10-36,post_launch,01:03:42,Starlink satellites deploy
sl-10-58,pre_launch,00:38:00,SpaceX Launch Director verifies go for propellant load
sl-10-58,pre_launch,00:35:00,RP-1 (rocket grade kerosene) loading begins
sl-10-58,pre_launch,00:35:00,1st stage LOX (liquid oxygen) loading begins
sl-10-58,pre_launch,00:16:00,2nd stage LOX loading begins
sl-10-58,pre_launch,00:07:00,Falcon 9 begins engine chill prior to launch
sl-10-58,pre_launch,00:01:00,Command flight computer to begin final prelaunch checks
sl-10-58,pre_launch,00:01:00,Propellant tank pressurization to flight pressure begins
sl-10-58,pre_launch,00:00:45,SpaceX Launch Director verifies go for launch
sl-10-58,pre_launch,00:00:03,Engine controller commands engine ignition sequence to start
sl-10-58,pre_launch,00:00:00,Falcon 9 liftoff
sl-10-58,post_launch,00:01:10,Max Q (moment of peak mechanical stress on the rocket)
sl-10-58,post_launch,00:02:26,1st stage main engine cutoff (MECO)
sl-10-58,post_launch,00:02:29,1st and 2nd stages separate
sl-10-58,post_launch,00:02:36,2nd stage engine starts (SES-1)
sl-10-58,post_launch,00:02:59,Fairing separation
sl-10-58,post_launch,00:06:00,1st stage entry burn begins
sl-10-58,post_launch,00:06:22,1st stage entry burn ends
sl-10-58,post_launch,00:07:56,1st stage landing burn begins
sl-10-58,post_launch,00:08:19,1st stage landing
sl-10-58,post_launch,00:08:40,2nd stage engine cutoff (SECO-1)
sl-10-58,post_launch,00:54:10,2nd stage engine starts (SES-2)
sl-10-58,post_launch,00:54:11,2nd stage engine cutoff (SECO-2)
sl-10-58,post_launch,01:03:31 ,Starlink satellites deploy
sl-10-51,pre_launch,00:38:00,SpaceX Launch Director verifies go for propellant load
sl-10-51,pre_launch,00:35:00,RP-1 (rocket grade kerosene) loading begins
sl-10-51,pre_launch,00:35:00,1st stage LOX (liquid oxygen) loading begins
sl-10-51,pre_launch,00:16:00,2nd stage LOX loading begins
sl-10-51,pre_launch,00:07:00,Falcon 9 begins engine chill prior to launch
sl-10-51,pre_launch,00:01:00,Command flight computer to begin final prelaunch checks
sl-10-51,pre_launch,00:01:00,Propellant tank pressurization to flight pressure begins
sl-10-51,pre_launch,00:00:45,SpaceX Launch Director verifies go for launch
sl-10-51,pre_launch,00:00:03,Engine controller commands engine ignition sequence to start
sl-10-51,pre_launch,00:00:00,Falcon 9 liftoff
sl-10-51,post_launch,00:01:12,Max Q (moment of peak mechanical stress on the rocket)
sl-10-51,post_launch,00:02:26,1st stage main engine cutoff (MECO)
sl-10-51,post_launch,00:02:29,1st and 2nd stages separate
sl-10-51,post_launch,00:02:36,2nd stage engine starts (SES-1)
sl-10-51,post_launch,00:02:58,Fairing separation
sl-10-51,post_launch,00:06:09,1st stage entry burn begins
sl-10-51,post_launch,00:06:31,1st stage entry burn ends
sl-10-51,post_launch,00:07:59,1st stage landing burn begins
sl-10-51,post_launch,00:08:22,1st stage landing
sl-10-51,post_launch,00:08:39,2nd stage engine cutoff (SECO-1)
sl-10-51,post_launch,00:54:28,2nd stage engine starts (SES-2)
sl-10-51,post_launch,00:54:29,2nd stage engine cutoff (SECO-2)
sl-10-51,post_launch,01:03:50,Starlink satellites deploy
sl-10-29,pre_launch,00:38:00,SpaceX Launch Director verifies go for propellant load
sl-10-29,pre_launch,00:35:00,RP-1 (rocket grade kerosene) loading begins
sl-10-29,pre_launch,00:35:00,1st stage LOX (liquid oxygen) loading begins
sl-10-29,pre_launch,00:16:00,2nd stage LOX loading begins
sl-10-29,pre_launch,00:07:00,Falcon 9 begins engine chill prior to launch
sl-10-29,pre_launch,00:01:00,Command flight computer to begin final prelaunch checks
sl-10-29,pre_launch,00:01:00,Propellant tank pressurization to flight pressure begins
sl-10-29,pre_launch,00:00:45,SpaceX Launch Director verifies go for launch
sl-10-29,pre_launch,00:00:03,Engine controller commands engine ignition sequence to start
sl-10-29,pre_launch,00:00:00,Falcon 9 liftoff
sl-10-29,post_launch,00:01:12,Max Q (Moment of peak mechanical stress on the rocket)
sl-10-29,post_launch,00:02:26,1st stage main engine cutoff (MECO)
sl-10-29,post_launch,00:02:29,1st and 2nd stages separate
sl-10-29,post_launch,00:02:36,2nd stage engine starts (SES-1)
sl-10-29,post_launch,00:02:54,Fairing separation
sl-10-29,post_launch,00:06:10,1st stage entry burn begins
sl-10-29,post_launch,00:06:33,1st stage entry burn ends
sl-10-29,post_launch,00:07:54,1st stage landing burn begins
sl-10-29,post_launch,00:08:23,1st stage landing
sl-10-29,post_launch,00:08:39,2nd stage engine cutoff (SECO-1)
sl-10-29,post_launch,00:54:15,2nd stage engine starts (SES-2)
sl-10-29,post_launch,00:54:16,2nd stage engine cutoff (SECO-2)
sl-10-29,post_launch,01:03:07,Starlink satellites deploy
naos,pre_launch,00:38:00,SpaceX Launch Director verifies go for propellant load
naos,pre_launch,00:35:00,RP-1 (rocket grade kerosene) loading begins
naos,pre_launch,00:35:00,1st stage LOX (liquid oxygen) loading begins
naos,pre_launch,00:16:00,2nd stage LOX loading begins
naos,pre_launch,00:07:00,Falcon 9 begins engine chill prior to launch
naos,pre_launch,00:01:00,Command flight computer to begin final prelaunch checks
naos,pre_launch,00:01:00,Propellant tank pressurization to flight pressure begins
naos,pre_launch,00:00:45,SpaceX Launch Director verifies go for launch
naos,pre_launch,00:00:03,Engine controller commands engine ignition sequence to start
naos,pre_launch,00:00:00,Falcon 9 liftoff
naos,post_launch,00:01:12 ,Max Q (moment of peak mechanical stress on the rocket)
naos,post_launch,00:02:14 ,1st stage main engine cutoff (MECO)
naos,post_launch,00:02:18 ,1st and 2nd stages separate
naos,post_launch,00:02:22	,Stage 1 flip
naos,post_launch,00:02:25	,2nd stage engine starts (SES-1)
naos,post_launch,00:02:31	,Boostback burn starts
naos,post_launch,00:02:41	,Fairing separation
naos,post_launch,00:03:18	,Boostback burn ends
naos,post_launch,00:06:14 ,1st stage entry burn begins
naos,post_launch,00:06:35 ,1st stage entry burn ends
naos,post_launch,00:07:20 ,1st stage landing burn begins
naos,post_launch,00:07:57	,1st stage landing 
naos,post_launch,00:09:29 ,2nd stage engine cutoff (SECO-1)
naos,post_launch,00:11:42	,NAOS deploys
naos,post_launch,00:11:48	,Pelican-3 deploys
naos,post_launch,00:11:55	,Pelican-4 deploys
naos,post_launch,00:52:34 ,2nd stage engine starts (SES-2)
naos,post_launch,00:52:37 ,2nd stage engine cutoff (SECO-2)
naos,post_launch,01:05:55 ,2nd stage engine starts (SES-3)
naos,post_launch,01:05:59 ,2nd stage engine cutoff (SECO-3)
naos,post_launch,01:08:50	,Acadia-6 deploys
naos,post_launch,01:08:58	,FFLY-1 deploys
naos,post_launch,01:09:07	,LEAP-1 deploys
naos,post_launch,01:09:16	 ,FFLY-2 deploys
naos,post_launch,01:09:26	 ,FFLY-3 deploys
sl-11-39,pre_launch,00:38:00,SpaceX Launch Director verifies go for propellant load
sl-11-39,pre_launch,00:35:00,RP-1 (rocket grade kerosene) loading begins
sl-11-39,pre_launch,00:35:00,1st stage LOX (liquid oxygen) loading begins
sl-11-39,pre_launch,00:16:00,2nd stage LOX loading begins
sl-11-39,pre_launch,00:07:00,Falcon 9 begins pre-launch engine chill
sl-11-39,pre_launch,00:05:00,Dragon transitions to internal power
sl-11-39,pre_launch,00:01:00,Command flight computer to begin final prelaunch checks
sl-11-39,pre_launch,00:01:00,Propellant tanks pressurize for flight
sl-11-39,pre_launch,00:00:45,SpaceX Launch Director verifies go for launch
sl-11-39,pre_launch,00:00:03,Engine controller commands engine ignition sequence to start
sl-11-39,pre_launch,00:00:00,Falcon 9 liftoff
sl-11-39,post_launch,00:01:12,Max Q (Moment of peak mechanical stress on the rocket)
sl-11-39,post_launch,00:02:25,1st stage main engine cutoff (MECO)
sl-11-39,post_launch,00:02:28,1st and 2nd stages separate
sl-11-39,post_launch,00:02:35,2nd stage engine starts (SES-1)
sl-11-39,post_launch,00:02:55,Fairing separation
sl-11-39,post_launch,00:06:05,1st stage entry burn begins
sl-11-39,post_launch,00:06:29,1st stage entry burn ends
sl-11-39,post_launch,00:07:55,1st stage landing burn begins
sl-11-39,post_launch,00:08:19,1st stage landing
sl-11-39,post_launch,00:08:39,2nd stage engine cutoff (SECO-1)
sl-11-39,post_launch,00:53:34,2nd stage engine starts (SES-2)
sl-11-39,post_launch,00:53:35,2nd stage engine cutoff (SECO-2)
sl-11-39,post_launch,01:02:26,Starlink satellites deploy
sl-10-17,pre_launch,00:38:00,SpaceX Launch Director verifies go for propellant load
sl-10-17,pre_launch,00:35:00,RP-1 (rocket grade kerosene) loading begins
sl-10-17,pre_launch,00:35:00,1st stage LOX (liquid oxygen) loading begins
sl-10-17,pre_launch,00:16:00,2nd stage LOX loading begins
sl-10-17,pre_launch,00:07:00,Falcon 9 begins engine chill prior to launch
sl-10-17,pre_launch,00:01:00,Command flight computer to begin final prelaunch checks
sl-10-17,pre_launch,00:01:00,Propellant tank pressurization to flight pressure begins
sl-10-17,pre_launch,00:00:45,SpaceX Launch Director verifies go for launch
sl-10-17,pre_launch,00:00:03,Engine controller commands engine ignition sequence to start
sl-10-17,pre_launch,00:00:00,Falcon 9 liftoff
sl-10-17,post_launch,00:01:12 ,Max Q (Moment of peak mechanical stress on the rocket)
sl-10-17,post_launch,00:02:25 ,1st stage main engine cutoff (MECO)
sl-10-17,post_launch,00:02:29 ,1st and 2nd stages separate
sl-10-17,post_launch,00:02:36,2nd stage engine starts (SES-1)
sl-10-17,post_launch,00:02:55,Fairing separation 
sl-10-17,post_launch,00:06:09,1st stage entry burn begins
sl-10-17,post_launch,00:06:34,1st stage entry burn ends
sl-10-17,post_launch,00:07:56,1st stage landing burn begins
sl-10-17,post_launch,00:08:20,1st stage landing 
sl-10-17,post_launch,00:08:39,2nd stage engine cutoff (SECO-1)
sl-10-17,post_launch,00:54:42,2nd stage engine starts (SES-2)
sl-10-17,post_launch,00:54:444,2nd stage engine cutoff (SECO-2)
sl-10-17,post_launch,01:04:04,Starlink satellites deploy
sl-17-25,pre_launch,00:38:00,SpaceX Launch Director verifies go for propellant load
sl-17-25,pre_launch,00:35:00,RP-1 (rocket grade kerosene) loading begins
sl-17-25,pre_launch,00:35:00,1st stage LOX (liquid oxygen) loading begins
sl-17-25,pre_launch,00:16:00,2nd stage LOX loading begins
sl-17-25,pre_launch,00:07:00,Falcon 9 begins engine chill prior to launch
sl-17-25,pre_launch,00:01:00,Command flight computer to begin final prelaunch checks
sl-17-25,pre_launch,00:01:00,Propellant tank pressurization to flight pressure begins
sl-17-25,pre_launch,00:00:45,SpaceX Launch Director verifies go for launch
sl-17-25,pre_launch,00:00:03,Engine controller commands engine ignition sequence to start
sl-17-25,pre_launch,00:00:00,Falcon 9 liftoff
sl-17-25,post_launch,00:01:12,Max Q (moment of peak mechanical stress on the rocket)
sl-17-25,post_launch,00:02:24,1st stage main engine cutoff (MECO)
sl-17-25,post_launch,00:02:28,1st and 2nd stages separate
sl-17-25,post_launch,00:02:35,2nd stage engine starts (SES-1)
sl-17-25,post_launch,00:02:55,Fairing separation
sl-17-25,post_launch,00:06:07,1st stage entry burn begins
sl-17-25,post_launch,00:06:32,1st stage entry burn ends
sl-17-25,post_launch,00:07:58,1st stage landing burn begins
sl-17-25,post_launch,00:08:22,1st stage landing
sl-17-25,post_launch,00:08:39,2nd stage engine cutoff (SECO-1)
sl-17-25,post_launch,00:53:16,2nd stage engine starts (SES-2)
sl-17-25,post_launch,00:53:17,2nd stage engine cutoff (SECO-2)
sl-17-25,post_launch,01:02:08,Starlink satellites deploy
starship-flight-10,pre_launch,01:15:00,SpaceX Flight Director conducts poll and verifies GO for propellant load
starship-flight-10,pre_launch,00:53:00,Ship fuel (liquid methane) load underway
starship-flight-10,pre_launch,00:45:20,Ship LOX (liquid oxygen) load underway
starship-flight-10,pre_launch,00:41:37,Booster fuel load underway
starship-flight-10,pre_launch,00:35:52,Booster LOX load underway
starship-flight-10,pre_launch,00:19:40,Raptor begins engine chill on booster and ship
starship-flight-10,pre_launch,00:03:20,Ship propellant load complete
starship-flight-10,pre_launch,00:02:50,Booster propellant load complete
starship-flight-10,pre_launch,00:00:30,SpaceX flight director verifies GO for launch
starship-flight-10,pre_launch,00:00:10,Flame deflector activation
starship-flight-10,pre_launch,00:00:03,Raptor ignition sequence begins
starship-flight-10,pre_launch,00:00:00,Excitement guaranteed
starship-flight-10,post_launch,00:00:02,Liftoff
starship-flight-10,post_launch,00:01:02,Max Q (moment of peak aerodynamic stress on the rocket)
starship-flight-10,post_launch,00:02:36,Super Heavy MECO (most engines cut off)
starship-flight-10,post_launch,00:02:38,Hot-staging (Starship Raptor ignition and stage separation)
starship-flight-10,post_launch,00:02:48,Super Heavy boostback burn start
starship-flight-10,post_launch,00:03:38,Super Heavy boostback burn shutdown
starship-flight-10,post_launch,00:03:40,Hot-stage jettison
starship-flight-10,post_launch,00:06:20,Super Heavy landing burn start
starship-flight-10,post_launch,00:06:40,Super Heavy landing burn shutdown 
starship-flight-10,post_launch,00:08:57,Starship engine cutoff
starship-flight-10,post_launch,00:18:27,Payload deploy demo start
starship-flight-10,post_launch,00:25:32,Payload deploy demo complete
starship-flight-10,post_launch,00:37:48,Raptor in-space relight demo
starship-flight-10,post_launch,00:47:29,Starship entry
starship-flight-10,post_launch,01:03:15,Starship is transonic
starship-flight-10,post_launch,01:04:30,Starship is subsonic
starship-flight-10,post_launch,01:06:14,Landing flip
starship-flight-10,post_launch,01:06:20,Landing burn start
starship-flight-10,post_launch,01:06:30,An exciting landing!
sl-11-19,pre_launch,00:38:00,SpaceX Launch Director verifies go for propellant load
sl-11-19,pre_launch,00:35:00,RP-1 (rocket grade kerosene) loading begins
sl-11-19,pre_launch,00:35:00,1st stage LOX (liquid oxygen) loading begins
sl-11-19,pre_launch,00:16:00,2nd stage LOX loading begins
sl-11-19,pre_launch,00:07:00,Falcon 9 begins engine chill prior to launch
sl-11-19,pre_launch,00:01:00,Command flight computer to begin final prelaunch checks
sl-11-19,pre_launch,00:01:00,Propellant tank pressurization to flight pressure begins
sl-11-19,pre_launch,00:00:45,SpaceX Launch Director verifies go for launch
sl-11-19,pre_launch,00:00:03,Engine controller commands engine ignition sequence to start
sl-11-19,pre_launch,00:00:00,Falcon 9 liftoff
sl-11-19,post_launch,00:01:12,Max Q (moment of peak mechanical stress on the rocket)
sl-11-19,post_launch,00:02:25,1st stage main engine cutoff (MECO)
sl-11-19,post_launch,00:02:28,1st and 2nd stages separate
sl-11-19,post_launch,00:02:35,2nd stage engine starts (SES-1)
sl-11-19,post_launch,00:02:56,Fairing separation
sl-11-19,post_launch,00:06:05,1st stage entry burn begins
sl-11-19,post_launch,00:06:31,1st stage entry burn ends
sl-11-19,post_launch,00:08:00,1st stage landing burn begins
sl-11-19,post_launch,00:08:24,1st stage landing
sl-11-19,post_launch,00:08:38,2nd stage engine cutoff (SECO-1)
sl-11-19,post_launch,00:52:57,2nd stage engine starts (SES-2)
sl-11-19,post_launch,00:52:58,2nd stage engine cutoff (SECO-2)
sl-11-19,post_launch,00:59:48,Starlink satellites deploy
sl-15-10,pre_launch,00:38:00,SpaceX Launch Director verifies go for propellant load
sl-15-10,pre_launch,00:35:00,RP-1 (rocket grade kerosene) loading begins
sl-15-10,pre_launch,00:35:00,1st stage LOX (liquid oxygen) loading begins
sl-15-10,pre_launch,00:16:00,2nd stage LOX loading begins
sl-15-10,pre_launch,00:07:00,Falcon 9 begins engine chill prior to launch
sl-15-10,pre_launch,00:01:00,Command flight computer to begin final prelaunch checks
sl-15-10,pre_launch,00:01:00,Propellant tank pressurization to flight pressure begins
sl-15-10,pre_launch,00:00:45,SpaceX Launch Director verifies go for launch
sl-15-10,pre_launch,00:00:03,Engine controller commands engine ignition sequence to start
sl-15-10,pre_launch,00:00:00,Falcon 9 liftoff
sl-15-10,post_launch,00:01:12,Max Q (moment of peak mechanical stress on the rocket)
sl-15-10,post_launch,00:02:25,1st stage main engine cutoff (MECO)
sl-15-10,post_launch,00:02:28,1st and 2nd stages separate
sl-15-10,post_launch,00:02:35,2nd stage engine starts (SES-1)
sl-15-10,post_launch,00:02:54,Fairing separation
sl-15-10,post_launch,00:06:12,1st stage entry burn begins
sl-15-10,post_launch,00:06:35,1st stage entry burn ends
sl-15-10,post_launch,00:08:02,1st stage landing burn begins
sl-15-10,post_launch,00:08:25,1st stage landing
sl-15-10,post_launch,00:08:39,2nd stage engine cutoff (SECO-1)
sl-15-10,post_launch,00:53:00,2nd stage engine starts (SES-2)
sl-15-10,post_launch,00:53:02,2nd stage engine cutoff (SECO-2)
sl-15-10,post_launch,01:01:52,Starlink satellites deploy
sl-6-104,pre_launch,00:38:00,SpaceX Launch Director verifies go for propellant load
sl-6-104,pre_launch,00:35:00,RP-1 (rocket grade kerosene) loading begins
sl-6-104,pre_launch,00:35:00,1st stage LOX (liquid oxygen) loading begins
sl-6-104,pre_launch,00:16:00,2nd stage LOX loading begins
sl-6-104,pre_launch,00:07:00,Falcon 9 begins engine chill prior to launch
sl-6-104,pre_launch,00:01:00,Command flight computer to begin final prelaunch checks
sl-6-104,pre_launch,00:01:00,Propellant tank pressurization to flight pressure begins
sl-6-104,pre_launch,00:00:45,SpaceX Launch Director verifies go for launch
sl-6-104,pre_launch,00:00:03,Engine controller commands engine ignition sequence to start
sl-6-104,pre_launch,00:00:00,Falcon 9 liftoff
sl-6-104,post_launch,00:01:12,Max Q (moment of peak mechanical stress on the rocket)
sl-6-104,post_launch,00:02:24,1st stage main engine cutoff (MECO)
sl-6-104,post_launch,00:02:28,1st and 2nd stages separate
sl-6-104,post_launch,00:02:36,2nd stage engine starts (SES-1)
sl-6-104,post_launch,00:02:57,Fairing separation
sl-6-104,post_launch,00:06:08,1st stage entry burn begins
sl-6-104,post_launch,00:06:34,1st stage entry burn ends
sl-6-104,post_launch,00:07:55,1st stage landing burn begins
sl-6-104,post_launch,00:08:20,1st stage landing
sl-6-104,post_launch,00:08:40,2nd stage engine cutoff (SECO-1)
sl-6-104,post_launch,00:53:52,2nd stage engine starts (SES-2)
sl-6-104,post_launch,00:53:54,2nd stage engine cutoff (SECO-2)
sl-6-104,post_launch,01:04:59,Starlink satellites deploy
sl-10-56,pre_launch,00:38:00,SpaceX Launch Director verifies go for propellant load
sl-10-56,pre_launch,00:35:00,RP-1 (rocket grade kerosene) loading begins
sl-10-56,pre_launch,00:35:00,1st stage LOX (liquid oxygen) loading begins
sl-10-56,pre_launch,00:16:00,2nd stage LOX loading begins
sl-10-56,pre_launch,00:07:00,Falcon 9 begins engine chill prior to launch
sl-10-56,pre_launch,00:01:00,Command flight computer to begin final prelaunch checks
sl-10-56,pre_launch,00:01:00,Propellant tank pressurization to flight pressure begins
sl-10-56,pre_launch,00:00:45,SpaceX Launch Director verifies go for launch
sl-10-56,pre_launch,00:00:03,Engine controller commands engine ignition sequence to start
sl-10-56,pre_launch,00:00:00,Falcon 9 liftoff
sl-10-56,post_launch,00:01:12 ,Max Q (Moment of peak mechanical stress on the rocket)
sl-10-56,post_launch,00:02:24 ,1st stage main engine cutoff (MECO)
sl-10-56,post_launch,00:02:28 ,1st and 2nd stages separate
sl-10-56,post_launch,00:02:36,2nd stage engine starts (SES-1)
sl-10-56,post_launch,00:02:56,Fairing separation 
sl-10-56,post_launch,00:06:10,1st stage entry burn begins
sl-10-56,post_launch,00:06:35,1st stage entry burn ends
sl-10-56,post_launch,00:07:57,1st stage landing burn begins
sl-10-56,post_launch,00:08:21,1st stage landing 
sl-10-56,post_launch,00:08:39,2nd stage engine cutoff (SECO-1)
sl-10-56,post_launch,00:54:28,2nd stage engine starts (SES-2)
sl-10-56,post_launch,00:54:30,2nd stage engine cutoff (SECO-2)
sl-10-56,post_launch,01:03:50,Starlink satellites deploy
sl-10-14,pre_launch,00:38:00,SpaceX Launch Director verifies go for propellant load
sl-10-14,pre_launch,00:35:00,RP-1 (rocket grade kerosene) loading begins
sl-10-14,pre_launch,00:35:00,1st stage LOX (liquid oxygen) loading begins
sl-10-14,pre_launch,00:16:00,2nd stage LOX loading begins
sl-10-14,pre_launch,00:07:00,Falcon 9 begins engine chill prior to launch
sl-10-14,pre_launch,00:01:00,Command flight computer to begin final prelaunch checks
sl-10-14,pre_launch,00:01:00,Propellant tank pressurization to flight pressure begins
sl-10-14,pre_launch,00:00:45,SpaceX Launch Director verifies go for launch
sl-10-14,pre_launch,00:00:03,Engine controller commands engine ignition sequence to start
sl-10-14,pre_launch,00:00:00,Falcon 9 liftoff
sl-10-14,post_launch,00:01:12,Max Q (Moment of peak mechanical stress on the rocket)
sl-10-14,post_launch,00:02:25 ,1st stage main engine cutoff (MECO)
sl-10-14,post_launch,00:02:28,1st and 2nd stages separate
sl-10-14,post_launch,00:02:36,2nd stage engine starts (SES-1)
sl-10-14,post_launch,00:02:56,Fairing separation 
sl-10-14,post_launch,00:06:10,1st stage entry burn begins
sl-10-14,post_launch,00:06:36,1st stage entry burn ends
sl-10-14,post_launch,00:07:58,1st stage landing burn begins
sl-10-14,post_launch,00:08:22,1st stage landing 
sl-10-14,post_launch,00:08:39 ,2nd stage engine cutoff (SECO-1)
sl-10-14,post_launch,00:54:18,2nd stage engine starts (SES-2)
sl-10-14,post_launch,00:54:20,2nd stage engine cutoff (SECO-2)
sl-10-14,post_launch,01:04:00,Starlink satellites deploy
kf-02,pre_launch,00:38:00,SpaceX Launch Director verifies go for propellant load
kf-02,pre_launch,00:35:00,RP-1 (rocket grade kerosene) loading begins
kf-02,pre_launch,00:35:00,1st stage LOX (liquid oxygen) loading begins
kf-02,pre_launch,00:16:00,2nd stage LOX loading begins
kf-02,pre_launch,00:07:00,Falcon 9 begins engine chill prior to launch
kf-02,pre_launch,00:01:00,Command flight computer to begin final prelaunch checks
kf-02,pre_launch,00:01:00,Propellant tank pressurization to flight pressure begins
kf-02,pre_launch,00:00:45,SpaceX Launch Director verifies go for launch
kf-02,pre_launch,00:00:03,Engine controller commands engine ignition sequence to start
kf-02,pre_launch,00:00:00,Falcon 9 liftoff
kf-02,post_launch,00:01:12,Max Q (moment of peak mechanical stress on the rocket)
kf-02,post_launch,00:02:25,1st stage main engine cutoff (MECO)
kf-02,post_launch,00:02:29,1st and 2nd stages separate
kf-02,post_launch,00:02:37,2nd stage engine starts (SES-1)
kf-02,post_launch,00:03:30,Fairing separation 
kf-02,post_launch,00:06:01,1st stage entry burn begins
kf-02,post_launch,00:06:27,1st stage entry burn ends
kf-02,post_launch,00:07:42,1st stage landing burn begins
kf-02,post_launch,00:08:13,1st stage landing
kf-02,post_launch,00:08:31,2nd stage engine cutoff (SECO-1)
kf-02,post_launch,00:52:43,2nd stage engine starts (SES-2)
kf-02,post_launch,00:52:46,2nd stage engine cutoff (SECO-2)
kf-02,post_launch,00:56:18,Kuiper satellite deployment sequence begins
kf-02,post_launch,01:03:58,Kuiper satellite deployment sequence ends
sl-6-110,pre_launch,00:38:00,SpaceX Launch Director verifies go for propellant load
sl-6-110,pre_launch,00:35:00,RP-1 (rocket grade kerosene) loading begins
sl-6-110,pre_launch,00:35:00,1st stage LOX (liquid oxygen) loading begins
sl-6-110,pre_launch,00:16:00,2nd stage LOX loading begins
sl-6-110,pre_launch,00:07:00,Falcon 9 begins engine chill prior to launch
sl-6-110,pre_launch,00:01:00,Command flight computer to begin final prelaunch checks
sl-6-110,pre_launch,00:01:00,Propellant tank pressurization to flight pressure begins
sl-6-110,pre_launch,00:00:45,SpaceX Launch Director verifies go for launch
sl-6-110,pre_launch,00:00:03,Engine controller commands engine ignition sequence to start
sl-6-110,pre_launch,00:00:00,Falcon 9 liftoff
sl-6-110,post_launch,00:01:12,Max Q (moment of peak mechanical stress on the rocket)
sl-6-110,post_launch,00:02:24,1st stage main engine cutoff (MECO)
sl-6-110,post_launch,00:02:27,1st and 2nd stages separate
sl-6-110,post_launch,00:02:34,2nd stage engine starts (SES-1)
sl-6-110,post_launch,00:02:56,Fairing separation
sl-6-110,post_launch,00:06:06,1st stage entry burn begins
sl-6-110,post_launch,00:06:32,1st stage entry burn ends
sl-6-110,post_launch,00:07:56,1st stage landing burn begins
sl-6-110,post_launch,00:08:21,1st stage landing
sl-6-110,post_launch,00:08:38,2nd stage engine cutoff (SECO-1)
sl-6-110,post_launch,00:53:49,2nd stage engine starts (SES-2)
sl-6-110,post_launch,00:53:50,2nd stage engine cutoff (SECO-2)
sl-6-110,post_launch,01:04:56,Starlink satellites deploy
sl-17-26,pre_launch,00:38:00,SpaceX Launch Director verifies go for propellant load
sl-17-26,pre_launch,00:35:00,RP-1 (rocket grade kerosene) loading begins
sl-17-26,pre_launch,00:35:00,1st stage LOX (liquid oxygen) loading begins
sl-17-26,pre_launch,00:16:00,2nd stage LOX loading begins
sl-17-26,pre_launch,00:07:00,Falcon 9 begins engine chill prior to launch
sl-17-26,pre_launch,00:01:00,Command flight computer to begin final prelaunch checks
sl-17-26,pre_launch,00:01:00,Propellant tank pressurization to flight pressure begins
sl-17-26,pre_launch,00:00:45,SpaceX Launch Director verifies go for launch
sl-17-26,pre_launch,00:00:03,Engine controller commands engine ignition sequence to start
sl-17-26,pre_launch,00:00:00,Falcon 9 liftoff
sl-17-26,post_launch,00:01:12,Max Q (moment of peak mechanical stress on the rocket)
sl-17-26,post_launch,00:02:27,1st stage main engine cutoff (MECO)
sl-17-26,post_launch,00:02:30,1st and 2nd stages separate
sl-17-26,post_launch,00:02:37,2nd stage engine starts (SES-1)
sl-17-26,post_launch,00:02:58,Fairing deployment
sl-17-26,post_launch,00:06:00,1st stage entry burn begins
sl-17-26,post_launch,00:06:20,1st stage entry burn ends
sl-17-26,post_launch,00:07:52,1st stage landing burn begins
sl-17-26,post_launch,00:08:15,1st stage landing
sl-17-26,post_launch,00:08:40,2nd stage engine cutoff (SECO-1)
sl-17-26,post_launch,00:52:57,2nd stage engine starts (SES-2)
sl-17-26,post_launch,00:52:58,2nd stage engine cutoff (SECO-2)
sl-17-26,post_launch,01:01:49 ,Starlink satellites deploy
gpsiii9,pre_launch,00:38:00,SpaceX Launch Director verifies go for propellant load
gpsiii9,pre_launch,00:35:00,RP-1 (rocket grade kerosene) loading begins
gpsiii9,pre_launch,00:35:00,1st stage LOX (liquid oxygen) loading begins
gpsiii9,pre_launch,00:16:00,2nd stage LOX loading begins
gpsiii9,pre_launch,00:07:00,Falcon 9 begins engine chill prior to launch
gpsiii9,pre_launch,00:01:00,Command flight computer to begin final prelaunch checks
gpsiii9,pre_launch,00:01:00,Propellant tank pressurization to flight pressure begins
gpsiii9,pre_launch,00:00:45,SpaceX Launch Director verifies go for launch
gpsiii9,pre_launch,00:00:03,Engine controller commands engine ignition sequence to start
gpsiii9,pre_launch,00:00:00,Falcon 9 liftoff
gpsiii9,post_launch,00:01:12,Max Q (moment of peak mechanical stress on the rocket)
gpsiii9,post_launch,00:02:29,1st stage main engine cutoff (MECO)
gpsiii9,post_launch,00:02:32,1st and 2nd stages separate
gpsiii9,post_launch,00:02:40,2nd stage engine starts (SES-1)
gpsiii9,post_launch,00:03:29,Fairing separation
gpsiii9,post_launch,00:06:10,1st stage entry burn begins
gpsiii9,post_launch,00:06:39,1st stage entry burn ends
gpsiii9,post_launch,00:08:05,2nd stage engine cutoff (SECO-1)
gpsiii9,post_launch,00:08:10,1st stage landing burn begins
gpsiii9,post_launch,00:08:34,1st stage landing
gpsiii9,post_launch,01:03:30,2nd stage engine starts (SES-2)
gpsiii9,post_launch,01:04:18,2nd stage engine cutoff (SECO-2)
gpsiii9,post_launch,01:29:19,GPS III-9 deploys
sl-10-59,pre_launch,00:38:00,SpaceX Launch Director verifies go for propellant load
sl-10-59,pre_launch,00:35:00,RP-1 (rocket grade kerosene) loading begins
sl-10-59,pre_launch,00:35:00,1st stage LOX (liquid oxygen) loading begins
sl-10-59,pre_launch,00:16:00,2nd stage LOX loading begins
sl-10-59,pre_launch,00:07:00,Falcon 9 begins engine chill prior to launch
sl-10-59,pre_launch,00:01:00,Command flight computer to begin final prelaunch checks
sl-10-59,pre_launch,00:01:00,Propellant tank pressurization to flight pressure begins
sl-10-59,pre_launch,00:00:45,SpaceX Launch Director verifies go for launch
sl-10-59,pre_launch,00:00:03,Engine controller commands engine ignition sequence to start
sl-10-59,pre_launch,00:00:00,Falcon 9 liftoff
sl-10-59,post_launch,00:01:12 ,Max Q (Moment of peak mechanical stress on the rocket)
sl-10-59,post_launch,00:02:24 ,1st stage main engine cutoff (MECO)
sl-10-59,post_launch,00:02:28 ,1st and 2nd stages separate
sl-10-59,post_launch,00:02:35,2nd stage engine starts (SES-1)
sl-10-59,post_launch,00:02:56 ,Fairing separation 
sl-10-59,post_launch,00:06:06,1st stage entry burn begins
sl-10-59,post_launch,00:06:32,1st stage entry burn ends
sl-10-59,post_launch,00:07:54,1st stage landing burn begins
sl-10-59,post_launch,00:08:19,1st stage landing 
sl-10-59,post_launch,00:08:39 ,2nd stage engine cutoff (SECO-1)
sl-10-59,post_launch,00:54:28,2nd stage engine starts (SES-2)
sl-10-59,post_launch,00:54:29,2nd stage engine cutoff (SECO-2)
sl-10-59,post_launch,01:03:50,Starlink satellites deploy
sl-6-95,pre_launch,00:38:00,SpaceX Launch Director verifies go for propellant load
sl-6-95,pre_launch,00:35:00,RP-1 (rocket grade kerosene) loading begins
sl-6-95,pre_launch,00:35:00,1st stage LOX (liquid oxygen) loading begins
sl-6-95,pre_launch,00:16:00,2nd stage LOX loading begins
sl-6-95,pre_launch,00:07:00,Falcon 9 begins engine chill prior to launch
sl-6-95,pre_launch,00:01:00,Command flight computer to begin final prelaunch checks
sl-6-95,pre_launch,00:01:00,Propellant tank pressurization to flight pressure begins
sl-6-95,pre_launch,00:00:45,SpaceX Launch Director verifies go for launch
sl-6-95,pre_launch,00:00:03,Engine controller commands engine ignition sequence to start
sl-6-95,pre_launch,00:00:00,Falcon 9 liftoff
sl-6-95,post_launch,00:01:12,Max Q (moment of peak mechanical stress on the rocket)
sl-6-95,post_launch,00:02:25,1st stage main engine cutoff (MECO)
sl-6-95,post_launch,00:02:28,1st and 2nd stages separate
sl-6-95,post_launch,00:02:36,2nd stage engine starts (SES-1)
sl-6-95,post_launch,00:02:56,Fairing separation 
sl-6-95,post_launch,00:06:07,1st stage entry burn begins
sl-6-95,post_launch,00:06:34,1st stage entry burn ends
sl-6-95,post_launch,00:08:03,1st stage landing burn begins
sl-6-95,post_launch,00:08:27,1st stage landing
sl-6-95,post_launch,00:08:40,2nd stage engine cutoff (SECO-1)
sl-6-95,post_launch,00:53:53,2nd stage engine starts (SES-2)
sl-6-95,post_launch,00:53:54,2nd stage engine cutoff (SECO-2)
sl-6-95,post_launch,01:05:00,Starlink satellites deploy
sl-6-87,pre_launch,00:38:00,SpaceX Launch Director verifies go for propellant load
sl-6-87,pre_launch,00:35:00,RP-1 (rocket grade kerosene) loading begins
sl-6-87,pre_launch,00:35:00,1st stage LOX (liquid oxygen) loading begins
sl-6-87,pre_launch,00:16:00,2nd stage LOX loading begins
sl-6-87,pre_launch,00:07:00,Falcon 9 begins engine chill prior to launch
sl-6-87,pre_launch,00:01:00,Command flight computer to begin final prelaunch checks
sl-6-87,pre_launch,00:01:00,Propellant tank pressurization to flight pressure begins
sl-6-87,pre_launch,00:00:45,SpaceX Launch Director verifies go for launch
sl-6-87,pre_launch,00:00:03,Engine controller commands engine ignition sequence to start
sl-6-87,pre_launch,00:00:00,Falcon 9 liftoff
sl-6-87,post_launch,00:01:12,Max Q (moment of peak mechanical stress on the rocket)
sl-6-87,post_launch,00:02:25,1st stage main engine cutoff (MECO)
sl-6-87,post_launch,00:02:28,1st and 2nd stages separate
sl-6-87,post_launch,00:02:35,2nd stage engine starts (SES-1)
sl-6-87,post_launch,00:02:58,Fairing separation
sl-6-87,post_launch,00:06:02,1st stage entry burn begins
sl-6-87,post_launch,00:06:28,1st stage entry burn ends
sl-6-87,post_launch,00:08:00,1st stage landing burn begins
sl-6-87,post_launch,00:08:25,1st stage landing
sl-6-87,post_launch,00:08:39,2nd stage engine cutoff (SECO-1)
sl-6-87,post_launch,00:53:52,2nd stage engine starts (SES-2)
sl-6-87,post_launch,00:53:53,2nd stage engine cutoff (SECO-2)
sl-6-87,post_launch,01:04:59,Starlink satellites deploy
sl-10-11,pre_launch,00:38:00,SpaceX Launch Director verifies go for propellant load
sl-10-11,pre_launch,00:35:00,RP-1 (rocket grade kerosene) loading begins
sl-10-11,pre_launch,00:35:00,1st stage LOX (liquid oxygen) loading begins
sl-10-11,pre_launch,00:16:00,2nd stage LOX loading begins
sl-10-11,pre_launch,00:07:00,Falcon 9 begins engine chill prior to launch
sl-10-11,pre_launch,00:01:00,Command flight computer to begin final prelaunch checks
sl-10-11,pre_launch,00:01:00,Propellant tank pressurization to flight pressure begins
sl-10-11,pre_launch,00:00:45,SpaceX Launch Director verifies go for launch
sl-10-11,pre_launch,00:00:03,Engine controller commands engine ignition sequence to start
sl-10-11,pre_launch,00:00:00,Falcon 9 liftoff
sl-10-11,post_launch,00:01:12,Max Q (Moment of peak mechanical stress on the rocket)
sl-10-11,post_launch,00:02:24,1st stage main engine cutoff (MECO)
sl-10-11,post_launch,00:02:28,1st and 2nd stages separate
sl-10-11,post_launch,00:02:36,2nd stage engine starts (SES-1)
sl-10-11,post_launch,00:02:56,Fairing separation 
sl-10-11,post_launch,00:06:09,1st stage entry burn begins
sl-10-11,post_launch,00:06:35,1st stage entry burn ends
sl-10-11,post_launch,00:07:58,1st stage landing burn begins
sl-10-11,post_launch,00:08:22,1st stage landing
sl-10-11,post_launch,00:08:38,2nd stage engine cutoff (SECO-1)
sl-10-11,post_launch,00:54:36,2nd stage engine starts (SES-2)
sl-10-11,post_launch,00:54:38,2nd stage engine cutoff (SECO-2)
sl-10-11,post_launch,01:03:56,Starlink satellites deploy
nrol48,pre_launch,00:38:00,SpaceX Launch Director verifies go for propellant load
nrol48,pre_launch,00:35:00,RP-1 (rocket grade kerosene) loading begins
nrol48,pre_launch,00:35:00,1st stage LOX (liquid oxygen) loading begins
nrol48,pre_launch,00:16:00,2nd stage LOX loading begins
nrol48,pre_launch,00:07:00,Falcon 9 begins engine chill prior to launch
nrol48,pre_launch,00:01:00,Command flight computer to begin final prelaunch checks
nrol48,pre_launch,00:01:00,Propellant tank pressurization to flight pressure begins
nrol48,pre_launch,00:00:45,SpaceX Launch Director verifies go for launch
nrol48,pre_launch,00:00:03,Engine controller commands engine ignition sequence to start
nrol48,pre_launch,00:00:00,Falcon 9 liftoff
nrol48,post_launch,00:01:12,Max Q 
nrol48,post_launch,00:02:12               ,1st stage main engine cutoff (MECO)
nrol48,post_launch,00:02:15      ,1st and 2nd stages separate
nrol48,post_launch,00:02:22,2nd stage engine starts (SES-1)
nrol48,post_launch,00:02:28,Boostback burn begins
nrol48,post_launch,00:02:56             ,Fairing deployment
nrol48,post_launch,00:03:22               ,Boostback burn ends
nrol48,post_launch,00:06:00           ,1st stage entry burn begins
nrol48,post_launch,00:06:15            ,1st stage entry burn ends
nrol48,post_launch,00:07:18               ,1st stage landing burn begins
nrol48,post_launch,00:07:36          ,1st stage lands on Landing Zone 4
sl-11-25,pre_launch,00:38:00,SpaceX Launch Director verifies go for propellant load
sl-11-25,pre_launch,00:35:00,RP-1 (rocket grade kerosene) loading begins
sl-11-25,pre_launch,00:35:00,1st stage LOX (liquid oxygen) loading begins
sl-11-25,pre_launch,00:16:00,2nd stage LOX loading begins
sl-11-25,pre_launch,00:07:00,Falcon 9 begins engine chill prior to launch
sl-11-25,pre_launch,00:01:00,Command flight computer to begin final prelaunch checks
sl-11-25,pre_launch,00:01:00,Propellant tank pressurization to flight pressure begins
sl-11-25,pre_launch,00:00:45,SpaceX Launch Director verifies go for launch
sl-11-25,pre_launch,00:00:03,Engine controller commands engine ignition sequence to start
sl-11-25,pre_launch,00:00:00,Falcon 9 liftoff
sl-11-25,post_launch,00:01:12,Max Q (moment of peak mechanical stress on the rocket)
sl-11-25,post_launch,00:02:25,1st stage main engine cutoff (MECO)
sl-11-25,post_launch,00:02:28,1st and 2nd stages separate
sl-11-25,post_launch,00:02:35,2nd stage engine starts (SES-1)
sl-11-25,post_launch,00:02:55,Fairing separation
sl-11-25,post_launch,00:06:13,1st stage entry burn begins
sl-11-25,post_launch,00:06:39,1st stage entry burn ends
sl-11-25,post_launch,00:08:02,1st stage landing burn begins
sl-11-25,post_launch,00:08:27,1st stage landing
sl-11-25,post_launch,00:08:39,2nd stage engine cutoff (SECO-1)
sl-11-25,post_launch,00:54:05,2nd stage engine starts (SES-2)
sl-11-25,post_launch,00:54:06,2nd stage engine cutoff (SECO-2)
sl-11-25,post_launch,01:00:57,Starlink satellites deploy
sl-17-19,pre_launch,00:38:00,SpaceX Launch Director verifies go for propellant load
sl-17-19,pre_launch,00:35:00,RP-1 (rocket grade kerosene) loading begins
sl-17-19,pre_launch,00:35:00,1st stage LOX (liquid oxygen) loading begins
sl-17-19,pre_launch,00:16:00,2nd stage LOX loading begins
sl-17-19,pre_launch,00:07:00,Falcon 9 begins engine chill prior to launch
sl-17-19,pre_launch,00:01:00,Command flight computer to begin final prelaunch checks
sl-17-19,pre_launch,00:01:00,Propellant tank pressurization to flight pressure begins
sl-17-19,pre_launch,00:00:45,SpaceX Launch Director verifies go for launch
sl-17-19,pre_launch,00:00:03,Engine controller commands engine ignition sequence to start
sl-17-19,pre_launch,00:00:00,Falcon 9 liftoff
sl-17-19,post_launch,00:01:12,Max Q (moment of peak mechanical stress on the rocket)
sl-17-19,post_launch,00:02:25,1st stage main engine cutoff (MECO)
sl-17-19,post_launch,00:02:28,1st and 2nd stages separate
sl-17-19,post_launch,00:02:35,2nd stage engine starts (SES-1)
sl-17-19,post_launch,00:02:55,Fairing separation
sl-17-19,post_launch,00:06:07,1st stage entry burn begins
sl-17-19,post_launch,00:06:33,1st stage entry burn ends
sl-17-19,post_launch,00:07:56,1st stage landing burn begins
sl-17-19,post_launch,00:08:20,1st stage landing
sl-17-19,post_launch,00:08:39,2nd stage engine cutoff (SECO-1)
sl-17-19,post_launch,00:53:14,2nd stage engine starts (SES-2)
sl-17-19,post_launch,00:53:15,2nd stage engine cutoff (SECO-2)
sl-17-19,post_launch,01:02:06,Starlink satellites deploy
sl-6-101,pre_launch,00:38:00,SpaceX Launch Director verifies go for propellant load
sl-6-101,pre_launch,00:35:00,RP-1 (rocket grade kerosene) loading begins
sl-6-101,pre_launch,00:35:00,1st stage LOX (liquid oxygen) loading begins
sl-6-101,pre_launch,00:16:00,2nd stage LOX loading begins
sl-6-101,pre_launch,00:07:00,Falcon 9 begins engine chill prior to launch
sl-6-101,pre_launch,00:01:00,Command flight computer to begin final prelaunch checks
sl-6-101,pre_launch,00:01:00,Propellant tank pressurization to flight pressure begins
sl-6-101,pre_launch,00:00:45,SpaceX Launch Director verifies go for launch
sl-6-101,pre_launch,00:00:03,Engine controller commands engine ignition sequence to start
sl-6-101,pre_launch,00:00:00,Falcon 9 liftoff
sl-6-101,post_launch,00:01:12,Max Q (moment of peak mechanical stress on the rocket)
sl-6-101,post_launch,00:02:24,1st stage main engine cutoff (MECO)
sl-6-101,post_launch,00:02:28,1st and 2nd stages separate
sl-6-101,post_launch,00:02:36,2nd stage engine starts (SES-1)
sl-6-101,post_launch,00:02:57,Fairing separation
sl-6-101,post_launch,00:06:08,1st stage entry burn begins
sl-6-101,post_launch,00:06:34,1st stage entry burn ends
sl-6-101,post_launch,00:07:55,1st stage landing burn begins
sl-6-101,post_launch,00:08:20,1st stage landing
sl-6-101,post_launch,00:08:40,2nd stage engine cutoff (SECO-1)
sl-6-101,post_launch,00:53:52,2nd stage engine starts (SES-2)
sl-6-101,post_launch,00:53:54,2nd stage engine cutoff (SECO-2)
sl-6-101,post_launch,01:04:59,Starlink satellites deploy
crs33,pre_launch,00:38:00,SpaceX Launch Director verifies go for propellant load
crs33,pre_launch,00:35:00,RP-1 (rocket grade kerosene) loading begins
crs33,pre_launch,00:35:00,1st stage LOX (liquid oxygen) loading begins
crs33,pre_launch,00:16:00,2nd stage LOX loading begins
crs33,pre_launch,00:07:00,Falcon 9 begins pre-launch engine chill
crs33,pre_launch,00:05:00,Dragon transitions to internal power
crs33,pre_launch,00:01:00,Command flight computer to begin final prelaunch checks
crs33,pre_launch,00:01:00,Propellant tanks pressurize for flight
crs33,pre_launch,00:00:45,SpaceX Launch Director verifies go for launch
crs33,pre_launch,00:00:03,Engine controller commands engine ignition sequence to start
crs33,pre_launch,00:00:00,Falcon 9 liftoff
crs33,post_launch,00:01:12,Max Q (moment of peak mechanical stress on the rocket)
crs33,post_launch,00:02:27,1st stage main engine cutoff (MECO)
crs33,post_launch,00:02:30	,1st and 2nd stages separate
crs33,post_launch,00:02:38	,2nd stage engine starts (SES-1)
crs33,post_launch,00:06:32,1st stage entry burn starts
crs33,post_launch,00:06:59,1st stage entry burn ends
crs33,post_launch,00:08:16,1st stage landing burn starts
crs33,post_launch,00:08:41,1st stage landing
crs33,post_launch,00:08:47,2nd stage engine cutoff (SECO-1)
crs33,post_launch,00:09:45,Dragon separates from 2nd stage
crs33,post_launch,00:10:33,Dragon nosecone open sequence begins
sl-17-4,pre_launch,00:38:00,SpaceX Launch Director verifies go for propellant load
sl-17-4,pre_launch,00:35:00,RP-1 (rocket grade kerosene) loading begins
sl-17-4,pre_launch,00:35:00,1st stage LOX (liquid oxygen) loading begins
sl-17-4,pre_launch,00:16:00,2nd stage LOX loading begins
sl-17-4,pre_launch,00:07:00,Falcon 9 begins engine chill prior to launch
sl-17-4,pre_launch,00:01:00,Command flight computer to begin final prelaunch checks
sl-17-4,pre_launch,00:01:00,Propellant tank pressurization to flight pressure begins
sl-17-4,pre_launch,00:00:45,SpaceX Launch Director verifies go for launch
sl-17-4,pre_launch,00:00:03,Engine controller commands engine ignition sequence to start
sl-17-4,pre_launch,00:00:00,Falcon 9 liftoff
sl-17-4,post_launch,00:01:12,Max Q (Moment of peak mechanical stress on the rocket)
sl-17-4,post_launch,00:02:26,1st stage main engine cutoff (MECO)
sl-17-4,post_launch,00:02:29,1st and 2nd stages separate
sl-17-4,post_launch,00:02:36,2nd stage engine starts (SES-1)
sl-17-4,post_launch,00:02:54,Fairing separation 
sl-17-4,post_launch,00:06:10,1st stage entry burn begins
sl-17-4,post_launch,00:06:33,1st stage entry burn ends
sl-17-4,post_launch,00:07:54,1st stage landing burn begins
sl-17-4,post_launch,00:08:23,1st stage landing
sl-17-4,post_launch,00:08:39,2nd stage engine cutoff (SECO-1)
sl-17-4,post_launch,00:54:15,2nd stage engine starts (SES-2)
sl-17-4,post_launch,00:54:16,2nd stage engine cutoff (SECO-2)
sl-17-4,post_launch,01:03:07,Starlink satellites deploy
nusantaralima,pre_launch,00:38:00,SpaceX Launch Director verifies go for propellant load
nusantaralima,pre_launch,00:35:00,RP-1 (rocket grade kerosene) loading begins
nusantaralima,pre_launch,00:35:00,1st stage LOX (liquid oxygen) loading begins
nusantaralima,pre_launch,00:16:00,2nd stage LOX loading begins
nusantaralima,pre_launch,00:07:00,Falcon 9 begins engine chill prior to launch
nusantaralima,pre_launch,00:01:00,Command flight computer to begin final prelaunch checks
nusantaralima,pre_launch,00:01:00,Propellant tank pressurization to flight pressure begins
nusantaralima,pre_launch,00:00:45,SpaceX Launch Director verifies go for launch
nusantaralima,pre_launch,00:00:03,Engine controller commands engine ignition sequence to start
nusantaralima,pre_launch,00:00:00,Falcon 9 liftoff
nusantaralima,post_launch,00:01:12,Max Q (moment of peak mechanical stress on the rocket)
nusantaralima,post_launch,00:02:28,1st stage main engine cutoff (MECO)
nusantaralima,post_launch,00:02:31,1st and 2nd stages separate
nusantaralima,post_launch,00:02:38,2nd stage engine starts 
nusantaralima,post_launch,00:03:24,Fairing separation 
nusantaralima,post_launch,00:06:13,1st stage entry burn start
nusantaralima,post_launch,00:06:35,1st stage entry burn ends
nusantaralima,post_launch,00:08:07,2nd stage engine cutoff (SECO-1)
nusantaralima,post_launch,00:08:09,1st stage landing burn start
nusantaralima,post_launch,00:08:32,1st stage landing 
nusantaralima,post_launch,00:23:13,2nd stage engine starts (SES-2)
nusantaralima,post_launch,00:23:57,2nd stage engine cutoff (SECO-2)
nusantaralima,post_launch,00:27:25,Nusantara Lima deploys
sl-17-32,pre_launch,00:38:00,SpaceX Launch Director verifies go for propellant load
sl-17-32,pre_launch,00:35:00,RP-1 (rocket grade kerosene) loading begins
sl-17-32,pre_launch,00:35:00,1st stage LOX (liquid oxygen) loading begins
sl-17-32,pre_launch,00:16:00,2nd stage LOX loading begins
sl-17-32,pre_launch,00:07:00,Falcon 9 begins engine chill prior to launch
sl-17-32,pre_launch,00:01:00,Command flight computer to begin final prelaunch checks
sl-17-32,pre_launch,00:01:00,Propellant tank pressurization to flight pressure begins
sl-17-32,pre_launch,00:00:45,SpaceX Launch Director verifies go for launch
sl-17-32,pre_launch,00:00:03,Engine controller commands engine ignition sequence to start
sl-17-32,pre_launch,00:00:00,Falcon 9 liftoff
sl-17-32,post_launch,00:01:12,Max Q (moment of peak mechanical stress on the rocket)
sl-17-32,post_launch,00:02:24,1st stage main engine cutoff (MECO)
sl-17-32,post_launch,00:02:28,1st and 2nd stages separate
sl-17-32,post_launch,00:02:35,2nd stage engine starts (SES-1)
sl-17-32,post_launch,00:02:55,Fairing separation
sl-17-32,post_launch,00:06:07,1st stage entry burn begins
sl-17-32,post_launch,00:06:32,1st stage entry burn ends
sl-17-32,post_launch,00:07:58,1st stage landing burn begins
sl-17-32,post_launch,00:08:22,1st stage landing
sl-17-32,post_launch,00:08:39,2nd stage engine cutoff (SECO-1)
sl-17-32,post_launch,00:53:16,2nd stage engine starts (SES-2)
sl-17-32,post_launch,00:53:17,2nd stage engine cutoff (SECO-2)
sl-17-32,post_launch,01:02:08,Starlink satellites deploy
cosmo-skymedfm3,pre_launch,00:38:00,SpaceX Launch Director verifies go for propellant load
cosmo-skymedfm3,pre_launch,00:35:00,RP-1 (rocket grade kerosene) loading begins
cosmo-skymedfm3,pre_launch,00:35:00,1st stage LOX (liquid oxygen) loading begins
cosmo-skymedfm3,pre_launch,00:16:00,2nd stage LOX loading begins
cosmo-skymedfm3,pre_launch,00:07:00,Falcon 9 begins engine chill prior to launch
cosmo-skymedfm3,pre_launch,00:01:00,Command flight computer to begin final prelaunch checks
cosmo-skymedfm3,pre_launch,00:01:00,Propellant tank pressurization to flight pressure begins
cosmo-skymedfm3,pre_launch,00:00:45,SpaceX Launch Director verifies go for launch
cosmo-skymedfm3,pre_launch,00:00:03,Engine controller commands engine ignition sequence to start
cosmo-skymedfm3,pre_launch,00:00:00,Falcon 9 liftoff
cosmo-skymedfm3,post_launch,00:01:12,Max Q (moment of peak mechanical stress on the rocket)
cosmo-skymedfm3,post_launch,00:02:15,1st stage main engine cutoff (MECO)
cosmo-skymedfm3,post_launch,00:02:18,1st and 2nd stages separate
cosmo-skymedfm3,post_launch,00:02:22,Stage 1 flip
cosmo-skymedfm3,post_launch,00:02:26,2nd stage engine starts (SES-1)
cosmo-skymedfm3,post_launch,00:02:31 ,Boostback burn starts
cosmo-skymedfm3,post_launch,00:02:37,Fairing separation
cosmo-skymedfm3,post_launch,00:03:11	,Boostback burn ends
cosmo-skymedfm3,post_launch,00:06:37,1st stage entry burn begins
cosmo-skymedfm3,post_launch,00:07:02,1st stage entry burn ends
cosmo-skymedfm3,post_launch,00:07:53,1st stage landing burn begins
cosmo-skymedfm3,post_launch,00:08:23,1st stage landing 
cosmo-skymedfm3,post_launch,00:10:31,2nd stage engine cutoff (SECO-1)
cosmo-skymedfm3,post_launch,00:12:52,CSG Flight Model 3 (CSG-FM3) deploys
sl-6-108,pre_launch,00:38:00,SpaceX Launch Director verifies go for propellant load
sl-6-108,pre_launch,00:35:00,RP-1 (rocket grade kerosene) loading begins
sl-6-108,pre_launch,00:35:00,1st stage LOX (liquid oxygen) loading begins
sl-6-108,pre_launch,00:16:00,2nd stage LOX loading begins
sl-6-108,pre_launch,00:07:00,Falcon 9 begins engine chill prior to launch
sl-6-108,pre_launch,00:01:00,Command flight computer to begin final prelaunch checks
sl-6-108,pre_launch,00:01:00,Propellant tank pressurization to flight pressure begins
sl-6-108,pre_launch,00:00:45,SpaceX Launch Director verifies go for launch
sl-6-108,pre_launch,00:00:03,Engine controller commands engine ignition sequence to start
sl-6-108,pre_launch,00:00:00,Falcon 9 liftoff
sl-6-108,post_launch,00:01:12,Max Q (moment of peak mechanical stress on the rocket)
sl-6-108,post_launch,00:02:24,1st stage main engine cutoff (MECO)
sl-6-108,post_launch,00:02:28,1st and 2nd stages separate
sl-6-108,post_launch,00:02:36,2nd stage engine starts (SES-1)
sl-6-108,post_launch,00:02:57,Fairing separation
sl-6-108,post_launch,00:06:08,1st stage entry burn begins
sl-6-108,post_launch,00:06:34,1st stage entry burn ends
sl-6-108,post_launch,00:07:55,1st stage landing burn begins
sl-6-108,post_launch,00:08:20,1st stage landing
sl-6-108,post_launch,00:08:40,2nd stage engine cutoff (SECO-1)
sl-6-108,post_launch,00:53:52,2nd stage engine starts (SES-2)
sl-6-108,post_launch,00:53:54,2nd stage engine cutoff (SECO-2)
sl-6-108,post_launch,01:04:59,Starlink satellites deploy
sl-10-20,pre_launch,00:38:00,SpaceX Launch Director verifies go for propellant load
sl-10-20,pre_launch,00:35:00,RP-1 (rocket grade kerosene) loading begins
sl-10-20,pre_launch,00:35:00,1st stage LOX (liquid oxygen) loading begins
sl-10-20,pre_launch,00:16:00,2nd stage LOX loading begins
sl-10-20,pre_launch,00:07:00,Falcon 9 begins engine chill prior to launch
sl-10-20,pre_launch,00:01:00,Command flight computer to begin final prelaunch checks
sl-10-20,pre_launch,00:01:00,Propellant tank pressurization to flight pressure begins
sl-10-20,pre_launch,00:00:45,SpaceX Launch Director verifies go for launch
sl-10-20,pre_launch,00:00:03,Engine controller commands engine ignition sequence to start
sl-10-20,pre_launch,00:00:00,Falcon 9 liftoff
sl-10-20,post_launch,00:01:12,Max Q (Moment of peak mechanical stress on the rocket)
sl-10-20,post_launch,00:02:24,1st stage main engine cutoff (MECO)
sl-10-20,post_launch,00:02:28,1st and 2nd stages separate
sl-10-20,post_launch,00:02:35,2nd stage engine starts (SES-1)
sl-10-20,post_launch,00:02:56,Fairing separation 
sl-10-20,post_launch,00:06:08,1st stage entry burn begins
sl-10-20,post_launch,00:06:32,1st stage entry burn ends
sl-10-20,post_launch,00:07:56,1st stage landing burn begins
sl-10-20,post_launch,00:08:20,1st stage landing
sl-10-20,post_launch,00:08:38,2nd stage engine cutoff (SECO-1)
sl-10-20,post_launch,00:54:47,2nd stage engine starts (SES-2)
sl-10-20,post_launch,00:54:49,2nd stage engine cutoff (SECO-2)
sl-10-20,post_launch,01:04:09,Starlink satellites deploy
sl-11-17,pre_launch,00:38:00,SpaceX Launch Director verifies go for propellant load
sl-11-17,pre_launch,00:35:00,RP-1 (rocket grade kerosene) loading begins
sl-11-17,pre_launch,00:35:00,1st stage LOX (liquid oxygen) loading begins
sl-11-17,pre_launch,00:16:00,2nd stage LOX loading begins
sl-11-17,pre_launch,00:07:00,Falcon 9 begins engine chill prior to launch
sl-11-17,pre_launch,00:01:00,Command flight computer to begin final prelaunch checks
sl-11-17,pre_launch,00:01:00,Propellant tank pressurization to flight pressure begins
sl-11-17,pre_launch,00:00:45,SpaceX Launch Director verifies go for launch
sl-11-17,pre_launch,00:00:03,Engine controller commands engine ignition sequence to start
sl-11-17,pre_launch,00:00:00,Falcon 9 liftoff
sl-11-17,post_launch,00:01:12,Max Q (moment of peak mechanical stress on the rocket)
sl-11-17,post_launch,00:02:25,1st stage main engine cutoff (MECO)
sl-11-17,post_launch,00:02:29,1st and 2nd stages separate
sl-11-17,post_launch,00:02:35,2nd stage engine starts (SES-1)
sl-11-17,post_launch,00:02:56,Fairing deployment
sl-11-17,post_launch,00:06:09,1st stage entry burn begins
sl-11-17,post_launch,00:06:34,1st stage entry burn ends
sl-11-17,post_launch,00:08:02,1st stage landing burn begins
sl-11-17,post_launch,00:08:25,1st stage landing
sl-11-17,post_launch,00:08:40,2nd stage engine cutoff (SECO-1)
sl-11-17,post_launch,00:53:02,2nd stage engine starts (SES-2)
sl-11-17,post_launch,00:53:03,2nd stage engine cutoff (SECO-2)
sl-11-17,post_launch,00:59:53,Starlink satellites deploy
sl-6-88,pre_launch,00:38:00,SpaceX Launch Director verifies go for propellant load
sl-6-88,pre_launch,00:35:00,RP-1 (rocket grade kerosene) loading begins
sl-6-88,pre_launch,00:35:00,1st stage LOX (liquid oxygen) loading begins
sl-6-88,pre_launch,00:16:00,2nd stage LOX loading begins
sl-6-88,pre_launch,00:07:00,Falcon 9 begins engine chill prior to launch
sl-6-88,pre_launch,00:01:00,Command flight computer to begin final prelaunch checks
sl-6-88,pre_launch,00:01:00,Propellant tank pressurization to flight pressure begins
sl-6-88,pre_launch,00:00:45,SpaceX Launch Director verifies go for launch
sl-6-88,pre_launch,00:00:03,Engine controller commands engine ignition sequence to start
sl-6-88,pre_launch,00:00:00,Falcon 9 liftoff
sl-6-88,post_launch,00:01:12,Max Q (moment of peak mechanical stress on the rocket)
sl-6-88,post_launch,00:02:24,1st stage main engine cutoff (MECO)
sl-6-88,post_launch,00:02:27,1st and 2nd stages separate
sl-6-88,post_launch,00:02:35,2nd stage engine starts (SES-1)
sl-6-88,post_launch,00:02:56,Fairing separation
sl-6-88,post_launch,00:06:07,1st stage entry burn begins
sl-6-88,post_launch,00:06:35,1st stage entry burn ends
sl-6-88,post_launch,00:08:00,1st stage landing burn begins
sl-6-88,post_launch,00:08:24,1st stage landing
sl-6-88,post_launch,00:08:39,2nd stage engine cutoff (SECO-1)
sl-6-88,post_launch,00:53:47,2nd stage engine starts (SES-2)
sl-6-88,post_launch,00:53:48,2nd stage engine cutoff (SECO-2)
sl-6-88,post_launch,01:04:54 ,Starlink satellites deploy
sl-11-15,pre_launch,00:38:00,SpaceX Launch Director verifies go for propellant load
sl-11-15,pre_launch,00:35:00,RP-1 (rocket grade kerosene) loading begins
sl-11-15,pre_launch,00:35:00,1st stage LOX (liquid oxygen) loading begins
sl-11-15,pre_launch,00:16:00,2nd stage LOX loading begins
sl-11-15,pre_launch,00:07:00,Falcon 9 begins engine chill prior to launch
sl-11-15,pre_launch,00:01:00,Command flight computer to begin final prelaunch checks
sl-11-15,pre_launch,00:01:00,Propellant tank pressurization to flight pressure begins
sl-11-15,pre_launch,00:00:45,SpaceX Launch Director verifies go for launch
sl-11-15,pre_launch,00:00:03,Engine controller commands engine ignition sequence to start
sl-11-15,pre_launch,00:00:00,Falcon 9 liftoff
sl-11-15,post_launch,00:01:12,Max Q (moment of peak mechanical stress on the rocket)
sl-11-15,post_launch,00:02:24,1st stage main engine cutoff (MECO)
sl-11-15,post_launch,00:02:28,1st and 2nd stages separate
sl-11-15,post_launch,00:02:35,2nd stage engine starts (SES-1)
sl-11-15,post_launch,00:02:55,Fairing separation
sl-11-15,post_launch,00:06:12,1st stage entry burn begins
sl-11-15,post_launch,00:06:38,1st stage entry burn ends
sl-11-15,post_launch,00:08:03,1st stage landing burn begins
sl-11-15,post_launch,00:08:27,1st stage landing
sl-11-15,post_launch,00:08:39,2nd stage engine cutoff (SECO-1)
sl-11-15,post_launch,00:53:42,2nd stage engine starts (SES-2)
sl-11-15,post_launch,00:53:43,2nd stage engine cutoff (SECO-2)
sl-11-15,post_launch,01:00:33,Starlink satellites deploy
sl-17-7,pre_launch,00:38:00,SpaceX Launch Director verifies go for propellant load
sl-17-7,pre_launch,00:35:00,RP-1 (rocket grade kerosene) loading begins
sl-17-7,pre_launch,00:35:00,1st stage LOX (liquid oxygen) loading begins
sl-17-7,pre_launch,00:16:00,2nd stage LOX loading begins
sl-17-7,pre_launch,00:07:00,Falcon 9 begins engine chill prior to launch
sl-17-7,pre_launch,00:01:00,Command flight computer to begin final prelaunch checks
sl-17-7,pre_launch,00:01:00,Propellant tank pressurization to flight pressure begins
sl-17-7,pre_launch,00:00:45,SpaceX Launch Director verifies go for launch
sl-17-7,pre_launch,00:00:03,Engine controller commands engine ignition sequence to start
sl-17-7,pre_launch,00:00:00,Falcon 9 liftoff
sl-17-7,post_launch,00:01:12,Max Q (Moment of peak mechanical stress on the rocket)
sl-17-7,post_launch,00:02:26,1st stage main engine cutoff (MECO)
sl-17-7,post_launch,00:02:29,1st and 2nd stages separate
sl-17-7,post_launch,00:02:36,2nd stage engine starts (SES-1)
sl-17-7,post_launch,00:02:55,Fairing separation 
sl-17-7,post_launch,00:06:07,1st stage entry burn begins
sl-17-7,post_launch,00:06:29,1st stage entry burn ends
sl-17-7,post_launch,00:07:57,1st stage landing burn begins
sl-17-7,post_launch,00:08:20,1st stage landing
sl-17-7,post_launch,00:08:39,2nd stage engine cutoff (SECO-1)
sl-17-7,post_launch,00:53:44,2nd stage engine starts (SES-2)
sl-17-7,post_launch,00:53:45,2nd stage engine cutoff (SECO-2)
sl-17-7,post_launch,01:02:36,Starlink satellites deploy
sl-17-23,pre_launch,00:38:00,SpaceX Launch Director verifies go for propellant load
sl-17-23,pre_launch,00:35:00,RP-1 (rocket grade kerosene) loading begins
sl-17-23,pre_launch,00:35:00,1st stage LOX (liquid oxygen) loading begins
sl-17-23,pre_launch,00:16:00,2nd stage LOX loading begins
sl-17-23,pre_launch,00:07:00,Falcon 9 begins engine chill prior to launch
sl-17-23,pre_launch,00:01:00,Command flight computer to begin final prelaunch checks
sl-17-23,pre_launch,00:01:00,Propellant tank pressurization to flight pressure begins
sl-17-23,pre_launch,00:00:45,SpaceX Launch Director verifies go for launch
sl-17-23,pre_launch,00:00:03,Engine controller commands engine ignition sequence to start
sl-17-23,pre_launch,00:00:00,Falcon 9 liftoff
sl-17-23,post_launch,00:01:12,Max Q (moment of peak mechanical stress on the rocket)
sl-17-23,post_launch,00:02:24,1st stage main engine cutoff (MECO)
sl-17-23,post_launch,00:02:28,1st and 2nd stages separate
sl-17-23,post_launch,00:02:35,2nd stage engine starts (SES-1)
sl-17-23,post_launch,00:02:55,Fairing separation
sl-17-23,post_launch,00:06:07,1st stage entry burn begins
sl-17-23,post_launch,00:06:32,1st stage entry burn ends
sl-17-23,post_launch,00:07:58,1st stage landing burn begins
sl-17-23,post_launch,00:08:22,1st stage landing
sl-17-23,post_launch,00:08:39,2nd stage engine cutoff (SECO-1)
sl-17-23,post_launch,00:53:16,2nd stage engine starts (SES-2)
sl-17-23,post_launch,00:53:17,2nd stage engine cutoff (SECO-2)
sl-17-23,post_launch,01:02:08,Starlink satellites deploy
sl-6-89,pre_launch,00:38:00,SpaceX Launch Director verifies go for propellant load
sl-6-89,pre_launch,00:35:00,RP-1 (rocket grade kerosene) loading begins
sl-6-89,pre_launch,00:35:00,1st stage LOX (liquid oxygen) loading begins
sl-6-89,pre_launch,00:16:00,2nd stage LOX loading begins
sl-6-89,pre_launch,00:07:00,Falcon 9 begins engine chill prior to launch
sl-6-89,pre_launch,00:01:00,Command flight computer to begin final prelaunch checks
sl-6-89,pre_launch,00:01:00,Propellant tank pressurization to flight pressure begins
sl-6-89,pre_launch,00:00:45,SpaceX Launch Director verifies go for launch
sl-6-89,pre_launch,00:00:03,Engine controller commands engine ignition sequence to start
sl-6-89,pre_launch,00:00:00,Falcon 9 liftoff
sl-6-89,post_launch,00:01:12,Max Q (moment of peak mechanical stress on the rocket)
sl-6-89,post_launch,00:02:24,1st stage main engine cutoff (MECO)
sl-6-89,post_launch,00:02:28,1st and 2nd stages separate
sl-6-89,post_launch,00:02:34,2nd stage engine starts (SES-1)
sl-6-89,post_launch,00:02:57,Fairing separation
sl-6-89,post_launch,00:06:05,1st stage entry burn begins
sl-6-89,post_launch,00:06:30,1st stage entry burn ends
sl-6-89,post_launch,00:07:54,1st stage landing burn begins
sl-6-89,post_launch,00:08:19,1st stage landing
sl-6-89,post_launch,00:08:38,2nd stage engine cutoff (SECO-1)
sl-6-89,post_launch,00:53:52,2nd stage engine starts (SES-2)
sl-6-89,post_launch,00:53:53,2nd stage engine cutoff (SECO-2)
sl-6-89,post_launch,01:04:58,Starlink satellites deploy
sl-6-92,pre_launch,00:38:00,SpaceX Launch Director verifies go for propellant load
sl-6-92,pre_launch,00:35:00,RP-1 (rocket grade kerosene) loading begins
sl-6-92,pre_launch,00:35:00,1st stage LOX (liquid oxygen) loading begins
sl-6-92,pre_launch,00:16:00,2nd stage LOX loading begins
sl-6-92,pre_launch,00:07:00,Falcon 9 begins engine chill prior to launch
sl-6-92,pre_launch,00:01:00,Command flight computer to begin final prelaunch checks
sl-6-92,pre_launch,00:01:00,Propellant tank pressurization to flight pressure begins
sl-6-92,pre_launch,00:00:45,SpaceX Launch Director verifies go for launch
sl-6-92,pre_launch,00:00:03,Engine controller commands engine ignition sequence to start
sl-6-92,pre_launch,00:00:00,Falcon 9 liftoff
sl-6-92,post_launch,00:01:12,Max Q (moment of peak mechanical stress on the rocket)
sl-6-92,post_launch,00:02:23,1st stage main engine cutoff (MECO)
sl-6-92,post_launch,00:02:27,1st and 2nd stages separate
sl-6-92,post_launch,00:02:35,2nd stage engine starts (SES-1)
sl-6-92,post_launch,00:02:56,Fairing separation
sl-6-92,post_launch,00:06:07,1st stage entry burn begins
sl-6-92,post_launch,00:06:35,1st stage entry burn ends
sl-6-92,post_launch,00:07:59,1st stage landing burn begins
sl-6-92,post_launch,00:08:23,1st stage landing
sl-6-92,post_launch,00:08:38,2nd stage engine cutoff (SECO-1)
sl-6-92,post_launch,00:53:44,2nd stage engine starts (SES-2)
sl-6-92,post_launch,00:53:45,2nd stage engine cutoff (SECO-2)
sl-6-92,post_launch,01:04:51,Starlink satellites deploy
sl-10-41,pre_launch,00:38:00,SpaceX Launch Director verifies go for propellant load
sl-10-41,pre_launch,00:35:00,RP-1 (rocket grade kerosene) loading begins
sl-10-41,pre_launch,00:35:00,1st stage LOX (liquid oxygen) loading begins
sl-10-41,pre_launch,00:16:00,2nd stage LOX loading begins
sl-10-41,pre_launch,00:07:00,Falcon 9 begins engine chill prior to launch
sl-10-41,pre_launch,00:01:00,Command flight computer to begin final prelaunch checks
sl-10-41,pre_launch,00:01:00,Propellant tank pressurization to flight pressure begins
sl-10-41,pre_launch,00:00:45,SpaceX Launch Director verifies go for launch
sl-10-41,pre_launch,00:00:03,Engine controller commands engine ignition sequence to start
sl-10-41,pre_launch,00:00:00,Falcon 9 liftoff
sl-10-41,post_launch,00:01:12,Max Q (moment of peak mechanical stress on the rocket)
sl-10-41,post_launch,00:02:26,1st stage main engine cutoff (MECO)
sl-10-41,post_launch,00:02:29,1st and 2nd stages separate
sl-10-41,post_launch,00:02:36,2nd stage engine starts (SES-1)
sl-10-41,post_launch,00:02:59,Fairing separation
sl-10-41,post_launch,00:06:00,1st stage entry burn begins
sl-10-41,post_launch,00:06:22,1st stage entry burn ends
sl-10-41,post_launch,00:07:56,1st stage landing burn begins
sl-10-41,post_launch,00:08:19,1st stage landing
sl-10-41,post_launch,00:08:40,2nd stage engine cutoff (SECO-1)
sl-10-41,post_launch,00:54:10,2nd stage engine starts (SES-2)
sl-10-41,post_launch,00:54:11,2nd stage engine cutoff (SECO-2)
sl-10-41,post_launch,01:03:31,Starlink satellites deploy
nrol77,pre_launch,00:38:00,SpaceX Launch Director verifies go for propellant load
nrol77,pre_launch,00:35:00,RP-1 (rocket grade kerosene) loading begins
nrol77,pre_launch,00:35:00,1st stage LOX (liquid oxygen) loading begins
nrol77,pre_launch,00:16:00,2nd stage LOX loading begins
nrol77,pre_launch,00:07:00,Falcon 9 begins engine chill prior to launch
nrol77,pre_launch,00:01:00,Command flight computer to begin final prelaunch checks
nrol77,pre_launch,00:01:00,Propellant tank pressurization to flight pressure begins
nrol77,pre_launch,00:00:45,SpaceX Launch Director verifies go for launch
nrol77,pre_launch,00:00:03,Engine controller commands engine ignition sequence to start
nrol77,pre_launch,00:00:00,Falcon 9 liftoff
nrol77,post_launch,00:01:12,Max Q (moment of peak mechanical stress on the rocket)
nrol77,post_launch,00:02:12,1st stage main engine cutoff (MECO)
nrol77,post_launch,00:02:15,1st and 2nd stages separate
nrol77,post_launch,00:02:23,2nd stage engine starts (SES-1)
nrol77,post_launch,00:02:28,Boostback burn starts
nrol77,post_launch,00:03:04,Fairing separation
nrol77,post_launch,00:03:22,Boostback burn ends
nrol77,post_launch,00:06:44,1st stage entry burn begins
nrol77,post_launch,00:07:04,1st stage entry burn ends
nrol77,post_launch,00:08:01,1st stage landing burn begins
nrol77,post_launch,00:08:17,2nd stage engine cutoff (SECO-1)
nrol77,post_launch,00:08:28,1st stage lands on Landing Zone 2
sl-6-85,pre_launch,00:38:00,SpaceX Launch Director verifies go for propellant load
sl-6-85,pre_launch,00:35:00,RP-1 (rocket grade kerosene) loading begins
sl-6-85,pre_launch,00:35:00,1st stage LOX (liquid oxygen) loading begins
sl-6-85,pre_launch,00:16:00,2nd stage LOX loading begins
sl-6-85,pre_launch,00:07:00,Falcon 9 begins engine chill prior to launch
sl-6-85,pre_launch,00:01:00,Command flight computer to begin final prelaunch checks
sl-6-85,pre_launch,00:01:00,Propellant tank pressurization to flight pressure begins
sl-6-85,pre_launch,00:00:45,SpaceX Launch Director verifies go for launch
sl-6-85,pre_launch,00:00:03,Engine controller commands engine ignition sequence to start
sl-6-85,pre_launch,00:00:00,Falcon 9 liftoff
sl-6-85,post_launch,00:01:12,Max Q (moment of peak mechanical stress on the rocket)
sl-6-85,post_launch,00:02:27,1st stage main engine cutoff (MECO)
sl-6-85,post_launch,00:02:31,1st and 2nd stages separate
sl-6-85,post_launch,00:02:39,2nd stage engine starts (SES-1)
sl-6-85,post_launch,00:02:53,Fairing separation
sl-6-85,post_launch,00:06:09,1st stage entry burn begins
sl-6-85,post_launch,00:06:35,1st stage entry burn ends
sl-6-85,post_launch,00:07:54,1st stage landing burn begins
sl-6-85,post_launch,00:08:22,1st stage landing
sl-6-85,post_launch,00:08:42,2nd stage engine cutoff (SECO-1)
sl-6-85,post_launch,00:53:57,2nd stage engine starts (SES-2)
sl-6-85,post_launch,00:53:58,2nd stage engine cutoff (SECO-2)
sl-6-85,post_launch,01:05:05,Starlink satellites deploy
sl-17-10,pre_launch,00:38:00,SpaceX Launch Director verifies go for propellant load
sl-17-10,pre_launch,00:35:00,RP-1 (rocket grade kerosene) loading begins
sl-17-10,pre_launch,00:35:00,1st stage LOX (liquid oxygen) loading begins
sl-17-10,pre_launch,00:16:00,2nd stage LOX loading begins
sl-17-10,pre_launch,00:07:00,Falcon 9 begins engine chill prior to launch
sl-17-10,pre_launch,00:01:00,Command flight computer to begin final prelaunch checks
sl-17-10,pre_launch,00:01:00,Propellant tank pressurization to flight pressure begins
sl-17-10,pre_launch,00:00:45,SpaceX Launch Director verifies go for launch
sl-17-10,pre_launch,00:00:03,Engine controller commands engine ignition sequence to start
sl-17-10,pre_launch,00:00:00,Falcon 9 liftoff
sl-17-10,post_launch,00:01:12,Max Q (Moment of peak mechanical stress on the rocket)
sl-17-10,post_launch,00:02:25,1st stage main engine cutoff (MECO)
sl-17-10,post_launch,00:02:28 ,1st and 2nd stages separate
sl-17-10,post_launch,00:02:35 ,2nd stage engine starts (SES-1)
sl-17-10,post_launch,00:02:55 ,Fairing deployment
sl-17-10,post_launch,00:06:04 ,1st stage entry burn begins
sl-17-10,post_launch,00:06:28 ,1st stage entry burn ends
sl-17-10,post_launch,00:07:56 ,1st stage landing burn begins
sl-17-10,post_launch,00:08:20 ,1st stage landing 
sl-17-10,post_launch,00:08:39 ,2nd stage engine cutoff (SECO-1)
sl-17-10,post_launch,00:53:39 ,2nd stage engine starts (SES-2)
sl-17-10,post_launch,00:53:41 ,2nd stage engine cutoff (SECO-2)
sl-17-10,post_launch,01:02:31 ,Starlink satellites deploy
sentinel-6b,pre_launch,00:38:00,SpaceX Launch Director verifies go for propellant load
sentinel-6b,pre_launch,00:35:00,RP-1 (rocket grade kerosene) loading begins
sentinel-6b,pre_launch,00:35:00,1st stage LOX (liquid oxygen) loading begins
sentinel-6b,pre_launch,00:16:00,2nd stage LOX loading begins
sentinel-6b,pre_launch,00:07:00,Falcon 9 begins engine chill prior to launch
sentinel-6b,pre_launch,00:01:00,Command flight computer to begin final prelaunch checks
sentinel-6b,pre_launch,00:01:00,Propellant tank pressurization to flight pressure begins
sentinel-6b,pre_launch,00:00:45,SpaceX Launch Director verifies go for launch
sentinel-6b,pre_launch,00:00:03,Engine controller commands engine ignition sequence to start
sentinel-6b,pre_launch,00:00:00,Falcon 9 liftoff
sentinel-6b,post_launch,00:01:12,Max Q (moment of peak mechanical stress on the rocket)
sentinel-6b,post_launch,00:02:13,1st stage main engine cutoff (MECO)
sentinel-6b,post_launch,00:02:17,1st and 2nd stages separate
sentinel-6b,post_launch,00:02:25,2nd stage engine starts (SES-1)
sentinel-6b,post_launch,00:02:30,Boostback burn starts
sentinel-6b,post_launch,00:02:48,Fairing deployment
sentinel-6b,post_launch,00:03:18,Boostback burn ends
sentinel-6b,post_launch,00:07:22,1st stage entry burn begins
sentinel-6b,post_launch,00:07:48,1st stage entry burn ends
sentinel-6b,post_launch,00:08:18,2nd stage engine cutoff (SECO-1)
sentinel-6b,post_launch,00:08:42,1st stage landing burn begins
sentinel-6b,post_launch,00:09:11,1st stage lands on Landing Zone 4
sentinel-6b,post_launch,00:52:02,2nd stage engine starts (SES-2)
sentinel-6b,post_launch,00:52:12,2nd stage engine cutoff (SECO-2)
sentinel-6b,post_launch,00:57:13,Sentinel-6B deploys 
sl-10-40,pre_launch,00:38:00,SpaceX Launch Director verifies go for propellant load
sl-10-40,pre_launch,00:35:00,RP-1 (rocket grade kerosene) loading begins
sl-10-40,pre_launch,00:35:00,1st stage LOX (liquid oxygen) loading begins
sl-10-40,pre_launch,00:16:00,2nd stage LOX loading begins
sl-10-40,pre_launch,00:07:00,Falcon 9 begins engine chill prior to launch
sl-10-40,pre_launch,00:01:00,Command flight computer to begin final prelaunch checks
sl-10-40,pre_launch,00:01:00,Propellant tank pressurization to flight pressure begins
sl-10-40,pre_launch,00:00:45,SpaceX Launch Director verifies go for launch
sl-10-40,pre_launch,00:00:03,Engine controller commands engine ignition sequence to start
sl-10-40,pre_launch,00:00:00,Falcon 9 liftoff
sl-10-40,post_launch,00:01:12,Max Q (moment of peak mechanical stress on the rocket)
sl-10-40,post_launch,00:02:24,1st stage main engine cutoff (MECO)
sl-10-40,post_launch,00:02:28,1st and 2nd stages separate
sl-10-40,post_launch,00:02:34,2nd stage engine starts (SES-1)
sl-10-40,post_launch,00:02:56,Fairing separation
sl-10-40,post_launch,00:06:08,1st stage entry burn begins
sl-10-40,post_launch,00:06:34,1st stage entry burn ends
sl-10-40,post_launch,00:07:55,1st stage landing burn begins
sl-10-40,post_launch,00:08:20,1st stage landing
sl-10-40,post_launch,00:08:39,2nd stage engine cutoff (SECO-1)
sl-10-40,post_launch,00:54:41,2nd stage engine starts (SES-2)
sl-10-40,post_launch,00:54:43,2nd stage engine cutoff (SECO-2)
sl-10-40,post_launch,01:04:03,Starlink satellites deploy
sl-17-8,pre_launch,00:38:00,SpaceX Launch Director verifies go for propellant load
sl-17-8,pre_launch,00:35:00,RP-1 (rocket grade kerosene) loading begins
sl-17-8,pre_launch,00:35:00,1st stage LOX (liquid oxygen) loading begins
sl-17-8,pre_launch,00:16:00,2nd stage LOX loading begins
sl-17-8,pre_launch,00:07:00,Falcon 9 begins engine chill prior to launch
sl-17-8,pre_launch,00:01:00,Command flight computer to begin final prelaunch checks
sl-17-8,pre_launch,00:01:00,Propellant tank pressurization to flight pressure begins
sl-17-8,pre_launch,00:00:45,SpaceX Launch Director verifies go for launch
sl-17-8,pre_launch,00:00:03,Engine controller commands engine ignition sequence to start
sl-17-8,pre_launch,00:00:00,Falcon 9 liftoff
sl-17-8,post_launch,00:01:12 ,Max Q (Moment of peak mechanical stress on the rocket)
sl-17-8,post_launch,00:02:25,1st stage main engine cutoff (MECO)
sl-17-8,post_launch,00:02:28 ,1st and 2nd stages separate
sl-17-8,post_launch,00:02:35	,2nd stage engine starts (SES-1)
sl-17-8,post_launch,00:02:55 ,Fairing separation 
sl-17-8,post_launch,00:06:04 ,1st stage entry burn begins
sl-17-8,post_launch,00:06:29	,1st stage entry burn ends
sl-17-8,post_launch,00:07:56	,1st stage landing burn begins
sl-17-8,post_launch,00:08:20 ,1st stage landing 
sl-17-8,post_launch,00:08:39 ,2nd stage engine cutoff (SECO-1)
sl-17-8,post_launch,00:53:34	,2nd stage engine starts (SES-2)
sl-17-8,post_launch,00:53:35 ,2nd stage engine cutoff (SECO-2)
sl-17-8,post_launch,01:02:25	,Starlink satellites deploy
sl-17-5,pre_launch,00:38:00,SpaceX Launch Director verifies go for propellant load
sl-17-5,pre_launch,00:35:00,RP-1 (rocket grade kerosene) loading begins
sl-17-5,pre_launch,00:35:00,1st stage LOX (liquid oxygen) loading begins
sl-17-5,pre_launch,00:16:00,2nd stage LOX loading begins
sl-17-5,pre_launch,00:07:00,Falcon 9 begins engine chill prior to launch
sl-17-5,pre_launch,00:01:00,Command flight computer to begin final prelaunch checks
sl-17-5,pre_launch,00:01:00,Propellant tank pressurization to flight pressure begins
sl-17-5,pre_launch,00:00:45,SpaceX Launch Director verifies go for launch
sl-17-5,pre_launch,00:00:03,Engine controller commands engine ignition sequence to start
sl-17-5,pre_launch,00:00:00,Falcon 9 liftoff
sl-17-5,post_launch,00:01:12,Max Q (Moment of peak mechanical stress on the rocket)
sl-17-5,post_launch,00:02:26,1st stage main engine cutoff (MECO)
sl-17-5,post_launch,00:02:29,1st and 2nd stages separate
sl-17-5,post_launch,00:02:36,2nd stage engine starts (SES-1)
sl-17-5,post_launch,00:02:55,Fairing separation 
sl-17-5,post_launch,00:06:08,1st stage entry burn begins
sl-17-5,post_launch,00:06:31,1st stage entry burn ends
sl-17-5,post_launch,00:08:01,1st stage landing burn begins
sl-17-5,post_launch,00:08:25,1st stage landing
sl-17-5,post_launch,00:08:40,2nd stage engine cutoff (SECO-1)
sl-17-5,post_launch,00:53:36,2nd stage engine starts (SES-2)
sl-17-5,post_launch,00:53:37,2nd stage engine cutoff (SECO-2)
sl-17-5,post_launch,01:02:28,Starlink satellites deploy
sl-15-11,pre_launch,00:38:00,SpaceX Launch Director verifies go for propellant load
sl-15-11,pre_launch,00:35:00,RP-1 (rocket grade kerosene) loading begins
sl-15-11,pre_launch,00:35:00,1st stage LOX (liquid oxygen) loading begins
sl-15-11,pre_launch,00:16:00,2nd stage LOX loading begins
sl-15-11,pre_launch,00:07:00,Falcon 9 begins engine chill prior to launch
sl-15-11,pre_launch,00:01:00,Command flight computer to begin final prelaunch checks
sl-15-11,pre_launch,00:01:00,Propellant tank pressurization to flight pressure begins
sl-15-11,pre_launch,00:00:45,SpaceX Launch Director verifies go for launch
sl-15-11,pre_launch,00:00:03,Engine controller commands engine ignition sequence to start
sl-15-11,pre_launch,00:00:00,Falcon 9 liftoff
sl-15-11,post_launch,00:01:12,Max Q (moment of peak mechanical stress on the rocket)
sl-15-11,post_launch,00:02:25,1st stage main engine cutoff (MECO)
sl-15-11,post_launch,00:02:28,1st and 2nd stages separate
sl-15-11,post_launch,00:02:35,2nd stage engine starts (SES-1)
sl-15-11,post_launch,00:02:54,Fairing separation
sl-15-11,post_launch,00:06:10,1st stage entry burn begins
sl-15-11,post_launch,00:06:33,1st stage entry burn ends
sl-15-11,post_launch,00:08:00,1st stage landing burn begins
sl-15-11,post_launch,00:08:24,1st stage landing
sl-15-11,post_launch,00:08:39,2nd stage engine cutoff (SECO-1)
sl-15-11,post_launch,00:52:24,2nd stage engine starts (SES-2)
sl-15-11,post_launch,00:52:26,2nd stage engine cutoff (SECO-2)
sl-15-11,post_launch,01:01:16,Starlink satellites deploy
ng23,pre_launch,00:38:00,SpaceX Launch Director verifies go for propellant load
ng23,pre_launch,00:35:00,RP-1 (rocket grade kerosene) loading begins
ng23,pre_launch,00:35:00,1st stage LOX (liquid oxygen) loading begins
ng23,pre_launch,00:16:00,2nd stage LOX loading begins
ng23,pre_launch,00:07:00,Falcon 9 begins engine chill prior to launch
ng23,pre_launch,00:01:00,Command flight computer to begin final prelaunch checks
ng23,pre_launch,00:01:00,Propellant tank pressurization to flight pressure begins
ng23,pre_launch,00:00:45,SpaceX Launch Director verifies go for launch
ng23,pre_launch,00:00:03,Engine controller commands engine ignition sequence to start
ng23,pre_launch,00:00:00,Falcon 9 liftoff
ng23,post_launch,00:01:12	,Max Q (moment of peak mechanical stress on the rocket)
ng23,post_launch,00:02:12	,1st stage main engine cutoff (MECO)
ng23,post_launch,00:02:16	,1st and 2nd stages separate
ng23,post_launch,00:02:24	,2nd stage engine starts (SES-1)
ng23,post_launch,00:02:29	,Boostback Burn Starts
ng23,post_launch,00:02:52	,Fairing deployment
ng23,post_launch,00:03:21	,Boostback Burn Ends
ng23,post_launch,00:06:10	,1st stage entry burn start
ng23,post_launch,00:06:30	,1st stage entry burn ends
ng23,post_launch,00:07:21	,1st stage landing burn start
ng23,post_launch,00:07:54	,1st stage landing
ng23,post_launch,00:08:31	,2nd stage engine cutoff (SECO-1)
ng23,post_launch,00:14:33	,NG-23 Deployment
sl-6-96,pre_launch,00:38:00,SpaceX Launch Director verifies go for propellant load
sl-6-96,pre_launch,00:35:00,RP-1 (rocket grade kerosene) loading begins
sl-6-96,pre_launch,00:35:00,1st stage LOX (liquid oxygen) loading begins
sl-6-96,pre_launch,00:16:00,2nd stage LOX loading begins
sl-6-96,pre_launch,00:07:00,Falcon 9 begins engine chill prior to launch
sl-6-96,pre_launch,00:01:00,Command flight computer to begin final prelaunch checks
sl-6-96,pre_launch,00:01:00,Propellant tank pressurization to flight pressure begins
sl-6-96,pre_launch,00:00:45,SpaceX Launch Director verifies go for launch
sl-6-96,pre_launch,00:00:03,Engine controller commands engine ignition sequence to start
sl-6-96,pre_launch,00:00:00,Falcon 9 liftoff
sl-6-96,post_launch,00:01:12,Max Q (moment of peak mechanical stress on the rocket)
sl-6-96,post_launch,00:02:24,1st stage main engine cutoff (MECO)
sl-6-96,post_launch,00:02:27,1st and 2nd stages separate
sl-6-96,post_launch,00:02:35,2nd stage engine starts (SES-1)
sl-6-96,post_launch,00:02:56,Fairing separation
sl-6-96,post_launch,00:06:08,1st stage entry burn begins
sl-6-96,post_launch,00:06:35,1st stage entry burn ends
sl-6-96,post_launch,00:08:01,1st stage landing burn begins
sl-6-96,post_launch,00:08:25,1st stage landing
sl-6-96,post_launch,00:08:39,2nd stage engine cutoff (SECO-1)
sl-6-96,post_launch,00:53:49,2nd stage engine starts (SES-2)
sl-6-96,post_launch,00:53:50,2nd stage engine cutoff (SECO-2)
sl-6-96,post_launch,01:04:56,Starlink satellites deploy
sl-17-18,pre_launch,00:38:00,SpaceX Launch Director verifies go for propellant load
sl-17-18,pre_launch,00:35:00,RP-1 (rocket grade kerosene) loading begins
sl-17-18,pre_launch,00:35:00,1st stage LOX (liquid oxygen) loading begins
sl-17-18,pre_launch,00:16:00,2nd stage LOX loading begins
sl-17-18,pre_launch,00:07:00,Falcon 9 begins engine chill prior to launch
sl-17-18,pre_launch,00:01:00,Command flight computer to begin final prelaunch checks
sl-17-18,pre_launch,00:01:00,Propellant tank pressurization to flight pressure begins
sl-17-18,pre_launch,00:00:45,SpaceX Launch Director verifies go for launch
sl-17-18,pre_launch,00:00:03,Engine controller commands engine ignition sequence to start
sl-17-18,pre_launch,00:00:00,Falcon 9 liftoff
sl-17-18,post_launch,00:01:08,Max Q (moment of peak mechanical stress on the rocket)
sl-17-18,post_launch,00:02:26,1st stage main engine cutoff (MECO)
sl-17-18,post_launch,00:02:29,1st and 2nd stages separate
sl-17-18,post_launch,00:02:36,2nd stage engine starts (SES-1)
sl-17-18,post_launch,00:02:58,Fairing separation
sl-17-18,post_launch,00:05:59,1st stage entry burn begins
sl-17-18,post_launch,00:06:20,1st stage entry burn ends
sl-17-18,post_launch,00:07:52,1st stage landing burn begins
sl-17-18,post_launch,00:08:13,1st stage landing
sl-17-18,post_launch,00:08:40,2nd stage engine cutoff (SECO-1)
sl-17-18,post_launch,00:53:02,2nd stage engine starts (SES-2)
sl-17-18,post_launch,00:53:03,2nd stage engine cutoff (SECO-2)
sl-17-18,post_launch,01:01:53,Starlink satellites deploy
echostarxxv,pre_launch,00:38:00,SpaceX Launch Director verifies go for propellant load
echostarxxv,pre_launch,00:35:00,RP-1 (rocket grade kerosene) loading begins
echostarxxv,pre_launch,00:35:00,1st stage LOX (liquid oxygen) loading begins
echostarxxv,pre_launch,00:16:00,2nd stage LOX loading begins
echostarxxv,pre_launch,00:07:00,Falcon 9 begins engine chill prior to launch
echostarxxv,pre_launch,00:01:00,Command flight computer to begin final prelaunch checks
echostarxxv,pre_launch,00:01:00,Propellant tank pressurization to flight pressure begins
echostarxxv,pre_launch,00:00:45,SpaceX Launch Director verifies go for launch
echostarxxv,pre_launch,00:00:03,Engine controller commands engine ignition sequence to start
echostarxxv,pre_launch,00:00:00,Falcon 9 liftoff
echostarxxv,post_launch,00:01:10,Max Q (moment of peak mechanical stress on the rocket)
echostarxxv,post_launch,00:02:28,1st stage main engine cutoff (MECO)
echostarxxv,post_launch,00:02:31,1st and 2nd stages separate
echostarxxv,post_launch,00:02:39,2nd stage engine starts (SES-1)
echostarxxv,post_launch,00:03:13,Fairing separation 
echostarxxv,post_launch,00:06:45,1st stage entry burn start
echostarxxv,post_launch,00:07:08,1st stage entry burn ends
echostarxxv,post_launch,00:08:02,2nd stage engine cutoff (SECO-1)
echostarxxv,post_launch,00:08:31,1st stage landing burn start
echostarxxv,post_launch,00:08:40,1st stage landing 
echostarxxv,post_launch,00:26:51,2nd stage engine starts (SES-2)
echostarxxv,post_launch,00:27:40,2nd stage engine cutoff (SECO-2)
echostarxxv,post_launch,00:34:53,EchoStar XXV deploys
sl-6-94,pre_launch,00:38:00,SpaceX Launch Director verifies go for propellant load
sl-6-94,pre_launch,00:35:00,RP-1 (rocket grade kerosene) loading begins
sl-6-94,pre_launch,00:35:00,1st stage LOX (liquid oxygen) loading begins
sl-6-94,pre_launch,00:16:00,2nd stage LOX loading begins
sl-6-94,pre_launch,00:07:00,Falcon 9 begins engine chill prior to launch
sl-6-94,pre_launch,00:01:00,Command flight computer to begin final prelaunch checks
sl-6-94,pre_launch,00:01:00,Propellant tank pressurization to flight pressure begins
sl-6-94,pre_launch,00:00:45,SpaceX Launch Director verifies go for launch
sl-6-94,pre_launch,00:00:03,Engine controller commands engine ignition sequence to start
sl-6-94,pre_launch,00:00:00,Falcon 9 liftoff
sl-6-94,post_launch,00:01:12,Max Q (moment of peak mechanical stress on the rocket)
sl-6-94,post_launch,00:02:24,1st stage main engine cutoff (MECO)
sl-6-94,post_launch,00:02:28,1st and 2nd stages separate
sl-6-94,post_launch,00:02:34,2nd stage engine starts (SES-1)
sl-6-94,post_launch,00:02:56,Fairing separation
sl-6-94,post_launch,00:06:07,1st stage entry burn begins
sl-6-94,post_launch,00:06:33,1st stage entry burn ends
sl-6-94,post_launch,00:07:56,1st stage landing burn begins
sl-6-94,post_launch,00:08:20,1st stage landing
sl-6-94,post_launch,00:08:38,2nd stage engine cutoff (SECO-1)
sl-6-94,post_launch,00:53:48,2nd stage engine starts (SES-2)
sl-6-94,post_launch,00:53:50,2nd stage engine cutoff (SECO-2)
sl-6-94,post_launch,01:04:55,Starlink satellites deploy
twilight,pre_launch,00:38:00,SpaceX Launch Director verifies go for propellant load
twilight,pre_launch,00:35:00,RP-1 (rocket grade kerosene) loading begins
twilight,pre_launch,00:35:00,1st stage LOX (liquid oxygen) loading begins
twilight,pre_launch,00:16:00,2nd stage LOX loading begins
twilight,pre_launch,00:07:00,Falcon 9 begins engine chill prior to launch
twilight,pre_launch,00:01:00,Command flight computer to begin final prelaunch checks
twilight,pre_launch,00:01:00,Propellant tank pressurization to flight pressure begins
twilight,pre_launch,00:00:45,SpaceX Launch Director verifies go for launch
twilight,pre_launch,00:00:03,Engine controller commands engine ignition sequence to start
twilight,pre_launch,00:00:00,Falcon 9 liftoff
twilight,post_launch,00:01:12,Max Q (moment of peak mechanical stress on the rocket)
twilight,post_launch,00:02:15,1st stage main engine cutoff (MECO)
twilight,post_launch,00:02:18,1st and 2nd stages separate
twilight,post_launch,00:02:22,Stage 1 flip
twilight,post_launch,00:02:26,2nd stage engine starts (SES-1)
twilight,post_launch,00:02:32 ,Boostback burn starts
twilight,post_launch,00:02:56,Fairing separation
twilight,post_launch,00:03:26,Boostback burn ends
twilight,post_launch,00:06:08,1st stage entry burn begins
twilight,post_launch,00:06:19,1st stage entry burn ends
twilight,post_launch,00:07:16,1st stage landing burn begins
twilight,post_launch,00:07:34,1st stage landing 
twilight,post_launch,00:08:09,2nd stage engine cutoff (SECO-1)
twilight,post_launch,00:56:55,2nd stage engine starts (SES-2)
twilight,post_launch,00:56:56,2nd stage engine cutoff (SECO-2)
twilight,post_launch,01:01:33,"Connecta IoT-14 deploys, manifested by Exolaunch"
twilight,post_launch,01:01:49,"HYDRA-2 deploys, manifested by Exolaunch"
twilight,post_launch,01:01:56,"LEMUR-2-KUTAR deploys, manifested by Exolaunch"
twilight,post_launch,01:02:02,"Connecta IoT-13 deploys, manifested by Exolaunch"
twilight,post_launch,01:02:07,"Hawk-13B deploys, manifested by Exolaunch"
twilight,post_launch,01:03:04,"Tomorrow-S11 deploys, manifested by The Tomorrow Companies, Inc"
twilight,post_launch,01:03:16,"Tomorrow-S10 deploys, manifested by The Tomorrow Companies, Inc"
twilight,post_launch,01:03:56,"Connecta IoT-16 deploys, manifested by Exolaunch"
twilight,post_launch,01:04:09,"Connecta IoT-15 deploys, manifested by Exolaunch"
twilight,post_launch,01:04:36,"Hawk-13A deploys, manifested by Exolaunch"
twilight,post_launch,01:06:59,"Flamingo-1 deploys, manifested by Exolaunch"
twilight,post_launch,01:07:50,"Hawk-13C deploys, manifested by Exolaunch"
twilight,post_launch,01:08:22,"CarbSAR IOD deploys, manifested by SSTL"
twilight,post_launch,01:43:04,2nd stage engine starts (SES-3)
twilight,post_launch,01:43:05,2nd stage engine cutoff (SECO-3)
twilight,post_launch,02:14:51,2nd stage engine starts (SES-4)
twilight,post_launch,02:14:52,2nd stage engine cutoff (SECO-4)
twilight,post_launch,02:19:56 ,"LEMUR-2-HCS-BAZUS deploys, manifested by Exolaunch"
twilight,post_launch,02:19:59,"LEMUR-2-CALLUM-K-J deploys, manifested by Exolaunch"
twilight,post_launch,02:20:01,"BlackCAT deploys, manifested by Exolaunch"
twilight,post_launch,02:20:17,"LEMUR-2-KATIE deploys, manifested by Exolaunch"
twilight,post_launch,02:20:18,"Dcubed-1 / Araqys-D1 deploys, manifested by Exolaunch"
twilight,post_launch,02:20:20,"LEMUR-2-MARIO-SOUSA deploys, manifested by Exolaunch"
twilight,post_launch,02:20:21,"Star-Planet Activity Research CubeSat (SPARCS) deploys, manifested through NASA's CubeSat Launch Initiative, integrated by Maverick Space Systems"
twilight,post_launch,02:20:31,"LEMUR-2-SONNENBLUME deploys, manifested by Exolaunch"
twilight,post_launch,02:20:43,"LEMUR-2-GRAM-E-SUE deploys, manifested by Exolaunch"
twilight,post_launch,02:21:11,"LEMUR-2-WOBLER deploys, manifested by Exolaunch"
twilight,post_launch,02:21:33	,"LEMUR-2-FIKRETDENGIZ deploys, manifested by Exolaunch"
twilight,post_launch,02:21:41,"Acadia-8 deploys, manifested by Capella"
twilight,post_launch,02:21:49,"Umbra-12 deploys, manifested by Umbra"
twilight,post_launch,02:21:56,"AETHER-8 deploys, manifested by Kepler Communications"
twilight,post_launch,02:22:52,"ICEYE 2 deploys, manifested by Exolaunch"
twilight,post_launch,02:23:11,"Acadia-9 deploys, manifested by Capella"
twilight,post_launch,02:23:27,"AETHER-12 deploys, manifested by Kepler Communications"
twilight,post_launch,02:23:28,"AETHER-11 deploys, manifested by Kepler Communications"
twilight,post_launch,02:24:09,"AETHER-5 deploys, manifested by Kepler Communications"
twilight,post_launch,02:24:15,"ICEYE 1 deploys, manifested by Exolaunch"
twilight,post_launch,02:25:00,"AETHER-9 deploys, manifested by Kepler Communications"
twilight,post_launch,02:25:40,"AETHER-6 deploys, manifested by Kepler Communications"
twilight,post_launch,02:26:44,"AETHER-4 deploys, manifested by Kepler Communications"
twilight,post_launch,02:27:58,"Pandora deploys, manifested by NASA"
twilight,post_launch,02:30:55,"AETHER-3 deploys, manifested by Kepler Communications"
twilight,post_launch,02:32:00,"AETHER-7 deploys, manifested by Kepler Communications"
twilight,post_launch,02:32:59,"AETHER-10 deploys, manifested by Kepler Communications"
sl-6-97,pre_launch,00:38:00,SpaceX Launch Director verifies go for propellant load
sl-6-97,pre_launch,00:35:00,RP-1 (rocket grade kerosene) loading begins
sl-6-97,pre_launch,00:35:00,1st stage LOX (liquid oxygen) loading begins
sl-6-97,pre_launch,00:16:00,2nd stage LOX loading begins
sl-6-97,pre_launch,00:07:00,Falcon 9 begins engine chill prior to launch
sl-6-97,pre_launch,00:01:00,Command flight computer to begin final prelaunch checks
sl-6-97,pre_launch,00:01:00,Propellant tank pressurization to flight pressure begins
sl-6-97,pre_launch,00:00:45,SpaceX Launch Director verifies go for launch
sl-6-97,pre_launch,00:00:03,Engine controller commands engine ignition sequence to start
sl-6-97,pre_launch,00:00:00,Falcon 9 liftoff
sl-6-97,post_launch,00:01:12,Max Q (moment of peak mechanical stress on the rocket)
sl-6-97,post_launch,00:02:24,1st stage main engine cutoff (MECO)
sl-6-97,post_launch,00:02:27,1st and 2nd stages separate
sl-6-97,post_launch,00:02:34,2nd stage engine starts (SES-1)
sl-6-97,post_launch,00:02:56,Fairing separation
sl-6-97,post_launch,00:06:06,1st stage entry burn begins
sl-6-97,post_launch,00:06:32,1st stage entry burn ends
sl-6-97,post_launch,00:07:58,1st stage landing burn begins
sl-6-97,post_launch,00:08:22,1st stage landing
sl-6-97,post_launch,00:08:38,2nd stage engine cutoff (SECO-1)
sl-6-97,post_launch,00:53:53,2nd stage engine starts (SES-2)
sl-6-97,post_launch,00:53:54,2nd stage engine cutoff (SECO-2)
sl-6-97,post_launch,01:05:00 ,Starlink satellites deploy
sl-17-31,pre_launch,00:38:00,SpaceX Launch Director verifies go for propellant load
sl-17-31,pre_launch,00:35:00,RP-1 (rocket grade kerosene) loading begins
sl-17-31,pre_launch,00:35:00,1st stage LOX (liquid oxygen) loading begins
sl-17-31,pre_launch,00:16:00,2nd stage LOX loading begins
sl-17-31,pre_launch,00:07:00,Falcon 9 begins engine chill prior to launch
sl-17-31,pre_launch,00:01:00,Command flight computer to begin final prelaunch checks
sl-17-31,pre_launch,00:01:00,Propellant tank pressurization to flight pressure begins
sl-17-31,pre_launch,00:00:45,SpaceX Launch Director verifies go for launch
sl-17-31,pre_launch,00:00:03,Engine controller commands engine ignition sequence to start
sl-17-31,pre_launch,00:00:00,Falcon 9 liftoff
sl-17-31,post_launch,00:01:08,Max Q (moment of peak mechanical stress on the rocket)
sl-17-31,post_launch,00:02:27,1st stage main engine cutoff (MECO)
sl-17-31,post_launch,00:02:30,1st and 2nd stages separate
sl-17-31,post_launch,00:02:37,2nd stage engine starts (SES-1)
sl-17-31,post_launch,00:02:59,Fairing separation
sl-17-31,post_launch,00:05:59,1st stage entry burn begins
sl-17-31,post_launch,00:06:20,1st stage entry burn ends
sl-17-31,post_launch,00:07:51,1st stage landing burn begins
sl-17-31,post_launch,00:08:13,1st stage landing
sl-17-31,post_launch,00:08:41,2nd stage engine cutoff (SECO-1)
sl-17-31,post_launch,00:52:38,2nd stage engine starts (SES-2)
sl-17-31,post_launch,00:52:39,2nd stage engine cutoff (SECO-2)
sl-17-31,post_launch,01:01:30,Starlink satellites deploy
sl-10-48,pre_launch,00:38:00,SpaceX Launch Director verifies go for propellant load
sl-10-48,pre_launch,00:35:00,RP-1 (rocket grade kerosene) loading begins
sl-10-48,pre_launch,00:35:00,1st stage LOX (liquid oxygen) loading begins
sl-10-48,pre_launch,00:16:00,2nd stage LOX loading begins
sl-10-48,pre_launch,00:07:00,Falcon 9 begins engine chill prior to launch
sl-10-48,pre_launch,00:01:00,Command flight computer to begin final prelaunch checks
sl-10-48,pre_launch,00:01:00,Propellant tank pressurization to flight pressure begins
sl-10-48,pre_launch,00:00:45,SpaceX Launch Director verifies go for launch
sl-10-48,pre_launch,00:00:03,Engine controller commands engine ignition sequence to start
sl-10-48,pre_launch,00:00:00,Falcon 9 liftoff
sl-10-48,post_launch,00:01:12,Max Q (moment of peak mechanical stress on the rocket)
sl-10-48,post_launch,00:02:24,1st stage main engine cutoff (MECO)
sl-10-48,post_launch,00:02:28,1st and 2nd stages separate
sl-10-48,post_launch,00:02:34,2nd stage engine starts (SES-1)
sl-10-48,post_launch,00:02:56,Fairing separation
sl-10-48,post_launch,00:06:08,1st stage entry burn begins
sl-10-48,post_launch,00:06:34,1st stage entry burn ends
sl-10-48,post_launch,00:07:55,1st stage landing burn begins
sl-10-48,post_launch,00:08:20,1st stage landing
sl-10-48,post_launch,00:08:39,2nd stage engine cutoff (SECO-1)
sl-10-48,post_launch,00:54:41,2nd stage engine starts (SES-2)
sl-10-48,post_launch,00:54:43,2nd stage engine cutoff (SECO-2)
sl-10-48,post_launch,01:04:03,Starlink satellites deploy
sl-17-33,pre_launch,00:38:00,SpaceX Launch Director verifies go for propellant load
sl-17-33,pre_launch,00:35:00,RP-1 (rocket grade kerosene) loading begins
sl-17-33,pre_launch,00:35:00,1st stage LOX (liquid oxygen) loading begins
sl-17-33,pre_launch,00:16:00,2nd stage LOX loading begins
sl-17-33,pre_launch,00:07:00,Falcon 9 begins engine chill prior to launch
sl-17-33,pre_launch,00:01:00,Command flight computer to begin final prelaunch checks
sl-17-33,pre_launch,00:01:00,Propellant tank pressurization to flight pressure begins
sl-17-33,pre_launch,00:00:45,SpaceX Launch Director verifies go for launch
sl-17-33,pre_launch,00:00:03,Engine controller commands engine ignition sequence to start
sl-17-33,pre_launch,00:00:00,Falcon 9 liftoff
sl-17-33,post_launch,00:01:12,Max Q (moment of peak mechanical stress on the rocket)
sl-17-33,post_launch,00:02:26,1st stage main engine cutoff (MECO)
sl-17-33,post_launch,00:02:30,1st and 2nd stages separate
sl-17-33,post_launch,00:02:37,2nd stage engine starts (SES-1)
sl-17-33,post_launch,00:02:58,Fairing separation
sl-17-33,post_launch,00:05:59,1st stage entry burn begins
sl-17-33,post_launch,00:06:20,1st stage entry burn ends
sl-17-33,post_launch,00:07:53,1st stage landing burn begins
sl-17-33,post_launch,00:08:15,1st stage landing
sl-17-33,post_launch,00:08:40,2nd stage engine cutoff (SECO-1)
sl-17-33,post_launch,00:53:13,2nd stage engine starts (SES-2)
sl-17-33,post_launch,00:53:14,2nd stage engine cutoff (SECO-2)
sl-17-33,post_launch,01:02:05,Starlink satellites deploy
sl-6-98,pre_launch,00:38:00,SpaceX Launch Director verifies go for propellant load
sl-6-98,pre_launch,00:35:00,RP-1 (rocket grade kerosene) loading begins
sl-6-98,pre_launch,00:35:00,1st stage LOX (liquid oxygen) loading begins
sl-6-98,pre_launch,00:16:00,2nd stage LOX loading begins
sl-6-98,pre_launch,00:07:00,Falcon 9 begins engine chill prior to launch
sl-6-98,pre_launch,00:01:00,Command flight computer to begin final prelaunch checks
sl-6-98,pre_launch,00:01:00,Propellant tank pressurization to flight pressure begins
sl-6-98,pre_launch,00:00:45,SpaceX Launch Director verifies go for launch
sl-6-98,pre_launch,00:00:03,Engine controller commands engine ignition sequence to start
sl-6-98,pre_launch,00:00:00,Falcon 9 liftoff
sl-6-98,post_launch,00:01:12,Max Q (moment of peak mechanical stress on the rocket)
sl-6-98,post_launch,00:02:24,1st stage main engine cutoff (MECO)
sl-6-98,post_launch,00:02:28,1st and 2nd stages separate
sl-6-98,post_launch,00:02:36,2nd stage engine starts (SES-1)
sl-6-98,post_launch,00:02:57,Fairing separation
sl-6-98,post_launch,00:06:06,1st stage entry burn begins
sl-6-98,post_launch,00:06:34,1st stage entry burn ends
sl-6-98,post_launch,00:07:55,1st stage landing burn begins
sl-6-98,post_launch,00:08:20,1st stage landing
sl-6-98,post_launch,00:08:40,2nd stage engine cutoff (SECO-1)
sl-6-98,post_launch,00:53:52,2nd stage engine starts (SES-2)
sl-6-98,post_launch,00:53:54,2nd stage engine cutoff (SECO-2)
sl-6-98,post_launch,01:04:59 ,Starlink satellites deploy
sl-17-35,pre_launch,00:38:00,SpaceX Launch Director verifies go for propellant load
sl-17-35,pre_launch,00:35:00,RP-1 (rocket grade kerosene) loading begins
sl-17-35,pre_launch,00:35:00,1st stage LOX (liquid oxygen) loading begins
sl-17-35,pre_launch,00:16:00,2nd stage LOX loading begins
sl-17-35,pre_launch,00:07:00,Falcon 9 begins engine chill prior to launch
sl-17-35,pre_launch,00:01:00,Command flight computer to begin final prelaunch checks
sl-17-35,pre_launch,00:01:00,Propellant tank pressurization to flight pressure begins
sl-17-35,pre_launch,00:00:45,SpaceX Launch Director verifies go for launch
sl-17-35,pre_launch,00:00:03,Engine controller commands engine ignition sequence to start
sl-17-35,pre_launch,00:00:00,Falcon 9 liftoff
sl-17-35,post_launch,00:01:08,Max Q (moment of peak mechanical stress on the rocket)
sl-17-35,post_launch,00:02:27,1st stage main engine cutoff (MECO)
sl-17-35,post_launch,00:02:30,1st and 2nd stages separate
sl-17-35,post_launch,00:02:37,2nd stage engine starts (SES-1)
sl-17-35,post_launch,00:02:59,Fairing separation
sl-17-35,post_launch,00:05:59,1st stage entry burn begins
sl-17-35,post_launch,00:06:19,1st stage entry burn ends
sl-17-35,post_launch,00:07:50,1st stage landing burn begins
sl-17-35,post_launch,00:08:12,1st stage landing
sl-17-35,post_launch,00:08:40,2nd stage engine cutoff (SECO-1)
sl-17-35,post_launch,00:52:34,2nd stage engine starts (SES-2)
sl-17-35,post_launch,00:52:35,2nd stage engine cutoff (SECO-2)
sl-17-35,post_launch,01:01:25,Starlink satellites deploy
sl-17-21,pre_launch,00:38:00,SpaceX Launch Director verifies go for propellant load
sl-17-21,pre_launch,00:35:00,RP-1 (rocket grade kerosene) loading begins
sl-17-21,pre_launch,00:35:00,1st stage LOX (liquid oxygen) loading begins
sl-17-21,pre_launch,00:16:00,2nd stage LOX loading begins
sl-17-21,pre_launch,00:07:00,Falcon 9 begins engine chill prior to launch
sl-17-21,pre_launch,00:01:00,Command flight computer to begin final prelaunch checks
sl-17-21,pre_launch,00:01:00,Propellant tank pressurization to flight pressure begins
sl-17-21,pre_launch,00:00:45,SpaceX Launch Director verifies go for launch
sl-17-21,pre_launch,00:00:03,Engine controller commands engine ignition sequence to start
sl-17-21,pre_launch,00:00:00,Falcon 9 liftoff
sl-17-21,post_launch,00:01:08,Max Q (moment of peak mechanical stress on the rocket)
sl-17-21,post_launch,00:02:27,1st stage main engine cutoff (MECO)
sl-17-21,post_launch,00:02:30,1st and 2nd stages separate
sl-17-21,post_launch,00:02:37,2nd stage engine starts (SES-1)
sl-17-21,post_launch,00:02:58,Fairing separation
sl-17-21,post_launch,00:06:02,1st stage entry burn begins
sl-17-21,post_launch,00:06:22,1st stage entry burn ends
sl-17-21,post_launch,00:07:52,1st stage landing burn begins
sl-17-21,post_launch,00:08:15,1st stage landing
sl-17-21,post_launch,00:08:40,2nd stage engine cutoff (SECO-1)
sl-17-21,post_launch,00:53:00,2nd stage engine starts (SES-2)
sl-17-21,post_launch,00:53:01,2nd stage engine cutoff (SECO-2)
sl-17-21,post_launch,01:01:52,Starlink satellites deploy
ng24,pre_launch,00:38:00,SpaceX Launch Director verifies go for propellant load
ng24,pre_launch,00:35:00,RP-1 (rocket grade kerosene) loading begins
ng24,pre_launch,00:35:00,1st stage LOX (liquid oxygen) loading begins
ng24,pre_launch,00:16:00,2nd stage LOX loading begins
ng24,pre_launch,00:07:00,Falcon 9 begins engine chill prior to launch
ng24,pre_launch,00:01:00,Command flight computer to begin final prelaunch checks
ng24,pre_launch,00:01:00,Propellant tank pressurization to flight pressure begins
ng24,pre_launch,00:00:45,SpaceX Launch Director verifies go for launch
ng24,pre_launch,00:00:03,Engine controller commands engine ignition sequence to start
ng24,pre_launch,00:00:00,Falcon 9 liftoff
ng24,post_launch,00:01:08,Max Q (moment of peak mechanical stress on the rocket)
ng24,post_launch,00:02:13,1st stage main engine cutoff (MECO)
ng24,post_launch,00:02:16,1st and 2nd stages separate
ng24,post_launch,00:02:20,Stage 1 flip
ng24,post_launch,00:02:24,2nd stage engine starts (SES-1)
ng24,post_launch,00:02:29,Boostback burn starts
ng24,post_launch,00:02:53,Fairing separation
ng24,post_launch,00:03:20,Boostback burn ends
ng24,post_launch,00:06:10,1st stage entry burn begins
ng24,post_launch,00:06:29,1st stage entry burn ends
ng24,post_launch,00:07:27,1st stage landing burn begins
ng24,post_launch,00:07:54,1st stage lands at LZ-40
ng24,post_launch,00:08:33	,2nd stage engine cutoff (SECO-1)
ng24,post_launch,00:14:44,Cygnus XL Deploys
sl-10-24,pre_launch,00:38:00,SpaceX Launch Director verifies go for propellant load
sl-10-24,pre_launch,00:35:00,RP-1 (rocket grade kerosene) loading begins
sl-10-24,pre_launch,00:35:00,1st stage LOX (liquid oxygen) loading begins
sl-10-24,pre_launch,00:16:00,2nd stage LOX loading begins
sl-10-24,pre_launch,00:07:00,Falcon 9 begins engine chill prior to launch
sl-10-24,pre_launch,00:01:00,Command flight computer to begin final prelaunch checks
sl-10-24,pre_launch,00:01:00,Propellant tank pressurization to flight pressure begins
sl-10-24,pre_launch,00:00:45,SpaceX Launch Director verifies go for launch
sl-10-24,pre_launch,00:00:03,Engine controller commands engine ignition sequence to start
sl-10-24,pre_launch,00:00:00,Falcon 9 liftoff
sl-10-24,post_launch,00:01:10,Max Q (moment of peak mechanical stress on the rocket)
sl-10-24,post_launch,00:02:26,1st stage main engine cutoff (MECO)
sl-10-24,post_launch,00:02:29,1st and 2nd stages separate
sl-10-24,post_launch,00:02:36,2nd stage engine starts (SES-1)
sl-10-24,post_launch,00:02:58,Fairing separation
sl-10-24,post_launch,00:06:02,1st stage entry burn begins
sl-10-24,post_launch,00:06:24,1st stage entry burn ends
sl-10-24,post_launch,00:07:57,1st stage landing burn begins
sl-10-24,post_launch,00:08:20,1st stage landing
sl-10-24,post_launch,00:08:39,2nd stage engine cutoff (SECO-1)
sl-10-24,post_launch,00:52:03,2nd stage engine starts (SES-2)
sl-10-24,post_launch,00:52:04,2nd stage engine cutoff (SECO-2)
sl-10-24,post_launch,01:01:24,Starlink satellites deploy
sl-17-27,pre_launch,00:38:00,SpaceX Launch Director verifies go for propellant load
sl-17-27,pre_launch,00:35:00,RP-1 (rocket grade kerosene) loading begins
sl-17-27,pre_launch,00:35:00,1st stage LOX (liquid oxygen) loading begins
sl-17-27,pre_launch,00:16:00,2nd stage LOX loading begins
sl-17-27,pre_launch,00:07:00,Falcon 9 begins engine chill prior to launch
sl-17-27,pre_launch,00:01:00,Command flight computer to begin final prelaunch checks
sl-17-27,pre_launch,00:01:00,Propellant tank pressurization to flight pressure begins
sl-17-27,pre_launch,00:00:45,SpaceX Launch Director verifies go for launch
sl-17-27,pre_launch,00:00:03,Engine controller commands engine ignition sequence to start
sl-17-27,pre_launch,00:00:00,Falcon 9 liftoff
sl-17-27,post_launch,00:01:08,Max Q (moment of peak mechanical stress on the rocket)
sl-17-27,post_launch,00:02:27,1st stage main engine cutoff (MECO)
sl-17-27,post_launch,00:02:30,1st and 2nd stages separate
sl-17-27,post_launch,00:02:37,2nd stage engine starts (SES-1)
sl-17-27,post_launch,00:02:58,Fairing separation
sl-17-27,post_launch,00:06:01,1st stage entry burn begins
sl-17-27,post_launch,00:06:21,1st stage entry burn ends
sl-17-27,post_launch,00:07:56,1st stage landing burn begins
sl-17-27,post_launch,00:08:19,1st stage landing
sl-17-27,post_launch,00:08:41,2nd stage engine cutoff (SECO-1)
sl-17-27,post_launch,00:52:13,2nd stage engine starts (SES-2)
sl-17-27,post_launch,00:52:14,2nd stage engine cutoff (SECO-2)
sl-17-27,post_launch,01:01:05,Starlink satellites deploy
sl-17-22,pre_launch,00:38:00,SpaceX Launch Director verifies go for propellant load
sl-17-22,pre_launch,00:35:00,RP-1 (rocket grade kerosene) loading begins
sl-17-22,pre_launch,00:35:00,1st stage LOX (liquid oxygen) loading begins
sl-17-22,pre_launch,00:16:00,2nd stage LOX loading begins
sl-17-22,pre_launch,00:07:00,Falcon 9 begins engine chill prior to launch
sl-17-22,pre_launch,00:01:00,Command flight computer to begin final prelaunch checks
sl-17-22,pre_launch,00:01:00,Propellant tank pressurization to flight pressure begins
sl-17-22,pre_launch,00:00:45,SpaceX Launch Director verifies go for launch
sl-17-22,pre_launch,00:00:03,Engine controller commands engine ignition sequence to start
sl-17-22,pre_launch,00:00:00,Falcon 9 liftoff
sl-17-22,post_launch,00:01:08,Max Q (moment of peak mechanical stress on the rocket)
sl-17-22,post_launch,00:02:27,1st stage main engine cutoff (MECO)
sl-17-22,post_launch,00:02:31,1st and 2nd stages separate
sl-17-22,post_launch,00:02:37,2nd stage engine starts (SES-1)
sl-17-22,post_launch,00:02:59,Fairing separation
sl-17-22,post_launch,00:06:01,1st stage entry burn begins
sl-17-22,post_launch,00:06:20,1st stage entry burn ends
sl-17-22,post_launch,00:07:50,1st stage landing burn begins
sl-17-22,post_launch,00:08:12,1st stage landing
sl-17-22,post_launch,00:08:41,2nd stage engine cutoff (SECO-1)
sl-17-22,post_launch,00:52:57,2nd stage engine starts (SES-2)
sl-17-22,post_launch,00:52:58,2nd stage engine cutoff (SECO-2)
sl-17-22,post_launch,01:01:48,Starlink satellites deploy
gpsiii8,pre_launch,00:38:00,SpaceX Launch Director verifies go for propellant load
gpsiii8,pre_launch,00:35:00,RP-1 (rocket grade kerosene) loading begins
gpsiii8,pre_launch,00:35:00,1st stage LOX (liquid oxygen) loading begins
gpsiii8,pre_launch,00:16:00,2nd stage LOX loading begins
gpsiii8,pre_launch,00:07:00,Falcon 9 begins engine chill prior to launch
gpsiii8,pre_launch,00:01:00,Command flight computer to begin final prelaunch checks
gpsiii8,pre_launch,00:01:00,Propellant tank pressurization to flight pressure begins
gpsiii8,pre_launch,00:00:45,SpaceX Launch Director verifies go for launch
gpsiii8,pre_launch,00:00:03,Engine controller commands engine ignition sequence to start
gpsiii8,pre_launch,00:00:00,Falcon 9 liftoff
gpsiii8,post_launch,00:01:17,Max Q (moment of peak mechanical stress on the rocket)
gpsiii8,post_launch,00:02:29,1st stage main engine cutoff (MECO)
gpsiii8,post_launch,00:02:32,1st and 2nd stages separate
gpsiii8,post_launch,00:02:40,2nd stage engine starts (SES-1)
gpsiii8,post_launch,00:03:29,Fairing separation 
gpsiii8,post_launch,00:06:12,1st stage entry burn begins
gpsiii8,post_launch,00:06:41,1st stage entry burn ends
gpsiii8,post_launch,00:08:06,2nd stage engine cutoff (SECO-1)
gpsiii8,post_launch,00:08:10,1st stage landing burn begins
gpsiii8,post_launch,00:08:34,1st stage landing
gpsiii8,post_launch,01:03:31,2nd stage engine starts (SES-2)
gpsiii8,post_launch,01:04:18,2nd stage engine cutoff (SECO-2)
gpsiii8,post_launch,01:29:19,GPS III-8 SV-10 deploys
sl-17-14,pre_launch,00:38:00,SpaceX Launch Director verifies go for propellant load
sl-17-14,pre_launch,00:35:00,RP-1 (rocket grade kerosene) loading begins
sl-17-14,pre_launch,00:35:00,1st stage LOX (liquid oxygen) loading begins
sl-17-14,pre_launch,00:16:00,2nd stage LOX loading begins
sl-17-14,pre_launch,00:07:00,Falcon 9 begins engine chill prior to launch
sl-17-14,pre_launch,00:01:00,Command flight computer to begin final prelaunch checks
sl-17-14,pre_launch,00:01:00,Propellant tank pressurization to flight pressure begins
sl-17-14,pre_launch,00:00:45,SpaceX Launch Director verifies go for launch
sl-17-14,pre_launch,00:00:03,Engine controller commands engine ignition sequence to start
sl-17-14,pre_launch,00:00:00,Falcon 9 liftoff
sl-17-14,post_launch,00:01:08,Max Q (moment of peak mechanical stress on the rocket)
sl-17-14,post_launch,00:02:27,1st stage main engine cutoff (MECO)
sl-17-14,post_launch,00:02:30,1st and 2nd stages separate
sl-17-14,post_launch,00:02:37,2nd stage engine starts (SES-1)
sl-17-14,post_launch,00:02:59,Fairing separation
sl-17-14,post_launch,00:05:59,1st stage entry burn begins
sl-17-14,post_launch,00:06:20,1st stage entry burn ends
sl-17-14,post_launch,00:07:51,1st stage landing burn begins
sl-17-14,post_launch,00:08:13,1st stage landing
sl-17-14,post_launch,00:08:41,2nd stage engine cutoff (SECO-1)
sl-17-14,post_launch,00:52:31,2nd stage engine starts (SES-2)
sl-17-14,post_launch,00:52:32,2nd stage engine cutoff (SECO-2)
sl-17-14,post_launch,01:01:23 ,Starlink satellites deploy
sl-17-16,pre_launch,00:38:00,SpaceX Launch Director verifies go for propellant load
sl-17-16,pre_launch,00:35:00,RP-1 (rocket grade kerosene) loading begins
sl-17-16,pre_launch,00:35:00,1st stage LOX (liquid oxygen) loading begins
sl-17-16,pre_launch,00:16:00,2nd stage LOX loading begins
sl-17-16,pre_launch,00:07:00,Falcon 9 begins engine chill prior to launch
sl-17-16,pre_launch,00:01:00,Command flight computer to begin final prelaunch checks
sl-17-16,pre_launch,00:01:00,Propellant tank pressurization to flight pressure begins
sl-17-16,pre_launch,00:00:45,SpaceX Launch Director verifies go for launch
sl-17-16,pre_launch,00:00:03,Engine controller commands engine ignition sequence to start
sl-17-16,pre_launch,00:00:00,Falcon 9 liftoff
sl-17-16,post_launch,00:01:08,Max Q (moment of peak mechanical stress on the rocket)
sl-17-16,post_launch,00:02:27,1st stage main engine cutoff (MECO)
sl-17-16,post_launch,00:02:30,1st and 2nd stages separate
sl-17-16,post_launch,00:02:37,2nd stage engine starts (SES-1)
sl-17-16,post_launch,00:02:59,Fairing separation
sl-17-16,post_launch,00:05:59,1st stage entry burn begins
sl-17-16,post_launch,00:06:20,1st stage entry burn ends
sl-17-16,post_launch,00:07:51,1st stage landing burn begins
sl-17-16,post_launch,00:08:13,1st stage landing
sl-17-16,post_launch,00:08:41,2nd stage engine cutoff (SECO-1)
sl-17-16,post_launch,00:52:19,2nd stage engine starts (SES-2)
sl-17-16,post_launch,00:52:21,2nd stage engine cutoff (SECO-2)
sl-17-16,post_launch,01:01:11,Starlink satellites deploy
viasat3f3,pre_launch,- 00:53:00,SpaceX Launch Director verifies go for propellant load
viasat3f3,pre_launch,- 00:50:00,1st stage RP-1 (rocket grade kerosene) loading begins
viasat3f3,pre_launch,- 00:45:00,1st stage LOX (liquid oxygen) loading begins
viasat3f3,pre_launch,- 00:35:00,2nd stage RP-1 (rocket grade kerosene) loading begins
viasat3f3,pre_launch,- 00:18:30,2nd stage LOX loading begins
viasat3f3,pre_launch,- 00:07:00,Falcon Heavy begins engine chill
viasat3f3,pre_launch,- 00:00:59,Flight computer commanded to begin final pre-launch checks
viasat3f3,pre_launch,- 00:00:45,SpaceX Launch Director verifies go for launch
viasat3f3,pre_launch,- 00:00:20,Propellant tanks pressurize for flight
viasat3f3,pre_launch,- 00:00:06,Engine controller commands engine ignition sequence to start
viasat3f3,pre_launch,- 00:00:00,Falcon Heavy liftoff
viasat3f3,post_launch,00:01:09,Max Q (moment of peak mechanical stress on the rocket)
viasat3f3,post_launch,00:02:21,Side booster engine cutoff (BECO) 
viasat3f3,post_launch,00:02:25,Side boosters separate
viasat3f3,post_launch,00:02:30,Side boosters flip
viasat3f3,post_launch,00:02:41,Side boosters boostback burn begins
viasat3f3,post_launch,00:03:47,Side boosters boostback burn ends
viasat3f3,post_launch,00:03:50,1st stage main engine cutoff (MECO)
viasat3f3,post_launch,00:03:54,1st and 2nd stages separate
viasat3f3,post_launch,00:04:01,2nd stage engine starts (SES-1)
viasat3f3,post_launch,00:04:17,Fairing separation
viasat3f3,post_launch,00:06:28,Side boosters entry burn begins
viasat3f3,post_launch,00:06:44,Side boosters entry burn ends
viasat3f3,post_launch,00:07:41,Side boosters landing burns start
viasat3f3,post_launch,00:07:58,Side boosters landing
viasat3f3,post_launch,00:08:13,2nd stage engine cutoff (SECO-1)
viasat3f3,post_launch,00:26:05,2nd stage engine starts (SES-2)
viasat3f3,post_launch,00:27:33,2nd stage engine cutoff (SECO-2)
viasat3f3,post_launch,04:47:47,2nd stage engine starts (SES-3)
viasat3f3,post_launch,04:48:30,2nd stage engine cutoff (SECO-3)
viasat3f3,post_launch,04:57:31,ViaSat-3 F3 deploys 
sl-17-36,pre_launch,00:38:00,SpaceX Launch Director verifies go for propellant load
sl-17-36,pre_launch,00:35:00,RP-1 (rocket grade kerosene) loading begins
sl-17-36,pre_launch,00:35:00,1st stage LOX (liquid oxygen) loading begins
sl-17-36,pre_launch,00:16:00,2nd stage LOX loading begins
sl-17-36,pre_launch,00:07:00,Falcon 9 begins engine chill prior to launch
sl-17-36,pre_launch,00:01:00,Command flight computer to begin final prelaunch checks
sl-17-36,pre_launch,00:01:00,Propellant tank pressurization to flight pressure begins
sl-17-36,pre_launch,00:00:45,SpaceX Launch Director verifies go for launch
sl-17-36,pre_launch,00:00:03,Engine controller commands engine ignition sequence to start
sl-17-36,pre_launch,00:00:00,Falcon 9 liftoff
sl-17-36,post_launch,00:01:07,Max Q (moment of peak mechanical stress on the rocket)
sl-17-36,post_launch,00:02:27,1st stage main engine cutoff (MECO)
sl-17-36,post_launch,00:02:30,1st and 2nd stages separate
sl-17-36,post_launch,00:02:37,2nd stage engine starts (SES-1)
sl-17-36,post_launch,00:02:55,Fairing separation
sl-17-36,post_launch,00:06:10,1st stage entry burn begins
sl-17-36,post_launch,00:06:29,1st stage entry burn ends
sl-17-36,post_launch,00:07:54,1st stage landing burn begins
sl-17-36,post_launch,00:08:16,1st stage landing
sl-17-36,post_launch,00:08:40,2nd stage engine cutoff (SECO-1)
sl-17-36,post_launch,00:52:54,2nd stage engine starts (SES-2)
sl-17-36,post_launch,00:52:55,2nd stage engine cutoff (SECO-2)
sl-17-36,post_launch,01:01:46,Starlink satellites deploy
sl-10-38,pre_launch,00:38:00,SpaceX Launch Director verifies go for propellant load
sl-10-38,pre_launch,00:35:00,RP-1 (rocket grade kerosene) loading begins
sl-10-38,pre_launch,00:35:00,1st stage LOX (liquid oxygen) loading begins
sl-10-38,pre_launch,00:16:00,2nd stage LOX loading begins
sl-10-38,pre_launch,00:07:00,Falcon 9 begins engine chill prior to launch
sl-10-38,pre_launch,00:01:00,Command flight computer to begin final prelaunch checks
sl-10-38,pre_launch,00:01:00,Propellant tank pressurization to flight pressure begins
sl-10-38,pre_launch,00:00:45,SpaceX Launch Director verifies go for launch
sl-10-38,pre_launch,00:00:03,Engine controller commands engine ignition sequence to start
sl-10-38,pre_launch,00:00:00,Falcon 9 liftoff
sl-10-38,post_launch,00:01:11,Max Q (moment of peak mechanical stress on the rocket)
sl-10-38,post_launch,00:02:26,1st stage main engine cutoff (MECO)
sl-10-38,post_launch,00:02:30,1st and 2nd stages separate
sl-10-38,post_launch,00:02:36,2nd stage engine starts (SES-1)
sl-10-38,post_launch,00:02:58,Fairing separation
sl-10-38,post_launch,00:06:06,1st stage entry burn begins
sl-10-38,post_launch,00:06:28,1st stage entry burn ends
sl-10-38,post_launch,00:08:01,1st stage landing burn begins
sl-10-38,post_launch,00:08:23,1st stage landing
sl-10-38,post_launch,00:08:41,2nd stage engine cutoff (SECO-1)
sl-10-38,post_launch,00:51:00,2nd stage engine starts (SES-2)
sl-10-38,post_launch,00:51:02,2nd stage engine cutoff (SECO-2)
sl-10-38,post_launch,01:00:22,Starlink satellites deploy
cas500-2,pre_launch,00:38:00,SpaceX Launch Director verifies go for propellant load
cas500-2,pre_launch,00:35:00,RP-1 (rocket grade kerosene) loading begins
cas500-2,pre_launch,00:35:00,1st stage LOX (liquid oxygen) loading begins
cas500-2,pre_launch,00:16:00,2nd stage LOX loading begins
cas500-2,pre_launch,00:07:00,Falcon 9 begins engine chill prior to launch
cas500-2,pre_launch,00:01:00,Command flight computer to begin final prelaunch checks
cas500-2,pre_launch,00:01:00,Propellant tank pressurization to flight pressure begins
cas500-2,pre_launch,00:00:45,SpaceX Launch Director verifies go for launch
cas500-2,pre_launch,00:00:03,Engine controller commands engine ignition sequence to start
cas500-2,pre_launch,00:00:00,Falcon 9 liftoff
cas500-2,post_launch,00:01:05,Max Q (moment of peak mechanical stress on the rocket)
cas500-2,post_launch,00:02:15,1st stage main engine cutoff (MECO)
cas500-2,post_launch,00:02:18,1st and 2nd stages separate
cas500-2,post_launch,00:02:22,Stage 1 flip
cas500-2,post_launch,00:02:26,2nd stage engine starts (SES-1)
cas500-2,post_launch,00:02:31 ,Boostback burn starts
cas500-2,post_launch,00:03:06,Fairing separation
cas500-2,post_launch,00:03:26,Boostback burn ends
cas500-2,post_launch,00:06:13,1st stage entry burn begins
cas500-2,post_launch,00:06:24,1st stage entry burn ends
cas500-2,post_launch,00:07:15,1st stage landing burn begins
cas500-2,post_launch,00:07:22,1st stage landing 
cas500-2,post_launch,00:08:12,2nd stage engine cutoff (SECO-1)
cas500-2,post_launch,00:54:08,2nd stage engine starts (SES-2)
cas500-2,post_launch,00:54:11,2nd stage engine cutoff (SECO-2)
cas500-2,post_launch,00:59:54,"CAS500-2 deploys, manifested by KAI"
cas500-2,post_launch,01:16:37,"Selene deploys, manifested by Exolaunch"
cas500-2,post_launch,01:16:46,"KNA's QUBE-II deploys, manifested by Exolaunch"
cas500-2,post_launch,01:16:52,"FrontierSat deploys, manifested by Exolaunch"
cas500-2,post_launch,01:16:54,"Helios deploys, manifested by Exolaunch"
cas500-2,post_launch,01:17:04,"RAVEN deploys, manifested by Exolaunch"
cas500-2,post_launch,01:17:17,"BRO-21 deploys, manifested by Exolaunch"
cas500-2,post_launch,01:17:34,"Balkan-2 deploys, manifested by Exolaunch"
cas500-2,post_launch,01:17:38,"Hydra-3 deploys, manifested by Exolaunch"
cas500-2,post_launch,01:17:59,"SNAPPY deploys, manifested by Exolaunch"
cas500-2,post_launch,01:18:33,"JEN-1 deploys, manifested by Exolaunch"
cas500-2,post_launch,01:19:01,"Lynk Tower 7 deploys, manifested by Lynk Global"
cas500-2,post_launch,01:19:22,"BSLT-3 deploys, manifested by Exolaunch"
cas500-2,post_launch,01:19:58,"Lynk Tower 8 deploys, manifested by Lynk Global"
cas500-2,post_launch,01:20:03,"Pelican-8 deploys, manifested by Planet Labs"
cas500-2,post_launch,01:20:30,"Pelican-7 deploys, manifested by Planet Labs"
cas500-2,post_launch,01:20:46,"Jackal Autonomous Orbital Vehicle deploys, manifested by True Anomaly"
cas500-2,post_launch,01:21:00,"Pelican-9 deploys, manifested by Planet Labs"
cas500-2,post_launch,01:21:21,"Eycore-1 deploys, manifested by Exolaunch"
cas500-2,post_launch,01:22:08,"GalaxEye’s Mission Drishti deploys, manifested by Impulso.Space"
cas500-2,post_launch,01:36:06	,2nd stage engine starts (SES-3)
cas500-2,post_launch,01:36:07,2nd stage engine cutoff (SECO-3)
cas500-2,post_launch,02:13:53,2nd stage engine starts (SES-4)
cas500-2,post_launch,02:13:54,2nd stage engine cutoff (SECO-4)
cas500-2,post_launch,02:22:18,"Gemini-Pollux deploys, manifested by Exolaunch"
cas500-2,post_launch,02:22:24,"FOREST-17 Telperion deploys, manifested by Exolaunch"
cas500-2,post_launch,02:22:35,"NuLink-2 deploys, manifested by Exolaunch"
cas500-2,post_launch,02:22:53,"NuLink-1 deploys, manifested by Exolaunch"
cas500-2,post_launch,02:22:53,"BusanSat deploys, manifested by Exolaunch"
cas500-2,post_launch,02:23:13,"PEARL-1B deploys, manifested by Exolaunch"
cas500-2,post_launch,02:23:39,"PEARL-1A deploys, manifested by Exolaunch"
cas500-2,post_launch,02:24:00,"FOREST-18 MangoShrikhand deploys, manifested by Exolaunch"
cas500-2,post_launch,02:24:22,"FOREST-19 Patadastra deploys, manifested by Exolaunch"
cas500-2,post_launch,02:24:43,"FOREST-16 Sowitasgoht deploys, manifested by Exolaunch"
cas500-2,post_launch,02:24:47,"HEO-07 deploys, manifested by Argotec S.r.l."
cas500-2,post_launch,02:24:51,"HEO-14 deploys, manifested by Argotec S.r.l."
cas500-2,post_launch,02:25:00,"HEO-12 deploys, manifested by Argotec S.r.l."
cas500-2,post_launch,02:25:06,"HEO-13 deploys, manifested by Argotec S.r.l."
cas500-2,post_launch,02:25:12,"HEO-10 deploys, manifested by Argotec S.r.l."
cas500-2,post_launch,02:25:53,"ICEYE 2 deploys, manifested by Exolaunch"
cas500-2,post_launch,02:25:58,"ICEYE 1 deploys, manifested by Exolaunch"
cas500-2,post_launch,02:26:13,"Loft-EarthDaily-5 deploys, manifested by Loft-EarthDaily"
cas500-2,post_launch,02:26:23,"Loft-EarthDaily-6 deploys, manifested by Loft-EarthDaily"
cas500-2,post_launch,02:28:34,"HEO-15 deploys, manifested by Argotec S.r.l."
cas500-2,post_launch,02:29:05,"Loft-EarthDaily-2 deploys, manifested by Loft-EarthDaily"
cas500-2,post_launch,02:29:15,"Loft-EarthDaily-3 deploys, manifested by Loft-EarthDaily"
cas500-2,post_launch,02:30:08,"HEO-11 deploys, manifested by Argotec S.r.l."
cas500-2,post_launch,02:30:21,"Loft-EarthDaily-4 deploys, manifested by Loft-EarthDaily"
cas500-2,post_launch,02:30:46,"Loft-EarthDaily-7 deploys, manifested by Loft-EarthDaily"
sl-17-29,pre_launch,00:38:00,SpaceX Launch Director verifies go for propellant load
sl-17-29,pre_launch,00:35:00,RP-1 (rocket grade kerosene) loading begins
sl-17-29,pre_launch,00:35:00,1st stage LOX (liquid oxygen) loading begins
sl-17-29,pre_launch,00:16:00,2nd stage LOX loading begins
sl-17-29,pre_launch,00:07:00,Falcon 9 begins engine chill prior to launch
sl-17-29,pre_launch,00:01:00,Command flight computer to begin final prelaunch checks
sl-17-29,pre_launch,00:01:00,Propellant tank pressurization to flight pressure begins
sl-17-29,pre_launch,00:00:45,SpaceX Launch Director verifies go for launch
sl-17-29,pre_launch,00:00:03,Engine controller commands engine ignition sequence to start
sl-17-29,pre_launch,00:00:00,Falcon 9 liftoff
sl-17-29,post_launch,00:01:08,Max Q (moment of peak mechanical stress on the rocket)
sl-17-29,post_launch,00:02:26,1st stage main engine cutoff (MECO)
sl-17-29,post_launch,00:02:30,1st and 2nd stages separate
sl-17-29,post_launch,00:02:37,2nd stage engine starts (SES-1)
sl-17-29,post_launch,00:02:59,Fairing separation
sl-17-29,post_launch,00:05:59,1st stage entry burn begins
sl-17-29,post_launch,00:06:19,1st stage entry burn ends
sl-17-29,post_launch,00:07:51,1st stage landing burn begins
sl-17-29,post_launch,00:08:13,1st stage landing
sl-17-29,post_launch,00:08:40,2nd stage engine cutoff (SECO-1)
sl-17-29,post_launch,00:53:02,2nd stage engine starts (SES-2)
sl-17-29,post_launch,00:53:03,2nd stage engine cutoff (SECO-2)
sl-17-29,post_launch,01:01:54,Starlink satellites deploy
nrol172,pre_launch,00:38:00,SpaceX Launch Director verifies go for propellant load
nrol172,pre_launch,00:35:00,RP-1 (rocket grade kerosene) loading begins
nrol172,pre_launch,00:35:00,1st stage LOX (liquid oxygen) loading begins
nrol172,pre_launch,00:16:00,2nd stage LOX loading begins
nrol172,pre_launch,00:07:00,Falcon 9 begins engine chill prior to launch
nrol172,pre_launch,00:01:00,Command flight computer to begin final prelaunch checks
nrol172,pre_launch,00:01:00,Propellant tank pressurization to flight pressure begins
nrol172,pre_launch,00:00:45,SpaceX Launch Director verifies go for launch
nrol172,pre_launch,00:00:03,Engine controller commands engine ignition sequence to start
nrol172,pre_launch,00:00:00,Falcon 9 liftoff
nrol172,post_launch,00:01:06,Max Q (moment of peak mechanical stress on the rocket)
nrol172,post_launch,00:02:25,1st stage main engine cutoff (MECO)
nrol172,post_launch,00:02:29,1st and 2nd stages separate
nrol172,post_launch,00:02:35,2nd stage engine starts (SES-1)
nrol172,post_launch,00:02:53,Fairing separation
nrol172,post_launch,00:06:13,1st stage entry burn begins
nrol172,post_launch,00:06:34,1st stage entry burn ends
nrol172,post_launch,00:08:04,1st stage landing burn begins
nrol172,post_launch,00:08:26,1st stage landing
crs-34,pre_launch,00:38:00,SpaceX Launch Director verifies go for propellant load
crs-34,pre_launch,00:35:00,RP-1 (rocket grade kerosene) loading begins
crs-34,pre_launch,00:35:00,1st stage LOX (liquid oxygen) loading begins
crs-34,pre_launch,00:16:00,2nd stage LOX loading begins
crs-34,pre_launch,00:07:00,Falcon 9 begins pre-launch engine chill
crs-34,pre_launch,00:05:00,Dragon transitions to internal power
crs-34,pre_launch,00:01:00,Command flight computer to begin final prelaunch checks
crs-34,pre_launch,00:01:00,Propellant tanks pressurize for flight
crs-34,pre_launch,00:00:45,SpaceX Launch Director verifies go for launch
crs-34,pre_launch,00:00:03,Engine controller commands engine ignition sequence to start
crs-34,pre_launch,00:00:00,Falcon 9 liftoff
crs-34,post_launch,00:01:08,Max Q (moment of peak mechanical stress on the rocket)
crs-34,post_launch,00:02:17,1st stage main engine cutoff (MECO)
crs-34,post_launch,00:02:18,1st and 2nd stages separate
crs-34,post_launch,00:02:22,Stage 1 flip	
crs-34,post_launch,00:02:26,2nd stage engine starts (SES-1)
crs-34,post_launch,00:02:31,Boostback burn
crs-34,post_launch,00:06:19,1st stage entry burn starts
crs-34,post_launch,00:06:31,1st stage entry burn ends
crs-34,post_launch,00:07:32,1st stage landing burn starts
crs-34,post_launch,00:07:42,1st stage landing
crs-34,post_launch,00:08:30,2nd stage engine cutoff (SECO-1)
crs-34,post_launch,00:09:22,Dragon separates from 2nd stage
crs-34,post_launch,00:10:33,Dragon nosecone open sequence begins
sl-17-42,pre_launch,00:38:00,SpaceX Launch Director verifies go for propellant load
sl-17-42,pre_launch,00:35:00,RP-1 (rocket grade kerosene) loading begins
sl-17-42,pre_launch,00:35:00,1st stage LOX (liquid oxygen) loading begins
sl-17-42,pre_launch,00:16:00,2nd stage LOX loading begins
sl-17-42,pre_launch,00:07:00,Falcon 9 begins engine chill prior to launch
sl-17-42,pre_launch,00:01:00,Command flight computer to begin final prelaunch checks
sl-17-42,pre_launch,00:01:00,Propellant tank pressurization to flight pressure begins
sl-17-42,pre_launch,00:00:45,SpaceX Launch Director verifies go for launch
sl-17-42,pre_launch,00:00:03,Engine controller commands engine ignition sequence to start
sl-17-42,pre_launch,00:00:00,Falcon 9 liftoff
sl-17-42,post_launch,00:01:08,Max Q (moment of peak mechanical stress on the rocket)
sl-17-42,post_launch,00:02:26,1st stage main engine cutoff (MECO)
sl-17-42,post_launch,00:02:29,1st and 2nd stages separate
sl-17-42,post_launch,00:02:36,2nd stage engine starts (SES-1)
sl-17-42,post_launch,00:02:57,Fairing separation
sl-17-42,post_launch,00:05:59,1st stage entry burn begins
sl-17-42,post_launch,00:06:23,1st stage entry burn ends
sl-17-42,post_launch,00:07:56,1st stage landing burn begins
sl-17-42,post_launch,00:08:19,1st stage landing
sl-17-42,post_launch,00:08:40,2nd stage engine cutoff (SECO-1)
sl-17-42,post_launch,00:52:30,2nd stage engine starts (SES-2)
sl-17-42,post_launch,00:52:31,2nd stage engine cutoff (SECO-2)
sl-17-42,post_launch,01:01:21,Starlink satellites deploy
sl-10-31,pre_launch,00:38:00,SpaceX Launch Director verifies go for propellant load
sl-10-31,pre_launch,00:35:00,RP-1 (rocket grade kerosene) loading begins
sl-10-31,pre_launch,00:35:00,1st stage LOX (liquid oxygen) loading begins
sl-10-31,pre_launch,00:16:00,2nd stage LOX loading begins
sl-10-31,pre_launch,00:07:00,Falcon 9 begins engine chill prior to launch
sl-10-31,pre_launch,00:01:00,Command flight computer to begin final prelaunch checks
sl-10-31,pre_launch,00:01:00,Propellant tank pressurization to flight pressure begins
sl-10-31,pre_launch,00:00:45,SpaceX Launch Director verifies go for launch
sl-10-31,pre_launch,00:00:03,Engine controller commands engine ignition sequence to start
sl-10-31,pre_launch,00:00:00,Falcon 9 liftoff
sl-10-31,post_launch,00:01:10,Max Q (moment of peak mechanical stress on the rocket)
sl-10-31,post_launch,00:02:26,1st stage main engine cutoff (MECO)
sl-10-31,post_launch,00:02:29,1st and 2nd stages separate
sl-10-31,post_launch,00:02:36,2nd stage engine starts (SES-1)
sl-10-31,post_launch,00:02:58,Fairing separation
sl-10-31,post_launch,00:06:02,1st stage entry burn begins
sl-10-31,post_launch,00:06:24,1st stage entry burn ends
sl-10-31,post_launch,00:07:57,1st stage landing burn begins
sl-10-31,post_launch,00:08:20,1st stage landing
sl-10-31,post_launch,00:08:39,2nd stage engine cutoff (SECO-1)
sl-10-31,post_launch,00:52:03,2nd stage engine starts (SES-2)
sl-10-31,post_launch,00:52:04,2nd stage engine cutoff (SECO-2)
sl-10-31,post_launch,01:01:24,Starlink satellites deploy
starship-flight-12,pre_launch,00:50:00,SpaceX Flight Director conducts poll and verifies GO for propellant load
starship-flight-12,pre_launch,00:38:53,Ship LOX (liquid oxygen) load underway
starship-flight-12,pre_launch,00:35:00,Booster LOX load underway
starship-flight-12,pre_launch,00:34:43,Booster fuel (liquid methane) load underway
starship-flight-12,pre_launch,00:32:59,Ship fuel load underway
starship-flight-12,pre_launch,00:21:30,Raptor begins engine chill on booster and ship
starship-flight-12,pre_launch,00:02:50,Booster propellant load complete
starship-flight-12,pre_launch,00:02:10,Ship propellant load complete
starship-flight-12,pre_launch,00:00:30,SpaceX flight director verifies GO for launch
starship-flight-12,pre_launch,00:00:17,Flame diverter activation
starship-flight-12,pre_launch,00:00:03,Booster engine startup command
starship-flight-12,pre_launch,00:00:00,Excitement guaranteed
starship-flight-12,post_launch,00:00:00,Liftoff
starship-flight-12,post_launch,00:00:45,Max Q (moment of peak aerodynamic stress on the rocket)
starship-flight-12,post_launch,00:02:22,Super Heavy MECO (most engines cut off)
starship-flight-12,post_launch,00:02:24,Hot-staging (Starship Raptor ignition and stage separation)
starship-flight-12,post_launch,00:02:30,Super Heavy boostback burn start
starship-flight-12,post_launch,00:03:30,Super Heavy boostback burn shutdown
starship-flight-12,post_launch,00:06:34,Super Heavy landing burn start
starship-flight-12,post_launch,00:06:59,Super Heavy landing burn shutdown 
starship-flight-12,post_launch,00:08:11,Starship engine cutoff
starship-flight-12,post_launch,00:17:37,Payload deploy demo start
starship-flight-12,post_launch,00:27:15,Payload deploy demo complete
starship-flight-12,post_launch,00:38:37,Raptor in-space relight demo
starship-flight-12,post_launch,00:47:47,Starship entry
starship-flight-12,post_launch,01:02:29,Starship is transonic
starship-flight-12,post_launch,01:03:08,Starship is subsonic
starship-flight-12,post_launch,01:05:06,Landing burn start
starship-flight-12,post_launch,01:05:08,Landing flip
starship-flight-12,post_launch,01:05:17,Landing burn 3 to 2 engines
starship-flight-12,post_launch,01:05:24,Landing burn 2 to 1 engine
starship-flight-12,post_launch,01:05:26,An exciting landing!
sl-10-47,pre_launch,00:38:00,SpaceX Launch Director verifies go for propellant load
sl-10-47,pre_launch,00:35:00,RP-1 (rocket grade kerosene) loading begins
sl-10-47,pre_launch,00:35:00,1st stage LOX (liquid oxygen) loading begins
sl-10-47,pre_launch,00:16:00,2nd stage LOX loading begins
sl-10-47,pre_launch,00:07:00,Falcon 9 begins engine chill prior to launch
sl-10-47,pre_launch,00:01:00,Command flight computer to begin final prelaunch checks
sl-10-47,pre_launch,00:01:00,Propellant tank pressurization to flight pressure begins
sl-10-47,pre_launch,00:00:45,SpaceX Launch Director verifies go for launch
sl-10-47,pre_launch,00:00:03,Engine controller commands engine ignition sequence to start
sl-10-47,pre_launch,00:00:00,Falcon 9 liftoff
sl-10-47,post_launch,00:01:11,Max Q (moment of peak mechanical stress on the rocket)
sl-10-47,post_launch,00:02:26,1st stage main engine cutoff (MECO)
sl-10-47,post_launch,00:02:29,1st and 2nd stages separate
sl-10-47,post_launch,00:02:36,2nd stage engine starts (SES-1)
sl-10-47,post_launch,00:02:57,Fairing separation
sl-10-47,post_launch,00:06:05,1st stage entry burn begins
sl-10-47,post_launch,00:06:27,1st stage entry burn ends
sl-10-47,post_launch,00:08:01,1st stage landing burn begins
sl-10-47,post_launch,00:08:23,1st stage landing
sl-10-47,post_launch,00:08:39,2nd stage engine cutoff (SECO-1)
sl-10-47,post_launch,00:52:04,2nd stage engine starts (SES-2)
sl-10-47,post_launch,00:52:06,2nd stage engine cutoff (SECO-2)
sl-10-47,post_launch,01:01:26,Starlink satellites deploy
sl-17-37,pre_launch,00:38:00,SpaceX Launch Director verifies go for propellant load
sl-17-37,pre_launch,00:35:00,RP-1 (rocket grade kerosene) loading begins
sl-17-37,pre_launch,00:35:00,1st stage LOX (liquid oxygen) loading begins
sl-17-37,pre_launch,00:16:00,2nd stage LOX loading begins
sl-17-37,pre_launch,00:07:00,Falcon 9 begins engine chill prior to launch
sl-17-37,pre_launch,00:01:00,Command flight computer to begin final prelaunch checks
sl-17-37,pre_launch,00:01:00,Propellant tank pressurization to flight pressure begins
sl-17-37,pre_launch,00:00:45,SpaceX Launch Director verifies go for launch
sl-17-37,pre_launch,00:00:03,Engine controller commands engine ignition sequence to start
sl-17-37,pre_launch,00:00:00,Falcon 9 liftoff
sl-17-37,post_launch,00:01:08,Max Q (moment of peak mechanical stress on the rocket)
sl-17-37,post_launch,00:02:26,1st stage main engine cutoff (MECO)
sl-17-37,post_launch,00:02:29,1st and 2nd stages separate
sl-17-37,post_launch,00:02:36,2nd stage engine starts (SES-1)
sl-17-37,post_launch,00:02:57,Fairing separation
sl-17-37,post_launch,00:05:58,1st stage entry burn begins
sl-17-37,post_launch,00:06:23,1st stage entry burn ends
sl-17-37,post_launch,00:07:58,1st stage landing burn begins
sl-17-37,post_launch,00:08:21,1st stage landing
sl-17-37,post_launch,00:08:40,2nd stage engine cutoff (SECO-1)
sl-17-37,post_launch,00:50:56,2nd stage engine starts (SES-2)
sl-17-37,post_launch,00:50:57,2nd stage engine cutoff (SECO-2)
sl-17-37,post_launch,00:59:48,Starlink satellites deploy
sl-10-53,pre_launch,00:38:00,SpaceX Launch Director verifies go for propellant load
sl-10-53,pre_launch,00:35:00,RP-1 (rocket grade kerosene) loading begins
sl-10-53,pre_launch,00:35:00,1st stage LOX (liquid oxygen) loading begins
sl-10-53,pre_launch,00:16:00,2nd stage LOX loading begins
sl-10-53,pre_launch,00:07:00,Falcon 9 begins engine chill prior to launch
sl-10-53,pre_launch,00:01:00,Command flight computer to begin final prelaunch checks
sl-10-53,pre_launch,00:01:00,Propellant tank pressurization to flight pressure begins
sl-10-53,pre_launch,00:00:45,SpaceX Launch Director verifies go for launch
sl-10-53,pre_launch,00:00:03,Engine controller commands engine ignition sequence to start
sl-10-53,pre_launch,00:00:00,Falcon 9 liftoff
sl-10-53,post_launch,00:01:11,Max Q (moment of peak mechanical stress on the rocket)
sl-10-53,post_launch,00:02:26,1st stage main engine cutoff (MECO)
sl-10-53,post_launch,00:02:29,1st and 2nd stages separate
sl-10-53,post_launch,00:02:36,2nd stage engine starts (SES-1)
sl-10-53,post_launch,00:02:58,Fairing separation
sl-10-53,post_launch,00:06:05,1st stage entry burn begins
sl-10-53,post_launch,00:06:26,1st stage entry burn ends
sl-10-53,post_launch,00:08:00,1st stage landing burn begins
sl-10-53,post_launch,00:08:22,1st stage landing
sl-10-53,post_launch,00:08:40,2nd stage engine cutoff (SECO-1)
sl-10-53,post_launch,00:52:04,2nd stage engine starts (SES-2)
sl-10-53,post_launch,00:52:05,2nd stage engine cutoff (SECO-2)
sl-10-53,post_launch,01:01:26,Starlink satellites deploy
sl-17-41,pre_launch,00:38:00,SpaceX Launch Director verifies go for propellant load
sl-17-41,pre_launch,00:35:00,RP-1 (rocket grade kerosene) loading begins
sl-17-41,pre_launch,00:35:00,1st stage LOX (liquid oxygen) loading begins
sl-17-41,pre_launch,00:16:00,2nd stage LOX loading begins
sl-17-41,pre_launch,00:07:00,Falcon 9 begins engine chill prior to launch
sl-17-41,pre_launch,00:01:00,Command flight computer to begin final prelaunch checks
sl-17-41,pre_launch,00:01:00,Propellant tank pressurization to flight pressure begins
sl-17-41,pre_launch,00:00:45,SpaceX Launch Director verifies go for launch
sl-17-41,pre_launch,00:00:03,Engine controller commands engine ignition sequence to start
sl-17-41,pre_launch,00:00:00,Falcon 9 liftoff
sl-17-41,post_launch,00:01:08,Max Q (moment of peak mechanical stress on the rocket)
sl-17-41,post_launch,00:02:26,1st stage main engine cutoff (MECO)
sl-17-41,post_launch,00:02:29,1st and 2nd stages separate
sl-17-41,post_launch,00:02:36,2nd stage engine starts (SES-1)
sl-17-41,post_launch,00:02:57,Fairing separation
sl-17-41,post_launch,00:05:59,1st stage entry burn begins
sl-17-41,post_launch,00:06:22,1st stage entry burn ends
sl-17-41,post_launch,00:07:55,1st stage landing burn begins
sl-17-41,post_launch,00:08:18,1st stage landing
sl-17-41,post_launch,00:08:40,2nd stage engine cutoff (SECO-1)
sl-17-41,post_launch,00:52:38,2nd stage engine starts (SES-2)
sl-17-41,post_launch,00:52:39,2nd stage engine cutoff (SECO-2)
sl-17-41,post_launch,01:01:30,Starlink satellites deploy
sl-17-54,pre_launch,00:38:00,SpaceX Launch Director verifies go for propellant load
sl-17-54,pre_launch,00:35:00,RP-1 (rocket grade kerosene) loading begins
sl-17-54,pre_launch,00:35:00,1st stage LOX (liquid oxygen) loading begins
sl-17-54,pre_launch,00:16:00,2nd stage LOX loading begins
sl-17-54,pre_launch,00:07:00,Falcon 9 begins engine chill prior to launch
sl-17-54,pre_launch,00:01:00,Command flight computer to begin final prelaunch checks
sl-17-54,pre_launch,00:01:00,Propellant tank pressurization to flight pressure begins
sl-17-54,pre_launch,00:00:45,SpaceX Launch Director verifies go for launch
sl-17-54,pre_launch,00:00:03,Engine controller commands engine ignition sequence to start
sl-17-54,pre_launch,00:00:00,Falcon 9 liftoff
sl-17-54,post_launch,00:01:08,Max Q (moment of peak mechanical stress on the rocket)
sl-17-54,post_launch,00:02:25,1st stage main engine cutoff (MECO)
sl-17-54,post_launch,00:02:29,1st and 2nd stages separate
sl-17-54,post_launch,00:02:36,2nd stage engine starts (SES-1)
sl-17-54,post_launch,00:02:57,Fairing separation
sl-17-54,post_launch,00:05:59,1st stage entry burn begins
sl-17-54,post_launch,00:06:23,1st stage entry burn ends
sl-17-54,post_launch,00:07:56,1st stage landing burn begins
sl-17-54,post_launch,00:08:19,1st stage landing
sl-17-54,post_launch,00:08:40,2nd stage engine cutoff (SECO-1)
sl-17-54,post_launch,00:52:54,2nd stage engine starts (SES-2)
sl-17-54,post_launch,00:52:56,2nd stage engine cutoff (SECO-2)
sl-17-54,post_launch,01:01:46,Starlink satellites deploy
sl-17-47,pre_launch,00:38:00,SpaceX Launch Director verifies go for propellant load
sl-17-47,pre_launch,00:35:00,RP-1 (rocket grade kerosene) loading begins
sl-17-47,pre_launch,00:35:00,1st stage LOX (liquid oxygen) loading begins
sl-17-47,pre_launch,00:16:00,2nd stage LOX loading begins
sl-17-47,pre_launch,00:07:00,Falcon 9 begins engine chill prior to launch
sl-17-47,pre_launch,00:01:00,Command flight computer to begin final prelaunch checks
sl-17-47,pre_launch,00:01:00,Propellant tank pressurization to flight pressure begins
sl-17-47,pre_launch,00:00:45,SpaceX Launch Director verifies go for launch
sl-17-47,pre_launch,00:00:03,Engine controller commands engine ignition sequence to start
sl-17-47,pre_launch,00:00:00,Falcon 9 liftoff
sl-17-47,post_launch,00:01:08,Max Q (moment of peak mechanical stress on the rocket)
sl-17-47,post_launch,00:02:26,1st stage main engine cutoff (MECO)
sl-17-47,post_launch,00:02:29,1st and 2nd stages separate
sl-17-47,post_launch,00:02:36,2nd stage engine starts (SES-1)
sl-17-47,post_launch,00:02:57,Fairing separation
sl-17-47,post_launch,00:05:59,1st stage entry burn begins
sl-17-47,post_launch,00:06:22,1st stage entry burn ends
sl-17-47,post_launch,00:07:55,1st stage landing burn begins
sl-17-47,post_launch,00:08:18,1st stage landing
sl-17-47,post_launch,00:08:40,2nd stage engine cutoff (SECO-1)
sl-17-47,post_launch,00:52:42,2nd stage engine starts (SES-2)
sl-17-47,post_launch,00:52:43,2nd stage engine cutoff (SECO-2)
sl-17-47,post_launch,01:01:34,Starlink satellites deploy
sl-10-43,pre_launch,00:38:00,SpaceX Launch Director verifies go for propellant load
sl-10-43,pre_launch,00:35:00,RP-1 (rocket grade kerosene) loading begins
sl-10-43,pre_launch,00:35:00,1st stage LOX (liquid oxygen) loading begins
sl-10-43,pre_launch,00:16:00,2nd stage LOX loading begins
sl-10-43,pre_launch,00:07:00,Falcon 9 begins engine chill prior to launch
sl-10-43,pre_launch,00:01:00,Command flight computer to begin final prelaunch checks
sl-10-43,pre_launch,00:01:00,Propellant tank pressurization to flight pressure begins
sl-10-43,pre_launch,00:00:45,SpaceX Launch Director verifies go for launch
sl-10-43,pre_launch,00:00:03,Engine controller commands engine ignition sequence to start
sl-10-43,pre_launch,00:00:00,Falcon 9 liftoff
sl-10-43,post_launch,00:01:10,Max Q (moment of peak mechanical stress on the rocket)
sl-10-43,post_launch,00:02:26,1st stage main engine cutoff (MECO)
sl-10-43,post_launch,00:02:29,1st and 2nd stages separate
sl-10-43,post_launch,00:02:36,2nd stage engine starts (SES-1)
sl-10-43,post_launch,00:02:58,Fairing separation
sl-10-43,post_launch,00:06:05,1st stage entry burn begins
sl-10-43,post_launch,00:06:27,1st stage entry burn ends
sl-10-43,post_launch,00:08:01,1st stage landing burn begins
sl-10-43,post_launch,00:08:23,1st stage landing
sl-10-43,post_launch,00:08:40,2nd stage engine cutoff (SECO-1)
sl-10-43,post_launch,00:51:21,2nd stage engine starts (SES-2)
sl-10-43,post_launch,00:51:22,2nd stage engine cutoff (SECO-2)
sl-10-43,post_launch,01:00:43,Starlink satellites deploy
sl-17-43,pre_launch,00:38:00,SpaceX Launch Director verifies go for propellant load
sl-17-43,pre_launch,00:35:00,RP-1 (rocket grade kerosene) loading begins
sl-17-43,pre_launch,00:35:00,1st stage LOX (liquid oxygen) loading begins
sl-17-43,pre_launch,00:16:00,2nd stage LOX loading begins
sl-17-43,pre_launch,00:07:00,Falcon 9 begins engine chill prior to launch
sl-17-43,pre_launch,00:01:00,Command flight computer to begin final prelaunch checks
sl-17-43,pre_launch,00:01:00,Propellant tank pressurization to flight pressure begins
sl-17-43,pre_launch,00:00:45,SpaceX Launch Director verifies go for launch
sl-17-43,pre_launch,00:00:03,Engine controller commands engine ignition sequence to start
sl-17-43,pre_launch,00:00:00,Falcon 9 liftoff
sl-17-43,post_launch,00:01:08,Max Q (moment of peak mechanical stress on the rocket)
sl-17-43,post_launch,00:02:27,1st stage main engine cutoff (MECO)
sl-17-43,post_launch,00:02:30,1st and 2nd stages separate
sl-17-43,post_launch,00:02:37,2nd stage engine starts (SES-1)
sl-17-43,post_launch,00:03:05,Fairing separation
sl-17-43,post_launch,00:06:03,1st stage entry burn begins
sl-17-43,post_launch,00:06:22,1st stage entry burn ends
sl-17-43,post_launch,00:07:54,1st stage landing burn begins
sl-17-43,post_launch,00:08:16,1st stage landing
sl-17-43,post_launch,00:08:40,2nd stage engine cutoff (SECO-1)
sl-17-43,post_launch,00:52:55,2nd stage engine starts (SES-2)
sl-17-43,post_launch,00:52:57,2nd stage engine cutoff (SECO-2)
sl-17-43,post_launch,01:01:47,Satellites deploy
sl-10-35,pre_launch,00:38:00,SpaceX Launch Director verifies go for propellant load
sl-10-35,pre_launch,00:35:00,RP-1 (rocket grade kerosene) loading begins
sl-10-35,pre_launch,00:35:00,1st stage LOX (liquid oxygen) loading begins
sl-10-35,pre_launch,00:16:00,2nd stage LOX loading begins
sl-10-35,pre_launch,00:07:00,Falcon 9 begins engine chill prior to launch
sl-10-35,pre_launch,00:01:00,Command flight computer to begin final prelaunch checks
sl-10-35,pre_launch,00:01:00,Propellant tank pressurization to flight pressure begins
sl-10-35,pre_launch,00:00:45,SpaceX Launch Director verifies go for launch
sl-10-35,pre_launch,00:00:03,Engine controller commands engine ignition sequence to start
sl-10-35,pre_launch,00:00:00,Falcon 9 liftoff
sl-10-35,post_launch,00:01:10,Max Q (moment of peak mechanical stress on the rocket)
sl-10-35,post_launch,00:02:30,1st stage main engine cutoff (MECO)
sl-10-35,post_launch,00:02:26,1st and 2nd stages separate
sl-10-35,post_launch,00:02:36,2nd stage engine starts (SES-1)
sl-10-35,post_launch,00:02:58,Fairing separation
sl-10-35,post_launch,00:06:03,1st stage entry burn begins
sl-10-35,post_launch,00:06:23,1st stage entry burn ends
sl-10-35,post_launch,00:08:01,1st stage landing burn begins
sl-10-35,post_launch,00:08:23,1st stage landing
sl-10-35,post_launch,00:08:40,2nd stage engine cutoff (SECO-1)
sl-10-35,post_launch,00:52:03,2nd stage engine starts (SES-2)
sl-10-35,post_launch,00:52:04,2nd stage engine cutoff (SECO-2)
sl-10-35,post_launch,01:01:25,Starlink satellites deploy
bluebird8-10,pre_launch,00:38:00,SpaceX Launch Director verifies go for propellant load
bluebird8-10,pre_launch,00:35:00,RP-1 (rocket grade kerosene) loading begins
bluebird8-10,pre_launch,00:35:00,1st stage LOX (liquid oxygen) loading begins
bluebird8-10,pre_launch,00:16:00,2nd stage LOX loading begins
bluebird8-10,pre_launch,00:07:00,Falcon 9 begins engine chill prior to launch
bluebird8-10,pre_launch,00:01:00,Command flight computer to begin final prelaunch checks
bluebird8-10,pre_launch,00:01:00,Propellant tank pressurization to flight pressure begins
bluebird8-10,pre_launch,00:00:45,SpaceX Launch Director verifies go for launch
bluebird8-10,pre_launch,00:00:03,Engine controller commands engine ignition sequence to start
bluebird8-10,pre_launch,00:00:00,Falcon 9 liftoff
bluebird8-10,post_launch,00:01:13,Max Q (moment of peak mechanical stress on the rocket)
bluebird8-10,post_launch,00:02:27,1st stage main engine cutoff (MECO)
bluebird8-10,post_launch,00:02:31,1st and 2nd stages separate
bluebird8-10,post_launch,00:02:39,2nd stage engine starts (SES-1)
bluebird8-10,post_launch,00:03:22,Fairing deployment
bluebird8-10,post_launch,00:06:16,1st stage entry burn begins
bluebird8-10,post_launch,00:06:39,1st stage entry burn ends
bluebird8-10,post_launch,00:08:02,1st stage landing burn begins
bluebird8-10,post_launch,00:08:30,2nd stage engine cutoff (SECO-1)
bluebird8-10,post_launch,00:08:32,1st stage landing
bluebird8-10,post_launch,00:46:00,2nd stage engine starts (SES-2)
bluebird8-10,post_launch,00:46:06,2nd stage engine cutoff (SECO-2)
bluebird8-10,post_launch,00:54:27,BlueBird 8 deploys
bluebird8-10,post_launch,00:59:47,BlueBird 9 deploys
bluebird8-10,post_launch,01:05:07,BlueBird 10 deploys
nrol179,pre_launch,00:38:00,SpaceX Launch Director verifies go for propellant load
nrol179,pre_launch,00:35:00,RP-1 (rocket grade kerosene) loading begins
nrol179,pre_launch,00:35:00,1st stage LOX (liquid oxygen) loading begins
nrol179,pre_launch,00:16:00,2nd stage LOX loading begins
nrol179,pre_launch,00:07:00,Falcon 9 begins engine chill prior to launch
nrol179,pre_launch,00:01:00,Command flight computer to begin final prelaunch checks
nrol179,pre_launch,00:01:00,Propellant tank pressurization to flight pressure begins
nrol179,pre_launch,00:00:45,SpaceX Launch Director verifies go for launch
nrol179,pre_launch,00:00:03,Engine controller commands engine ignition sequence to start
nrol179,pre_launch,00:00:00,Falcon 9 liftoff
nrol179,post_launch,00:01:02,Max Q (moment of peak mechanical stress on the rocket)
nrol179,post_launch,00:02:10,1st stage main engine cutoff (MECO)
nrol179,post_launch,00:02:14,1st and 2nd stages separate
nrol179,post_launch,00:02:22,2nd stage engine starts (SES-1)
nrol179,post_launch,00:02:56,Fairing separation
nrol179,post_launch,00:03:21,Boostback burn ends
nrol179,post_launch,00:06:01,1st stage entry burn begins
nrol179,post_launch,00:06:18,1st stage entry burn ends
nrol179,post_launch,00:07:18,1st stage landing burn begins
nrol179,post_launch,00:07:43,1st stage lands on Landing Zone 4
sl-17-28,pre_launch,00:38:00,SpaceX Launch Director verifies go for propellant load
sl-17-28,pre_launch,00:35:00,RP-1 (rocket grade kerosene) loading begins
sl-17-28,pre_launch,00:35:00,1st stage LOX (liquid oxygen) loading begins
sl-17-28,pre_launch,00:16:00,2nd stage LOX loading begins
sl-17-28,pre_launch,00:07:00,Falcon 9 begins engine chill prior to launch
sl-17-28,pre_launch,00:01:00,Command flight computer to begin final prelaunch checks
sl-17-28,pre_launch,00:01:00,Propellant tank pressurization to flight pressure begins
sl-17-28,pre_launch,00:00:45,SpaceX Launch Director verifies go for launch
sl-17-28,pre_launch,00:00:03,Engine controller commands engine ignition sequence to start
sl-17-28,pre_launch,00:00:00,Falcon 9 liftoff
sl-17-28,post_launch,00:01:09,Max Q (moment of peak mechanical stress on the rocket)
sl-17-28,post_launch,00:02:26,1st stage main engine cutoff (MECO)
sl-17-28,post_launch,00:02:30,1st and 2nd stages separate
sl-17-28,post_launch,00:02:37,2nd stage engine starts (SES-1)
sl-17-28,post_launch,00:02:58,Fairing separation
sl-17-28,post_launch,00:06:00,1st stage entry burn begins
sl-17-28,post_launch,00:06:23,1st stage entry burn ends
sl-17-28,post_launch,00:07:57,1st stage landing burn begins
sl-17-28,post_launch,00:08:20,1st stage landing
sl-17-28,post_launch,00:08:40,2nd stage engine cutoff (SECO-1)
sl-17-28,post_launch,00:54:58,2nd stage engine starts (SES-2)
sl-17-28,post_launch,00:54:59,2nd stage engine cutoff (SECO-2)
sl-17-28,post_launch,01:03:50,Starlink satellites deploy
sl-17-45,pre_launch,00:38:00,SpaceX Launch Director verifies go for propellant load
sl-17-45,pre_launch,00:35:00,RP-1 (rocket grade kerosene) loading begins
sl-17-45,pre_launch,00:35:00,1st stage LOX (liquid oxygen) loading begins
sl-17-45,pre_launch,00:16:00,2nd stage LOX loading begins
sl-17-45,pre_launch,00:07:00,Falcon 9 begins engine chill prior to launch
sl-17-45,pre_launch,00:01:00,Command flight computer to begin final prelaunch checks
sl-17-45,pre_launch,00:01:00,Propellant tank pressurization to flight pressure begins
sl-17-45,pre_launch,00:00:45,SpaceX Launch Director verifies go for launch
sl-17-45,pre_launch,00:00:03,Engine controller commands engine ignition sequence to start
sl-17-45,pre_launch,00:00:00,Falcon 9 liftoff
sl-17-45,post_launch,00:01:09,Max Q (moment of peak mechanical stress on the rocket)
sl-17-45,post_launch,00:02:26,1st stage main engine cutoff (MECO)
sl-17-45,post_launch,00:02:30,1st and 2nd stages separate
sl-17-45,post_launch,00:02:37,2nd stage engine starts (SES-1)
sl-17-45,post_launch,00:02:58,Fairing separation
sl-17-45,post_launch,00:06:00,1st stage entry burn begins
sl-17-45,post_launch,00:06:23,1st stage entry burn ends
sl-17-45,post_launch,00:07:57,1st stage landing burn begins
sl-17-45,post_launch,00:08:20,1st stage landing
sl-17-45,post_launch,00:08:40,2nd stage engine cutoff (SECO-1)
sl-17-45,post_launch,00:54:58,2nd stage engine starts (SES-2)
sl-17-45,post_launch,00:54:59,2nd stage engine cutoff (SECO-2)
sl-17-45,post_launch,01:03:50,Starlink satellites deploy
sl-17-44,pre_launch,00:38:00,SpaceX Launch Director verifies go for propellant load
sl-17-44,pre_launch,00:35:00,RP-1 (rocket grade kerosene) loading begins
sl-17-44,pre_launch,00:35:00,1st stage LOX (liquid oxygen) loading begins
sl-17-44,pre_launch,00:16:00,2nd stage LOX loading begins
sl-17-44,pre_launch,00:07:00,Falcon 9 begins engine chill prior to launch
sl-17-44,pre_launch,00:01:00,Command flight computer to begin final prelaunch checks
sl-17-44,pre_launch,00:01:00,Propellant tank pressurization to flight pressure begins
sl-17-44,pre_launch,00:00:45,SpaceX Launch Director verifies go for launch
sl-17-44,pre_launch,00:00:03,Engine controller commands engine ignition sequence to start
sl-17-44,pre_launch,00:00:00,Falcon 9 liftoff
sl-17-44,post_launch,00:01:08,Max Q (moment of peak mechanical stress on the rocket)
sl-17-44,post_launch,00:02:26,1st stage main engine cutoff (MECO)
sl-17-44,post_launch,00:02:29,1st and 2nd stages separate
sl-17-44,post_launch,00:02:36,2nd stage engine starts (SES-1)
sl-17-44,post_launch,00:02:57,Fairing deployment
sl-17-44,post_launch,00:05:59,1st stage entry burn begins
sl-17-44,post_launch,00:06:22,1st stage entry burn ends
sl-17-44,post_launch,00:07:55,1st stage landing burn begins
sl-17-44,post_launch,00:08:18,1st stage landing
sl-17-44,post_launch,00:08:40,2nd stage engine cutoff (SECO-1)
sl-17-44,post_launch,00:52:25,2nd stage engine starts (SES-2)
sl-17-44,post_launch,00:52:26,2nd stage engine cutoff (SECO-2)
sl-17-44,post_launch,01:01:17,Starlink satellites deploy
sl-10-54,pre_launch,00:38:00,SpaceX Launch Director verifies go for propellant load
sl-10-54,pre_launch,00:35:00,RP-1 (rocket grade kerosene) loading begins
sl-10-54,pre_launch,00:35:00,1st stage LOX (liquid oxygen) loading begins
sl-10-54,pre_launch,00:16:00,2nd stage LOX loading begins
sl-10-54,pre_launch,00:07:00,Falcon 9 begins engine chill prior to launch
sl-10-54,pre_launch,00:01:00,Command flight computer to begin final prelaunch checks
sl-10-54,pre_launch,00:01:00,Propellant tank pressurization to flight pressure begins
sl-10-54,pre_launch,00:00:45,SpaceX Launch Director verifies go for launch
sl-10-54,pre_launch,00:00:03,Engine controller commands engine ignition sequence to start
sl-10-54,pre_launch,00:00:00,Falcon 9 liftoff
sl-10-54,post_launch,00:01:11,Max Q (moment of peak mechanical stress on the rocket)
sl-10-54,post_launch,00:02:26,1st stage main engine cutoff (MECO)
sl-10-54,post_launch,00:02:29,1st and 2nd stages separate
sl-10-54,post_launch,00:02:36,2nd stage engine starts (SES-1)
sl-10-54,post_launch,00:02:59,Fairing separation
sl-10-54,post_launch,00:06:00,1st stage entry burn begins
sl-10-54,post_launch,00:06:22,1st stage entry burn ends
sl-10-54,post_launch,00:07:56,1st stage landing burn begins
sl-10-54,post_launch,00:08:19,1st stage landing
sl-10-54,post_launch,00:08:40,2nd stage engine cutoff (SECO-1)
sl-10-54,post_launch,00:54:10,2nd stage engine starts (SES-2)
sl-10-54,post_launch,00:54:11,2nd stage engine cutoff (SECO-2)
sl-10-54,post_launch,01:03:31,Starlink satellites deploy
